CASE_ID,ACCIDENT_YEAR,PROC_DATE,JURIS,COLLISION_DATE,COLLISION_TIME,OFFICER_ID,REPORTING_DISTRICT,DAY_OF_WEEK,CHP_SHIFT,POPULATION,CNTY_CITY_LOC,SPECIAL_COND,BEAT_TYPE,CHP_BEAT_TYPE,CITY_DIVISION_LAPD,CHP_BEAT_CLASS,BEAT_NUMBER,PRIMARY_RD,SECONDARY_RD,DISTANCE,DIRECTION,INTERSECTION,WEATHER_1,WEATHER_2,STATE_HWY_IND,CALTRANS_COUNTY,CALTRANS_DISTRICT,STATE_ROUTE,ROUTE_SUFFIX,POSTMILE_PREFIX,POSTMILE,LOCATION_TYPE,RAMP_INTERSECTION,SIDE_OF_HWY,TOW_AWAY,COLLISION_SEVERITY,NUMBER_KILLED,NUMBER_INJURED,PARTY_COUNT,PRIMARY_COLL_FACTOR,PCF_CODE_OF_VIOL,PCF_VIOL_CATEGORY,PCF_VIOLATION,PCF_VIOL_SUBSECTION,HIT_AND_RUN,TYPE_OF_COLLISION,MVIW,PED_ACTION,ROAD_SURFACE,ROAD_COND_1,ROAD_COND_2,LIGHTING,CONTROL_DEVICE,CHP_ROAD_TYPE,PEDESTRIAN_ACCIDENT,BICYCLE_ACCIDENT,MOTORCYCLE_ACCIDENT,TRUCK_ACCIDENT,NOT_PRIVATE_PROPERTY,ALCOHOL_INVOLVED,STWD_VEHTYPE_AT_FAULT,CHP_VEHTYPE_AT_FAULT,COUNT_SEVERE_INJ,COUNT_VISIBLE_INJ,COUNT_COMPLAINT_PAIN,COUNT_PED_KILLED,COUNT_PED_INJURED,COUNT_BICYCLIST_KILLED,COUNT_BICYCLIST_INJURED,COUNT_MC_KILLED,COUNT_MC_INJURED,PRIMARY_RAMP,SECONDARY_RAMP,LATITUDE,LONGITUDE,COUNTY,CITY,POINT_X,POINT_Y
91860719,2022,2022-09-09,9340,2022-08-31,1700,022877,,3,2,7,4313,0,1,1,,2,089,"I-880 S/B","BROKAW ROAD",165.00,S,N,A,-,Y,SCL,,880,,,5.320,H,,L,Y,3,0,1,3,A,-,01,23152,A,N,C,C,A,A,H,-,A,D,0,,,,,Y,Y,D,22,0,1,0,0,0,0,0,0,0,"- ","- ",37.381801605224609,-121.90442657470703,"SANTA CLARA","SAN JOSE",-121.90442657470703,37.381801605224609
9618816,2023,2023-12-04,4313,2023-10-19,"900 ",4340,FOOTH,4,5,7,4313,0,0,0,,0,0P4,"NEIMAN BL","WENDOVER LN",14.00,N,N,A,-,N,,,,,,,,,,N,3,0,2,2,A,-,03,22350,,N,C,C,A,A,H,-,A,A,0,,,,,Y,,A,01,0,1,1,0,0,0,0,0,0,"- ","- ",,,"SANTA CLARA","SAN JOSE",-121.7965087890625,37.304634094238281
9622684,2023,2023-11-03,4313,2023-09-20,1254,4478,K,3,5,7,4313,0,0,0,,0,006,"S 10TH ST","MARGARET ST",0.00,,Y,A,-,N,,,,,,,,,,N,4,0,1,2,A,-,12,22450,A,N,D,C,A,A,H,-,A,D,0,,,,,Y,,-,,0,0,1,0,0,0,0,0,0,"- ","- ",,,"SANTA CLARA","SAN JOSE",,
9642744,2023,2023-12-04,4300,2023-06-26,1300,1680,C3,1,5,5,4303,0,0,0,,0,74C2,"DE ANZA BL","MARIANI AV",0.00,,Y,A,-,N,,,,,,,,,,Y,3,0,1,2,A,-,17,21451,A,N,H,G,A,A,H,-,A,A,0,,Y,,,Y,,A,01,0,1,0,0,0,0,1,0,0,"- ","- ",37.328380584716797,-122.03337860107422,"SANTA CLARA",CUPERTINO,,
82028400,2023,2023-03-27,4316,2023-03-07,"825 ",16080,27,2,5,6,4316,0,0,0,,0,002,"ON-RAMP: CENTRAL EXPRESSWAY W/B FROM WOLFE RD","WOLFE ROAD",574.00,W,N,A,-,N,,,,,,,,,,N,4,0,3,3,A,-,03,22350,,N,C,C,A,A,H,-,A,D,0,,,,Y,Y,,F,26,0,0,3,0,0,0,0,0,0,"- ","- ",,,"SANTA CLARA",SUNNYVALE,-122.01295471191406,37.378208160400391
82125066,2023,2023-07-25,4308,2023-05-16,2046,268,,2,5,5,4308,0,0,0,,0,003,"ESCUELA PKWY","RUSSELL LN",0.00,,Y,A,-,N,,,,,,,,,,N,4,0,1,2,A,-,10,21950,A,N,G,B,C,A,H,-,C,D,0,Y,,,,Y,,A,07,0,0,1,0,1,0,0,0,0,"- ","- ",37.450389862060547,-121.89938354492188,"SANTA CLARA",MILPITAS,,
82233635,2023,2023-11-13,4314,2023-11-07,1449,M3725,43471,2,5,6,4314,0,0,0,,0,006,"CALLE DE ESCUELA","CALLE DE PRIMAVERA",0.00,,Y,A,-,N,,,,,,,,,,Y,4,0,1,3,A,-,05,21651,A,N,D,C,A,A,H,-,A,D,0,,,,,Y,,A,01,0,0,1,0,0,0,0,0,0,"- ","- ",37.404071807861328,-121.96357727050781,"SANTA CLARA","SANTA CLARA",,
9585270,2023,2023-05-26,4313,2023-04-09,"258 ",4913,LINCO,7,5,7,4313,0,0,0,,0,001,"S 6TH ST","HUMBOLDT ST",135.00,N,N,A,-,N,,,,,,,,,,Y,4,0,1,3,A,-,03,22350,,N,B,E,A,A,H,-,C,D,0,,,,,Y,,A,01,0,0,1,0,0,0,0,0,0,"- ","- ",,,"SANTA CLARA","SAN JOSE",-121.87215423583984,37.321117401123047
9586834,2022,2023-06-22,4300,2022-12-31,1904,2174,C7,6,5,5,4303,0,0,0,,0,81C6,"DE ANZA BL","RAINBOW DR",0.00,,Y,C,-,N,,,,,,,,,,N,4,0,1,2,A,-,12,21453,A,N,D,C,A,B,H,-,C,A,0,,,,,Y,,A,01,0,0,1,0,0,0,0,0,0,"- ","- ",37.299598693847656,-122.03220367431641,"SANTA CLARA",CUPERTINO,-122.03233337402344,37.299484252929688
9593655,2023,2023-08-22,4313,2023-05-27,1321,4496,VICTO,6,5,7,4313,0,0,0,,0,51V4,"N 14TH ST","E JULIAN ST",9.00,S,N,A,-,N,,,,,,,,,,N,3,0,3,2,A,-,09,21802,A,N,D,C,A,A,H,-,A,-,0,,,,,Y,Y,A,01,0,3,0,0,0,0,0,0,0,"- ","- ",,,"SANTA CLARA","SAN JOSE",-121.88043212890625,37.346889495849609
9596235,2023,2023-07-21,4313,2023-06-30,2101,4987,,5,5,7,4313,0,0,0,,0,0W1,"PIEDMONT RD","FIFE WY",0.00,,-,A,-,N,,,,,,,,,,N,4,0,1,2,A,-,09,21801,,N,E,B,E,A,H,-,B,D,0,Y,,,,Y,Y,-,,0,0,1,0,1,0,0,0,0,"- ","- ",,,"SANTA CLARA","SAN JOSE",,
9599627,2023,2023-08-21,4313,2023-07-04,1732,4991,CENTR,2,5,7,4313,0,0,0,,0,0R1,"MONTAGUE EXPWY","RIVER OAKS PKWY",24.00,E,N,A,-,N,,,,,,,,,,Y,3,0,2,2,A,-,12,21453,A,N,D,C,A,A,H,-,A,A,0,,,,,Y,,A,01,0,2,0,0,0,0,0,0,0,"- ","- ",,,"SANTA CLARA","SAN JOSE",-121.92414855957031,37.397167205810547
9599636,2023,2023-09-07,4313,2023-07-09,"204 ",5079,FRANK,7,5,7,4313,0,0,0,,0,0F3,"GARDEN DR","NAGLEE AV",3.00,N,N,A,-,N,,,,,,,,,,Y,4,0,2,1,A,-,03,22350,,N,A,-,A,A,H,-,C,A,0,,,,,Y,Y,A,01,0,0,2,0,0,0,0,0,0,"- ","- ",,,"SANTA CLARA","SAN JOSE",-121.92874908447266,37.330375671386719
9538177,2022,2023-01-18,4313,2022-11-30,1250,3996,NORA,3,5,7,4313,0,0,0,,0,006,"SARATOGA AV","ATHERTON AV",0.00,,Y,A,-,N,,,,,,,,,,Y,4,0,2,2,A,-,09,21802,A,N,D,C,A,A,H,-,A,A,0,,,,,Y,,-,,0,0,2,0,0,0,0,0,0,"- ","- ",,,"SANTA CLARA","SAN JOSE",-121.98828887939453,37.295082092285156
9538395,2022,2023-01-20,4313,2022-10-13,1530,3855,DT,4,5,7,4313,0,0,0,,0,0T5,"W CAPITOL EX","RT 87",0.00,,Y,A,-,Y,SCL,4,87,-,-,1.536,R,4,S,N,4,0,1,2,A,-,03,22350,,N,C,C,A,A,H,-,A,A,0,,,,,Y,,-,,0,0,1,0,0,0,0,0,0,"- ",SF,37.162868499755859,-121.51493835449219,"SANTA CLARA","SAN JOSE",-121.86393737792969,37.277015686035156
9540589,2022,2023-02-07,4313,2022-12-03,1415,4769,ADMA,6,5,7,4313,0,0,0,,0,0A3,"SANCHEZ DR","CHERRY AV",0.00,,Y,B,C,N,,,,,,,,,,Y,3,0,1,1,A,-,03,22350,,N,F,I,A,B,G,-,A,-,0,,,,,Y,,-,,0,1,0,0,0,0,0,0,0,"- ","- ",,,"SANTA CLARA","SAN JOSE",-121.87055969238281,37.256553649902344
9558785,2023,2023-03-22,4313,2023-01-28,"835 ",5082,DS,6,5,7,4313,0,0,0,,0,0S2,"LEIGH AV","HAMILTON AV",0.00,,Y,A,-,N,,,,,,,,,,Y,3,0,1,3,A,-,12,21453,A,N,A,C,A,A,H,-,A,A,0,,,,,Y,,-,,0,1,0,0,0,0,0,0,0,"- ","- ",,,"SANTA CLARA","SAN JOSE",,
9570554,2023,2023-05-17,4305,2023-03-06,1644,10382,,1,5,4,4305,0,0,0,,0,23-022,"EL CAMINO REAL","DEL MEDIO",0.00,,Y,A,-,Y,SCL,4,82,-,-,22.102,I,5,S,N,4,0,1,2,A,-,03,22350,,N,C,C,A,A,H,-,A,A,0,,,,,Y,,A,01,0,0,1,0,0,0,0,0,0,"- ","- ",37.403598785400391,-122.11683654785156,"SANTA CLARA","LOS ALTOS",-122.11702728271484,37.403526306152344
9581763,2023,2023-05-26,4313,2023-04-10,1634,4432,FOOTH,1,5,7,4313,0,0,0,,0,0M2,"JOSE FIGUERES","EL RANCHO VERDE",0.00,,Y,A,-,N,,,,,,,,,,Y,3,0,1,2,A,-,03,22350,,N,B,E,A,A,H,-,A,D,0,,,,,Y,,A,01,0,1,0,0,0,0,0,0,0,"- ","- ",,,"SANTA CLARA","SAN JOSE",,
9470454,2023,2023-10-13,4313,2023-09-01,"918 ",4412,WESTE,5,5,7,4313,0,0,0,,0,0L6,"TULLY RD","ZACHARY WY",0.00,,Y,A,-,N,,,,,,,,,,N,4,0,1,2,A,-,08,22107,,N,B,C,A,A,H,-,A,A,0,,,,,Y,,-,,0,0,1,0,0,0,0,0,0,"- ","- ",,,"SANTA CLARA","SAN JOSE",,
9471031,2023,2023-12-09,4313,2023-10-05,1936,4730,LINCO,4,5,7,4313,0,0,0,,0,001,"SENTER RD","PHELAN AV",0.00,,Y,A,-,N,,,,,,,,,,N,3,0,1,2,A,-,03,22350,,F,A,B,D,A,H,-,C,A,0,Y,,,,Y,,-,,0,1,0,0,1,0,0,0,0,"- ","- ",,,"SANTA CLARA","SAN JOSE",,
9510803,2022,2022-12-23,4305,2022-11-06,2127,10389,1304,7,5,4,4305,0,0,0,,0,LA1,"B SAN ANTONIO RD","MOUNT HAMILTON AV",35.00,S,N,C,-,N,,,,,,,,,,N,3,0,1,2,A,-,05,21651,B,N,A,C,A,B,H,-,C,D,0,,,,,Y,,A,01,0,1,0,0,0,0,0,0,0,"- ","- ",,,"SANTA CLARA","LOS ALTOS",-122.11423492431641,37.383182525634766
9515163,2022,2022-12-05,4313,2022-10-07,1430,4686,WESTE,5,5,7,4313,0,0,0,,0,0L4,"S 10TH ST","BURKE ST",0.00,,N,A,-,N,,,,,,,,,,Y,4,0,1,2,A,-,09,21800,,N,D,C,A,A,H,-,A,D,0,,,,,Y,,-,,0,0,1,0,0,0,0,0,0,"- ","- ",,,"SANTA CLARA","SAN JOSE",-121.85496520996094,37.308753967285156
9534897,2022,2023-02-07,4313,2022-12-16,2149,4870,"SAN J",5,5,7,4313,0,0,0,,0,0Y4,"GREAT OAKS BL","RT 85",0.00,,Y,A,-,Y,SCL,4,85,-,-,0.811,R,4,N,Y,3,0,4,2,A,-,03,22350,,N,A,C,A,A,H,-,E,A,0,,,,,Y,,A,07,0,2,2,0,0,0,0,0,0,"- ",NO,,,"SANTA CLARA","SAN JOSE",-121.78362274169922,37.240123748779297
9538146,2022,2023-01-26,4313,2022-11-24,1719,4720,MARY,4,5,7,4313,0,0,0,,0,0M1,"NORTH KING RD","MCKEE RD",0.00,,Y,A,-,N,,,,,,,,,,N,4,0,5,2,A,-,04,21703,,F,C,C,A,A,H,-,C,-,0,,,,,Y,,-,,0,0,5,0,0,0,0,0,0,"- ","- ",37.212898254394531,-121.51389312744141,"SANTA CLARA","SAN JOSE",-121.86076354980469,37.358047485351562
9403855,2022,2022-03-16,4313,2022-02-23,1401,4553,ADAM,3,5,7,4313,0,0,0,,0,003,"ALMADEN EXPWY","BLOSSOM HILL RD",0.00,,Y,A,-,N,,,,,,,,,,Y,4,0,2,3,A,-,01,23152,,N,-,C,A,A,H,-,A,-,0,,,,,Y,,-,,0,0,2,0,0,0,0,0,0,"- ","- ",37.152900695800781,-121.52313232421875,"SANTA CLARA","SAN JOSE",-121.87517547607422,37.250728607177734
9412781,2022,2022-03-08,4313,2022-01-30,0740,4991,SOUTH,7,5,7,4313,0,0,0,,0,56X5,"MONTEREY RD","POLE 18Q356",87.00,N,N,A,-,N,,,,,,,,,,Y,4,0,1,2,A,-,09,21801,A,N,A,C,A,A,H,-,A,A,0,,,,,Y,,-,,0,0,1,0,0,0,0,0,0,"- ","- ",37.153690338134766,-121.48367309570312,"SANTA CLARA","SAN JOSE",,
9413672,2022,2022-02-23,4312,2022-02-09,0918,808733,80500,3,5,5,4312,0,0,0,,0,PA2,"ALMA ST","HAMILTON AV",0.00,,Y,A,-,N,,,,,,,,,,N,3,0,1,2,A,-,03,22350,,N,D,C,A,A,H,-,A,A,0,,,,,Y,,-,,0,1,0,0,0,0,0,0,0,"- ","- ",37.442668914794922,-122.16275787353516,"SANTA CLARA","PALO ALTO",-122.16275024414062,37.442672729492188
9422743,2022,2022-04-01,4313,2022-03-07,1600,4986,FOOTH,1,5,7,4313,0,0,0,,0,0M5,"ALUM ROCK AV","MUIRFIELD DR",0.00,,Y,A,-,N,,,,,,,,,,N,3,0,1,2,A,-,08,22107,,N,C,C,A,A,-,-,A,A,0,,,Y,,Y,,-,,0,1,0,0,0,0,0,0,1,"- ","- ",,,"SANTA CLARA","SAN JOSE",-121.83799743652344,37.361042022705078
9443657,2022,2022-05-12,4304,2022-04-16,1952,239,4304,6,5,4,4304,0,0,0,,0,001,"DOWDY ST","7TH ST",0.00,,Y,A,-,N,,,,,,,,,,Y,3,0,1,3,A,-,01,23152,A,N,B,E,A,A,H,-,B,A,0,,,,,Y,Y,A,01,0,1,0,0,0,0,0,0,0,"- ","- ",37.003318786621094,-121.57408142089844,"SANTA CLARA",GILROY,-121.57403564453125,37.003410339355469
9450904,2022,2022-06-17,4313,2022-05-29,2131,4822,VICTO,7,5,7,4313,0,0,0,,0,004,"S 15TH ST","E SANTA CLARA ST",0.00,,Y,A,-,N,,,,,,,,,,N,4,0,1,2,A,-,08,22107,,F,D,C,A,A,H,-,C,A,0,,,,,Y,,-,,0,0,1,0,0,0,0,0,0,"- ","- ",37.203468322753906,-121.52345275878906,"SANTA CLARA","SAN JOSE",-121.876220703125,37.342979431152344
92271066,2023,2023-12-26,9340,2023-12-14,2155,023458,,4,2,5,4308,0,1,1,,2,089,"I-880 N/B","DIXON LANDING RD",4759.00,S,N,A,-,Y,SCL,,880," "," ",9.516,H,,R,N,4,0,1,2,A,-,03,22350,,N,C,C,A,A,H,-,C,D,0,,,,,Y,,A,07,0,0,1,0,0,0,0,0,0,"- ","- ",37.441261291503906,-121.92015075683594,"SANTA CLARA",MILPITAS,-121.92024230957031,37.441246032714844
92278233,2023,2024-01-03,9340,2023-12-23,1030,023402,,6,1,7,4313,0,1,1,,2,089,"I-880 N/B","MONTAGUE EXPY",175.00,S,N,A,-,Y,SCL,,880," "," ",6.657,H,,R,Y,4,0,1,2,A,-,03,22350,,N,C,C,A,A,H,-,A,D,0,,,,,Y,,A,01,0,0,1,0,0,0,0,0,0,"- ","- ",37.400959014892578,-121.90870666503906,"SANTA CLARA","SAN JOSE",-121.90876770019531,37.400951385498047
91992847,2023,2023-02-13,9340,2023-01-28,1527,020684,,6,2,7,4313,0,1,3,,2,230,"SR-237 W/B FROM GREAT AMERICA PARKWAY","GREAT AMERICA PKY",124.00,W,N,A,-,Y,,,,,,,,,,N,3,0,1,1,A,-,03,22350,,N,F,A,A,A,H,-,A,D,0,,Y,,,Y,,L,04,0,1,0,0,0,0,1,0,0,"- ","- ",37.416038513183594,-121.97812652587891,"SANTA CLARA","SAN JOSE",-121.97812652587891,37.416038513183594
92030642,2023,2023-03-28,9340,2023-03-18,"405 ",022968,,6,3,7,4313,0,1,2,,2,120,"US-101 N/B","GREAT AMERICA PKY",1683.00,N,N,A,-,Y,SCL,,101," "," ",43.075,H,,R,Y,3,0,3,1,A,-,01,23153,A,N,E,I,A,A,H,-,D,D,0,,,,,Y,Y,A,01,0,3,0,0,0,0,0,0,0,"- ","- ",37.387340545654297,-121.98252105712891,"SANTA CLARA","SAN JOSE",-121.98247528076172,37.387443542480469
92091842,2023,2023-06-12,9725,2023-06-02,1740,020120,,5,2,9,4300,0,3,5,,2,001,"FRAZIER LAKE RD.","PACHECO CT.",3696.00,S,N,A,-,N,,,,,,,,,,N,4,0,1,2,A,-,03,22350,,N,C,C,A,A,H,-,A,D,0,,,,,Y,,D,22,0,0,1,0,0,0,0,0,0,"- ","- ",36.989540100097656,-121.51777648925781,"SANTA CLARA",UNINCORPORATED,-121.51812744140625,36.990032196044922
92148481,2023,2023-08-21,9725,2023-08-11,1355,022112,,5,1,9,4300,0,1,2,,1,010,"US-101 N/B",SR-25,2500.00,S,N,A,-,Y,SCL,,101," "," ",3.105,H,,R,N,4,0,1,2,A,-,03,22350,,N,C,C,A,A,H,-,A,A,0,,,,,Y,,-,"- ",0,0,1,0,0,0,0,0,0,"- ","- ",36.960468292236328,-121.55091857910156,"SANTA CLARA",UNINCORPORATED,-121.55096435546875,36.960472106933594
92225272,2023,2023-11-01,9340,2023-10-20,1755,022618,,5,2,7,4313,0,1,3,,2,083,"SR-85 S/B","DENT AVENUE PED OVERCROSSING",50.00,S,N,A,-,Y,SCL,,85," "," ",7.485,H,,L,Y,4,0,1,3,A,-,03,22350,,N,C,C,A,A,H,-,A,D,0,,,,,Y,,D,22,0,0,1,0,0,0,0,0,0,"- ","- ",37.250530242919922,-121.89875793457031,"SANTA CLARA","SAN JOSE",-121.89875793457031,37.250553131103516
92262991,2023,2023-12-15,9340,2023-12-07,"700 ",023512,,4,1,7,4313,0,1,2,,2,110,"US-101 N/B","N 10TH ST",180.00,N,N,B,-,Y,SCL,,101," "," ",38.134,H,,R,N,4,0,1,2,A,-,03,22350,,N,C,C,A,B,H,-,A,D,0,,,,,Y,,A,01,0,0,1,0,0,0,0,0,0,"- ","- ",37.363761901855469,-121.89897155761719,"SANTA CLARA","SAN JOSE",-121.89897155761719,37.363773345947266
91702169,2022,2022-02-16,9340,2022-02-09,1615,021885,,3,2,7,4313,0,1,1,,2,681,"I-680 N/B","MABURY RD",50.00,N,N,A,-,Y,SCL,,680,,M,3.158,H,,R,Y,3,0,2,2,A,-,03,22350,,N,C,C,A,A,H,-,A,D,0,,,,,Y,,A,01,0,1,1,0,0,0,0,0,0,"- ","- ",37.376899719238281,-121.85500335693359,"SANTA CLARA","SAN JOSE",-121.85498046875,37.376911163330078
91751242,2022,2022-04-19,9725,2022-04-14,0220,022571,,4,3,9,4300,0,1,2,,2,011,"US-101 S/B","MASTEN AVE",2376.00,S,N,A,-,Y,SCL,,101,,R,9.665,H,,L,Y,4,0,1,2,A,-,03,22350,,M,C,C,A,A,H,-,D,D,0,,,,,Y,,-,99,0,0,1,0,0,0,0,0,0,"- ","- ",37.051010131835938,-121.58123016357422,"SANTA CLARA",UNINCORPORATED,-121.58113861083984,37.051036834716797
91826226,2022,2022-07-27,9340,2022-07-15,1730,022969,,5,2,5,4308,0,1,3,,2,240,"SR-237 W/B","MCCARTHY BLVD",400.00,W,N,A,-,Y,SCL,,237,,R,8.852,H,,L,N,4,0,3,3,A,-,03,22350,,N,C,C,A,A,H,-,A,D,0,,,,,Y,,D,22,0,0,3,0,0,0,0,0,0,"- ","- ",37.423061370849609,-121.92485046386719,"SANTA CLARA",MILPITAS,-121.92486572265625,37.423091888427734
91827292,2022,2022-07-28,9340,2022-07-18,1545,022963,,1,2,7,4313,0,1,3,,2,083,"SR-85 S/B FROM SANTA TERESA BOULEVARD","SANTA TERESA BLVD",700.00,S,N,A,-,Y,SCL,,85,,,5.095,H,,L,Y,3,0,1,2,A,-,03,22350,,N,C,C,A,A,H,-,A,A,0,,,,,Y,,A,01,0,1,0,0,0,0,0,0,0,"- ","- ",37.255340576171875,-121.85640716552734,"SANTA CLARA","SAN JOSE",-121.85640716552734,37.255348205566406
91830016,2022,2022-10-03,9340,2022-07-22,1105,022668,,5,1,7,4313,0,1,2,,2,120,"US-101 N/B",I-880,365.00,N,N,A,-,Y,SCL,,101,,,38.381,H,,R,N,4,0,1,2,A,-,08,22107,,N,B,C,A,A,H,-,A,D,0,,,,Y,Y,,-,"- ",0,0,1,0,0,0,0,0,0,"- ","- ",37.364761352539062,-121.90316009521484,"SANTA CLARA","SAN JOSE",-121.90316009521484,37.364753723144531
91987437,2023,2023-02-06,9340,2023-01-27,1645,023149,,5,2,5,4303,0,1,3,,2,085,"SR-85 S/B","HOMESTEAD RD",200.00,S,N,A,-,Y,SCL,,85," ",R,18.843,H,,L,Y,4,0,1,3,A,-,08,22107,,N,B,C,A,A,H,-,A,D,0,,,,,Y,Y,A,01,0,0,1,0,0,0,0,0,0,"- ","- ",37.3372802734375,-122.05964660644531,"SANTA CLARA",CUPERTINO,-122.05965423583984,37.3372802734375
9676364,2023,2024-03-11,4310,2023-12-20,1213,293,43635,3,5,4,4310,0,0,0,,0,001,"JARVIS DR","SUTTER BL",0.00,,Y,A,B,N,,,,,,,,,,N,3,0,1,2,A,-,12,22450,A,N,D,C,A,B,H,-,A,D,0,,,,,Y,,A,01,0,1,0,0,0,0,0,0,0,"- ","- ",37.148128509521484,-121.65528106689453,"SANTA CLARA","MORGAN HILL",,
82056219,2023,2023-04-28,4316,2023-04-04,"826 ",15234,12,2,5,6,4316,0,0,0,,0,001,"WOLFE ROAD","KIFER ROAD",0.00,,Y,A,-,N,,,,,,,,,,N,3,0,1,2,A,-,08,22107,,M,B,G,A,A,H,-,A,A,0,,Y,,,Y,,A,07,0,1,0,0,0,0,1,0,0,"- ","- ",,,"SANTA CLARA",SUNNYVALE,,
82119452,2023,2023-07-18,4308,2023-06-19,"304 ",346,,1,5,5,4308,0,0,0,,0,002,"MONTAGUE EXPY","PECTEN CT",446.00,E,N,A,-,Y,,,,,,,,,,N,3,0,1,1,A,-,01,23152,A,N,E,I,A,A,H,-,C,A,0,,,,,Y,,A,01,0,1,0,0,0,0,0,0,0,"- ","- ",37.413639068603516,-121.88239288330078,"SANTA CLARA",MILPITAS,-121.88238525390625,37.413692474365234
82130151,2023,2023-07-28,4302,2023-01-09,"715 ",112,4302,1,5,4,4302,0,0,0,,0,002,"HAMILTON AVE","DARRYL DR",0.00,,Y,A,-,N,,,,,,,,,,N,2,0,1,2,A,-,12,21453,A,N,B,G,A,B,H,-,A,D,0,,Y,,,Y,,A,01,1,0,0,0,0,0,1,0,0,"- ","- ",,,"SANTA CLARA",CAMPBELL,,
82140260,2023,2023-08-10,4314,2023-08-08,1955,R0514,43471,2,5,6,4314,0,0,0,,0,004,"MONROE ST","AMETHYST DR",0.00,,Y,A,-,N,,,,,,,,,,Y,3,0,1,2,A,-,09,21802,A,N,D,C,A,A,H,-,A,D,0,,,Y,,Y,,A,01,0,1,0,0,0,0,0,0,1,"- ","- ",37.362819671630859,-121.97756195068359,"SANTA CLARA","SANTA CLARA",,
91701369,2022,2022-02-15,9340,2022-02-07,2335,022315,,1,3,9,4300,0,3,5,,2,070,"S. BASCOM AVENUE","ELLIOTT ST",300.00,S,N,A,-,N,,,,,,,,,,Y,4,0,1,2,A,-,08,22107,,M,C,C,A,A,H,-,C,D,0,,,,,Y,,-,"- ",0,0,1,0,0,0,0,0,0,"- ","- ",37.320968627929688,-121.93163299560547,"SANTA CLARA",UNINCORPORATED,-121.93195343017578,37.320835113525391
9632934,2023,2023-11-17,4300,2023-07-16,2023,1882,L1,7,5,2,4306,0,0,0,,0,89C4,"PURISSIMA RD","LA PALOMA RD",218.00,N,N,A,-,N,,,,,,,,,,,4,0,1,1,A,-,03,22350,,N,H,J,A,A,H,-,A,D,0,,Y,,,Y,,L,04,0,0,1,0,0,0,1,0,0,"- ","- ",37.368221282958984,-122.13726043701172,"SANTA CLARA","LOS ALTOS HILLS",-122.13740539550781,37.369144439697266
9636511,2023,2023-11-20,4300,2023-02-21,"953 ",2184,S8,2,5,4,4315,0,0,0,,0,75S2,"SARATOGA AV","MCFARLAND AV",125.00,N,N,A,-,N,,,,,,,,,,Y,4,0,1,2,A,-,03,22350,,N,C,C,A,A,D,-,A,D,0,,,,,Y,,D,22,0,0,1,0,0,0,0,0,0,"- ","- ",37.27996826171875,-122.00440979003906,"SANTA CLARA",SARATOGA,-122.00408172607422,37.280246734619141
9637500,2023,2024-02-16,4311,2023-10-15,1245,57193,5310,7,5,5,4311,0,0,0,,0,MV1,"WEST EL CAMINO REAL","BONITA AV",270.00,E,N,A,-,Y,SCL,4,82,-,-,19.690,H,-,S,Y,3,0,1,3,A,-,03,22350,,N,C,C,A,A,H,-,A,D,0,,,,,Y,,A,01,0,1,0,0,0,0,0,0,0,"- ","- ",37.383579254150391,-122.08017730712891,"SANTA CLARA","MOUNTAIN VIEW",-122.08115386962891,37.384304046630859
9654696,2023,2024-01-22,4313,2023-11-08,"900 ",4816,NORA,3,5,7,4313,0,0,0,,0,003,"SARATOGA AV","PIPER DR",0.00,,Y,A,-,N,,,,,,,,,,N,4,0,1,2,A,-,09,21804,,N,-,C,A,A,H,-,A,A,0,,,,,Y,,A,01,0,0,1,0,0,0,0,0,0,"- ","- ",,,"SANTA CLARA","SAN JOSE",,
9662097,2023,2024-02-05,4313,2023-12-10,"209 ",4824,DX,7,5,7,4313,0,0,0,,0,0X3,"VERDI DR","SYLVANDALE AV",0.00,,Y,A,-,N,,,,,,,,,,Y,4,0,1,2,A,-,03,22350,,N,D,C,A,A,H,-,D,-,0,,,,,Y,,-,"- ",0,0,1,0,0,0,0,0,0,"- ","- ",,,"SANTA CLARA","SAN JOSE",,
9672185,2023,2024-02-28,4313,2023-12-29,2200,4464,WILLI,5,5,7,4313,0,0,0,,0,003,"STORY RD","WATTERS DR",51.00,S,N,C,-,N,,,,,,,,,,N,4,0,1,1,A,-,03,22350,,N,A,I,A,B,H,-,C,D,0,,,,,Y,,-,,0,0,1,0,0,0,0,0,0,"- ","- ",37.214981079101562,-121.48338317871094,"SANTA CLARA","SAN JOSE",-121.80952453613281,37.363819122314453
9558693,2023,2023-03-21,4313,2023-02-15,1530,4932,ADAM,3,5,7,4313,0,0,0,,0,005,"CAMDEN AV","LITTLE FALLS DR",0.00,,Y,A,-,N,,,,,,,,,,Y,4,0,2,2,A,-,09,21800,A,N,D,-,A,A,H,-,A,A,0,,,,,Y,,A,01,0,0,2,0,0,0,0,0,0,"- ","- ",,,"SANTA CLARA","SAN JOSE",,
9558999,2023,2023-04-05,4313,2023-02-01,1304,5046,FRANK,3,5,7,4313,0,0,0,,0,003,"SOUTH WINCHESTER BL","TISCH WY",0.00,,Y,A,-,N,,,,,,,,,,Y,4,0,1,2,A,-,08,22107,,N,B,C,A,A,H,-,A,A,0,,,,,Y,,-,,0,0,1,0,0,0,0,0,0,"- ","- ",37.192161560058594,-121.57058715820312,"SANTA CLARA","SAN JOSE",,