CASE_ID,ACCIDENT_YEAR,PROC_DATE,JURIS,COLLISION_DATE,COLLISION_TIME,OFFICER_ID,REPORTING_DISTRICT,DAY_OF_WEEK,CHP_SHIFT,POPULATION,CNTY_CITY_LOC,SPECIAL_COND,BEAT_TYPE,CHP_BEAT_TYPE,CITY_DIVISION_LAPD,CHP_BEAT_CLASS,BEAT_NUMBER,PRIMARY_RD,SECONDARY_RD,DISTANCE,DIRECTION,INTERSECTION,WEATHER_1,WEATHER_2,STATE_HWY_IND,CALTRANS_COUNTY,CALTRANS_DISTRICT,STATE_ROUTE,ROUTE_SUFFIX,POSTMILE_PREFIX,POSTMILE,LOCATION_TYPE,RAMP_INTERSECTION,SIDE_OF_HWY,TOW_AWAY,COLLISION_SEVERITY,NUMBER_KILLED,NUMBER_INJURED,PARTY_COUNT,PRIMARY_COLL_FACTOR,PCF_CODE_OF_VIOL,PCF_VIOL_CATEGORY,PCF_VIOLATION,PCF_VIOL_SUBSECTION,HIT_AND_RUN,TYPE_OF_COLLISION,MVIW,PED_ACTION,ROAD_SURFACE,ROAD_COND_1,ROAD_COND_2,LIGHTING,CONTROL_DEVICE,CHP_ROAD_TYPE,PEDESTRIAN_ACCIDENT,BICYCLE_ACCIDENT,MOTORCYCLE_ACCIDENT,TRUCK_ACCIDENT,NOT_PRIVATE_PROPERTY,ALCOHOL_INVOLVED,STWD_VEHTYPE_AT_FAULT,CHP_VEHTYPE_AT_FAULT,COUNT_SEVERE_INJ,COUNT_VISIBLE_INJ,COUNT_COMPLAINT_PAIN,COUNT_PED_KILLED,COUNT_PED_INJURED,COUNT_BICYCLIST_KILLED,COUNT_BICYCLIST_INJURED,COUNT_MC_KILLED,COUNT_MC_INJURED,PRIMARY_RAMP,SECONDARY_RAMP,LATITUDE,LONGITUDE,COUNTY,CITY,POINT_X,POINT_Y
92138443,2023,2023-08-08,9340,2023-07-27,1930,022963,,4,2,7,4313,0,1,2,,2,120,"US-101 N/B FROM OLD BAYSHORE HWY","OLD BAYSHORE HWY",17.00,N,N,A,-,Y,,,,,,,,,,N,3,0,1,2,A,-,09,21801,A,N,D,G,A,A,H,-,A,D,0,,Y,,,Y,,A,01,0,1,0,0,0,0,1,0,0,"- ","- ",37.369010925292969,-121.90815734863281,"SANTA CLARA","SAN JOSE",-121.90815734863281,37.369010925292969
92138709,2023,2023-08-08,9340,2023-07-31,1130,023374,,1,1,7,4313,0,1,1,,2,089,"I-880 S/B",US-101,462.00,N,N,A,-,Y,SCL,,880," "," ",4.170,H,,L,Y,3,0,1,2,A,-,03,22350,,N,C,C,A,A,H,-,A,D,0,,,,Y,Y,,A,01,0,1,0,0,0,0,0,0,0,"- ","- ",37.365631103515625,-121.90145874023438,"SANTA CLARA","SAN JOSE",-121.90141296386719,37.365623474121094
92138867,2023,2023-08-08,9340,2023-07-28,1055,023170,,5,1,7,4313,0,1,2,,2,110,"US-101 N/B","TULLY RD",1925.00,S,N,A,-,Y,SCL,,101," "," ",32.653,H,,R,Y,4,0,1,1,A,-,08,22107,,N,E,I,A,A,H,-,A,D,0,,,,Y,Y,,F,26,0,0,1,0,0,0,0,0,0,"- ","- ",37.314250946044922,-121.82707977294922,"SANTA CLARA","SAN JOSE",-121.82722473144531,37.314163208007812
92140571,2023,2023-08-10,9725,2023-07-29,"451 ",022985,,6,3,4,4304,0,1,2,,2,011,"US-101 SOUTHBOUND TO 10TH ST.","10TH STREET E/B",350.00,N,N,B,-,Y,,,,,,,,,,N,4,0,1,1,A,-,01,23152,A,N,E,I,A,A,H,-,D,D,0,,,,,Y,Y,A,01,0,0,1,0,0,0,0,0,0,"- ","- ",37.003429412841797,-121.55792999267578,"SANTA CLARA",GILROY,-121.55792999267578,37.003429412841797
92141120,2023,2023-08-10,9340,2023-07-29,2315,023054,,6,3,7,4313,0,1,1,,2,681,"I-680 S/B TO W/B N. CAPITOL AVENUE","N. CAPITOL AVE",384.00,N,N,A,-,Y,,,,,,,,,,Y,3,0,5,1,A,-,03,22350,,N,E,8,A,A,H,-,D,D,0,,,,,Y,,A,07,0,1,4,0,0,0,0,0,0,"- ","- ",37.400909423828125,-121.87679290771484,"SANTA CLARA","SAN JOSE",-121.87679290771484,37.400909423828125
92142820,2023,2023-08-14,9330,2023-08-09,"810 ",023222,,3,1,5,4312,0,1,2,,2,078,"US-101 N/B","N. SHORELINE BLVD.",978.00,S,N,A,-,Y,SCL,,101," "," ",48.402,H,,R,Y,4,0,1,2,A,-,03,22350,,N,C,C,A,A,H,-,A,D,0,,,,,Y,,A,01,0,0,1,0,0,0,0,0,0,"- ","- ",37.410800933837891,-122.07488250732422,"SANTA CLARA","PALO ALTO",-122.07487487792969,37.410812377929688
92143463,2023,2023-08-14,9340,2023-08-05,1800,022938,,6,2,7,4313,0,1,1,,2,681,"I-680 S/B","MAUBURY ROAD",710.00,N,N,A,-,Y,SCL,,680," ",M,3.282,H,,L,Y,3,0,3,2,A,-,08,22107,,N,D,C,A,A,H,-,A,D,0,,,,,Y,,A,01,0,1,2,0,0,0,0,0,0,"- ","- ",37.378170013427734,-121.85659790039062,"SANTA CLARA","SAN JOSE",-121.8565673828125,37.378189086914062
92147775,2023,2023-08-18,9725,2023-08-16,1728,022111,,3,2,9,4300,0,1,2,,1,010,"US-101 SOUTHBOUND","10TH STREET",528.00,N,N,A,-,Y,,,,,,,,,,Y,2,0,1,1,A,-,01,23152,A,N,E,8,A,A,H,-,A,D,0,,,,,Y,Y,A,07,1,0,0,0,0,0,0,0,0,"- ","- ",37.004058837890625,-121.55764007568359,"SANTA CLARA",UNINCORPORATED,-121.89984893798828,37.363674163818359
92148086,2023,2023-08-21,9340,2023-08-11,"920 ",015709,,5,1,9,4300,0,1,3,,2,009,SR-9,"REDWOOD GULCH RD",2112.00,S,N,A,-,N,,,,,,,,,,N,4,0,1,2,A,-,05,21460,A,N,A,C,A,A,H,-,A,D,0,,,Y,,Y,,C,02,0,0,1,0,0,0,0,0,1,"- ","- ",37.261199951171875,-122.09967041015625,"SANTA CLARA",UNINCORPORATED,-122.09965515136719,37.261260986328125
92150190,2023,2023-08-22,9340,2023-02-01,"554 ",018333,,3,3,7,4313,0,1,2,,2,110,"US-101 N/B","STORY RD.",399.00,N,N,A,-,Y,SCL,,101," "," ",34.578,H,,R,Y,1,1,1,4,A,-,03,22350,,N,C,C,A,A,H,-,D,D,0,,,,Y,Y,,A,01,0,1,0,0,0,0,0,0,0,"- ","- ",37.336299896240234,-121.84864807128906,"SANTA CLARA","SAN JOSE",-121.84864044189453,37.3363037109375
92152213,2023,2023-08-24,9340,2023-08-12,1320,022968,,6,1,7,4313,0,1,1,,2,089,"I-880 S/B","OLD BAYSHORE HWY",736.00,N,N,A,-,Y,SCL,,880," "," ",4.448,H,,L,N,3,0,1,3,A,-,03,22350,,N,C,C,A,A,H,-,A,D,0,,,,,Y,,A,07,0,1,0,0,0,0,0,0,0,"- ","- ",37.369468688964844,-121.90158081054688,"SANTA CLARA","SAN JOSE",-121.90156555175781,37.369472503662109
92154705,2023,2023-08-25,9340,2023-08-18,1748,021885,,5,2,7,4313,0,1,1,,2,282,"I-280 N/B","SAN TOMAS EXPY",500.00,N,N,A,-,Y,SCL,,280," "," ",5.446,H,,R,Y,4,0,2,3,A,-,03,22350,,N,C,C,A,A,H,-,A,D,0,,,,,Y,,A,01,0,0,2,0,0,0,0,0,0,"- ","- ",37.316581726074219,-121.96600341796875,"SANTA CLARA","SAN JOSE",-121.96599578857422,37.316520690917969
92155671,2023,2023-08-28,9725,2023-08-18,"510 ",022882,,5,3,9,4300,0,1,2,,2,011,"US-101 N/B","LEAVESLEY ROAD",4224.00,N,N,B,-,Y,SCL,,101," ",R,8.399,H,,R,Y,4,0,2,2,A,-,03,22350,,N,C,C,A,A,H,-,D,D,0,,,,,Y,,A,01,0,0,2,0,0,0,0,0,0,"- ","- ",37.033958435058594,-121.57276916503906,"SANTA CLARA",UNINCORPORATED,-121.57274627685547,37.033966064453125
92156395,2023,2023-08-28,9340,2023-08-19,"815 ",023056,,6,1,7,4313,0,1,1,,2,681,"I-680 S/B","BERRYESSA RD",1204.00,N,N,A,-,Y,SCL,,680," ",M,4.082,H,,L,Y,4,0,1,3,A,-,03,22350,,N,C,C,A,A,H,-,A,D,0,,,,,Y,,A,01,0,0,1,0,0,0,0,0,0,"- ","- ",37.387050628662109,-121.86585998535156,"SANTA CLARA","SAN JOSE",-121.86589813232422,37.38702392578125
92157776,2023,2023-08-29,9340,2023-08-23,"805 ",022541,,3,1,4,4302,0,1,3,,2,172,"SR-17 N/B","HAMILTON AVENUE",50.00,S,N,A,-,Y,SCL,,17," "," ",12.321,H,,R,N,4,0,1,2,A,-,03,22350,,N,C,2,A,A,H,-,A,D,0,,,,,Y,,D,22,0,0,1,0,0,0,0,0,0,"- ","- ",37.294139862060547,-121.938232421875,"SANTA CLARA",CAMPBELL,-121.93818664550781,37.294151306152344
92158650,2023,2023-08-30,9725,2023-07-26,"802 ",019215,,3,1,9,4300,0,1,3,,1,170,"SR-152 W/B","DINOSAUR POINT ROAD",3802.00,W,N,A,-,Y,SCL,,152," "," ",34.083,H,,L,Y,1,1,0,1,A,-,08,22107,,N,E,J,A,A,H,-,A,D,0,,,,,Y,,A,01,0,0,0,0,0,0,0,0,0,"- ","- ",37.06256103515625,-121.23120880126953,"SANTA CLARA",UNINCORPORATED,-121.23117065429688,37.0625
92158733,2023,2023-08-30,9340,2023-08-22,1245,022659,,2,1,6,4316,0,1,3,,2,220,"SR-237 W/B","MATHILDA AVE",800.00,E,N,A,-,Y,SCL,,237," "," ",3.176,H,,L,N,4,0,2,3,A,-,03,22350,,N,C,C,A,A,H,-,A,D,0,,,,,Y,,A,01,0,0,2,0,0,0,0,0,0,"- ","- ",37.403770446777344,-122.02364349365234,"SANTA CLARA",SUNNYVALE,-122.02363586425781,37.403759002685547
92162146,2023,2023-09-05,9340,2023-08-25,1555,022864,,5,2,7,4313,0,1,1,,2,282,"I-280 S/B","LAWRENCE EXPY",200.00,N,N,A,-,Y,SCL,,280," "," ",7.199,H,,L,N,4,0,1,2,A,-,03,22350,,N,C,C,A,A,H,-,A,D,0,,,,,Y,,A,01,0,0,1,0,0,0,0,0,0,"- ","- ",37.321308135986328,-121.99627685546875,"SANTA CLARA","SAN JOSE",-121.99643707275391,37.321121215820312
92164582,2023,2023-09-07,9340,2023-08-29,1640,021158,,2,2,4,4302,0,1,3,,2,172,"SR-17 S/B","HAMILTON AVE",2640.00,N,N,A,-,Y,SCL,,17," "," ",12.853,H,,L,N,4,0,1,3,A,-,03,22350,,N,C,C,A,A,H,-,A,D,0,,,,,Y,,A,01,0,0,1,0,0,0,0,0,0,"- ","- ",37.301498413085938,-121.94078063964844,"SANTA CLARA",CAMPBELL,-121.94068908691406,37.301502227783203
92164794,2023,2023-09-07,9340,2023-08-30,1728,022247,,3,2,5,4308,0,1,1,,2,681,"I-680 S/B","JACKLIN RD",929.00,S,N,A,-,Y,SCL,,680," ",M,8.327,H,,L,N,4,0,1,2,A,-,03,22350,,N,C,C,A,A,H,-,A,D,0,,,,,Y,,A,01,0,0,1,0,0,0,0,0,0,"- ","- ",37.444408416748047,-121.89084625244141,"SANTA CLARA",MILPITAS,-121.890869140625,37.444408416748047
92168205,2023,2024-03-20,9340,2023-09-02,2245,023170,,6,3,6,4316,0,1,2,,2,120,"US-101 S/B","FAIR OAKS",655.00,N,N,A,-,Y,SCL,,101," "," ",43.990,H,,L,Y,2,0,1,2,A,-,03,22350,,N,C,C,A,A,H,-,D,D,0,,,Y,,Y,,A,07,1,0,0,0,0,0,0,0,1,"- ","- ",37.391731262207031,-121.99830627441406,"SANTA CLARA",SUNNYVALE,-121.998291015625,37.391777038574219
92169082,2023,2023-09-13,9340,2023-09-03,"735 ",023056,,7,1,4,4307,0,1,3,,2,172,"SR-17 N/B","BLOSSOM HILL RD",1767.00,N,N,C,-,Y,SCL,,17," "," ",7.996,H,,R,Y,3,0,1,1,A,-,08,22107,,N,E,I,A,B,H,-,A,D,0,,,,,Y,,A,01,0,1,0,0,0,0,0,0,0,"- ","- ",37.238960266113281,-121.96826171875,"SANTA CLARA","LOS GATOS",-121.96835327148438,37.238998413085938
92170952,2023,2023-09-15,9340,2023-09-03,1245,022680,,7,1,6,4316,0,1,2,,2,120,"US-101 N/B","MATHILDA AVE",700.00,N,N,A,-,Y,SCL,,101," "," ",45.852,H,,R,N,3,0,1,1,A,-,08,22107,,N,E,8,A,A,H,-,A,D,0,,,,,Y,,A,01,0,1,0,0,0,0,0,0,0,"- ","- ",37.39971923828125,-122.03067016601562,"SANTA CLARA",SUNNYVALE,-122.03069305419922,37.399662017822266
92173422,2023,2023-09-19,9340,2023-09-09,1535,021885,,6,2,7,4313,0,1,2,,2,120,"US-101 N/B","10TH ST",100.00,S,N,A,-,Y,SCL,,101," "," ",38.066,H,,R,N,4,0,1,2,A,-,08,22107,,F,B,C,A,A,H,-,A,D,0,,,,,Y,,-,99,0,0,1,0,0,0,0,0,0,"- ","- ",37.36370849609375,-121.89774322509766,"SANTA CLARA","SAN JOSE",-121.89774322509766,37.363674163818359
92176596,2023,2023-09-22,9340,2023-09-11,"830 ",022659,,1,1,6,4316,0,1,3,,2,220,"SR-237 W/B","JAVA DR.",1200.00,E,N,A,-,Y,SCL,,237," ",R,4.209,H,,L,Y,3,0,2,3,A,-,03,22350,,N,C,C,A,A,H,-,A,D,0,,,,,Y,,A,08,0,1,1,0,0,0,0,0,0,"- ","- ",37.407798767089844,-122.00554656982422,"SANTA CLARA",SUNNYVALE,-122.00555419921875,37.407817840576172
92178496,2023,2023-09-25,9340,2023-09-14,1800,022963,,4,2,7,4313,0,1,1,,2,281,"I-280 S/B TO MERIDIAN AVENUE","MERIDIAN AVE",638.00,N,N,A,-,Y,SCL,,280," ",R,4.120,H,,L,N,4,0,1,3,A,-,03,22350,,N,B,C,A,A,H,-,B,D,0,,,,,Y,,D,22,0,0,1,0,0,0,0,0,0,"- ","- ",37.315940856933594,-121.91721343994141,"SANTA CLARA","SAN JOSE",-121.91712951660156,37.316070556640625
92187152,2023,2023-10-02,9340,2023-07-15,"450 ",023174,,6,3,7,4313,0,1,3,,2,087,"SR-87 S/B","AUZERAIS AVE",73.00,N,N,A,-,Y,SCL,,87," "," ",5.372,H,,L,Y,1,1,1,2,A,-,01,23152,A,N,A,C,A,A,H,-,D,D,0,,,,,Y,Y,A,08,1,0,0,0,0,0,0,0,0,"- ","- ",37.32659912109375,-121.89420318603516,"SANTA CLARA","SAN JOSE",-121.89423370361328,37.326583862304688
92187701,2023,2023-10-02,9725,2023-09-27,"940 ",021321,,3,1,9,4300,0,1,2,,2,011,US-101,"CHURCH AVE",300.00,S,N,A,-,Y,SCL,,101," ",R,11.048,H,,R,Y,3,0,2,4,A,-,07,21658,A,N,B,C,A,A,H,-,A,D,0,,,,Y,Y,,A,07,0,1,1,0,0,0,0,0,0,"- ","- ",37.070060729980469,-121.58915710449219,"SANTA CLARA",UNINCORPORATED,-121.58901977539062,37.070102691650391
92189566,2023,2023-10-03,9340,2023-09-26,"900 ",022135,,2,1,7,4313,0,1,2,,2,120,"US-101 N/B","LAFAYETTE ST",750.00,N,N,A,-,Y,SCL,,101," "," ",41.220,H,,R,N,4,0,1,2,A,-,03,22350,,N,C,C,A,A,H,-,A,D,0,,,,,Y,,A,01,0,0,1,0,0,0,0,0,0,"- ","- ",37.37860107421875,-121.95091247558594,"SANTA CLARA","SAN JOSE",-121.95090484619141,37.378627777099609
92190538,2023,2023-10-04,9340,2023-09-26,1655,023222,,2,2,7,4313,0,1,1,,2,088,"I-880 N/B","COLEMAN AVE",713.00,S,N,A,-,Y,SCL,,880," "," ",2.526,H,,R,N,4,0,1,2,A,-,03,22350,,N,C,C,A,A,H,-,A,D,0,,,,,Y,,A,07,0,0,1,0,0,0,0,0,0,"- ","- ",37.347381591796875,-121.92006683349609,"SANTA CLARA","SAN JOSE",-121.92009735107422,37.347404479980469
92192479,2023,2023-10-05,9725,2023-09-25,1740,020120,,1,2,9,4300,0,3,5,,2,001,"BLOOMFIELD AVE.",SR-152,500.00,S,N,A,-,N,,,,,,,,,,Y,4,0,2,2,A,-,09,21804,A,N,D,C,A,A,H,-,A,D,0,,,,,Y,,A,01,0,0,2,0,0,0,0,0,0,"- ","- ",36.986850738525391,-121.49395751953125,"SANTA CLARA",UNINCORPORATED,-121.49231719970703,36.987823486328125
92197380,2023,2023-10-12,9340,2023-10-03,"635 ",022598,,2,1,5,4308,0,1,1,,2,089,"I-880 N/B","DIXON LANDING RD",1659.00,S,N,A,-,Y,SCL,,880," "," ",10.102,H,,R,Y,4,0,2,5,A,-,03,22350,,N,B,C,A,A,H,-,B,D,0,,,,Y,Y,,A,01,0,0,2,0,0,0,0,0,0,"- ","- ",37.449661254882812,-121.92189788818359,"SANTA CLARA",MILPITAS,-121.92195892333984,37.449653625488281
92198359,2023,2023-10-13,9725,2023-10-05,1535,022608,,4,2,9,4300,0,1,2,,2,013,"US-101 SOUTHBOUND","COCHRANE ROAD",2640.00,N,N,A,-,Y,SCL,,101," ",R,18.296,H,,L,N,4,0,1,2,A,-,03,22350,,N,C,C,A,A,H,-,A,D,0,,,,,Y,,D,22,0,0,1,0,0,0,0,0,0,"- ","- ",37.158271789550781,-121.65798950195312,"SANTA CLARA",UNINCORPORATED,-121.65797424316406,37.158279418945312
92200826,2023,2023-10-17,9340,2023-10-05,"642 ",020591,,4,1,7,4313,0,1,1,,2,681,"I-680 S/B TO MCKEE ROAD W/B","MCKEE ROAD",26.00,N,N,A,-,Y,,,,,,,,,,Y,4,0,2,3,A,-,03,22350,,N,C,C,C,A,H,-,B,D,0,Y,,,,Y,,A,01,0,0,2,0,1,0,0,0,0,"- ","- ",37.367080688476562,-121.847900390625,"SANTA CLARA","SAN JOSE",-121.847900390625,37.367080688476562
92202152,2023,2023-10-18,9340,2023-10-07,1800,022681,,6,2,7,4313,0,1,2,,2,110,"US-101 N/B","TULLY RD",2000.00,S,N,A,-,Y,SCL,,101," "," ",32.610,H,,R,Y,4,0,1,2,A,-,01,23152,A,N,C,C,A,A,H,-,A,D,0,,,,,Y,Y,A,01,0,0,1,0,0,0,0,0,0,"- ","- ",37.313720703125,-121.82666015625,"SANTA CLARA","SAN JOSE",-121.82673645019531,37.313671112060547
92204113,2023,2023-10-19,9330,2023-10-03,"550 ",023492,,2,3,5,4312,0,1,2,,2,078,"US-101 S/B","OREGON EXPRESSWAY",150.00,S,N,A,-,Y,SCL,,101," "," ",51.951,H,,L,N,4,0,1,2,A,-,03,22350,,N,C,C,A,A,H,-,B,D,0,,,,,Y,,A,01,0,0,1,0,0,0,0,0,0,"- ","- ",37.446441650390625,-122.12052917480469,"SANTA CLARA","PALO ALTO",-122.12064361572266,37.446361541748047
92204958,2023,2023-10-20,9725,2023-10-04,1930,023415,,3,2,9,4300,0,3,5,,2,003,"MASTEN AVE","MONTEREY RD",25.00,E,N,A,-,N,,,,,,,,,,N,3,0,1,3,A,-,03,22350,,F,C,C,A,A,H,-,C,A,0,,,,,Y,,A,01,0,1,0,0,0,0,0,0,0,"- ","- ",37.056331634521484,-121.59327697753906,"SANTA CLARA",UNINCORPORATED,-121.59364318847656,37.056171417236328
92205011,2023,2023-11-20,9725,2023-10-14,1540,023192,,6,2,9,4300,0,3,5,,2,003,"UVAS RD","WATSONVILLE RD",3168.00,N,N,A,-,N,,,,,,,,,,Y,3,0,3,2,A,-,08,22107,,N,B,C,A,A,H,-,A,D,0,,,,,Y,,A,01,0,3,0,0,0,0,0,0,0,"- ","- ",37.059391021728516,-121.67494201660156,"SANTA CLARA",UNINCORPORATED,-121.66287994384766,37.059478759765625
92205660,2023,2023-10-23,9340,2023-10-08,2030,023161,,7,2,7,4313,0,1,3,,2,230,"SR-237 E/B","N. FIRST ST",250.00,E,N,A,-,Y,SCL,,237," ",R,5.700,H,,R,N,4,0,2,2,A,-,01,23152,A,N,C,C,A,A,H,-,A,D,0,,,,,Y,Y,D,22,0,0,2,0,0,0,0,0,0,"- ","- ",37.414710998535156,-121.98018646240234,"SANTA CLARA","SAN JOSE",-121.98007202148438,37.414527893066406
92206147,2023,2023-10-23,9725,2023-10-17,1851,022869,,2,2,4,4310,0,1,2,,2,013,"US-101 S/B","COCHRANE RD",2112.00,N,N,A,-,Y,SCL,,101," ",R,18.233,H,,L,N,4,0,1,2,A,-,03,22350,,M,C,C,A,A,H,-,C,D,0,,,,,Y,,-,99,0,0,1,0,0,0,0,0,0,"- ","- ",37.157619476318359,-121.65718841552734,"SANTA CLARA","MORGAN HILL",-121.6572265625,37.157596588134766
92207433,2023,2023-10-24,9340,2023-10-15,"130 ",022868,,7,3,7,4313,0,1,1,,2,282,"I-280 S/B",SR-17,1030.00,N,N,A,-,Y,SCL,,280," ",L,5.627,H,,L,Y,4,0,2,3,A,-,03,22350,,N,C,C,A,A,H,-,D,D,0,,,,,Y,,A,08,0,0,2,0,0,0,0,0,0,"- ","- ",37.316921234130859,-121.94419860839844,"SANTA CLARA","SAN JOSE",-121.94419860839844,37.316944122314453
92208320,2023,2023-10-25,9340,2023-10-16,"723 ",022963,,1,1,9,4300,0,1,3,,2,171,"SR-17 N/B","REDWOOD ESTATES RD",1080.00,N,N,B,-,Y,SCL,,17," "," ",1.486,H,,R,Y,4,0,3,2,A,-,03,22350,,N,C,C,A,A,H,-,B,D,0,,,,,Y,,A,07,0,0,3,0,0,0,0,0,0,"- ","- ",37.161121368408203,-121.98519134521484,"SANTA CLARA",UNINCORPORATED,-121.98519134521484,37.161121368408203
92208628,2023,2023-10-25,9340,2023-10-17,1920,022247,,2,2,6,4316,0,1,3,,2,220,"SR-237 E/B","LAWRENCE EXPY",737.00,W,N,A,-,Y,SCL,,237," ",R,4.450,H,,R,N,4,0,1,3,A,-,03,22350,,N,C,C,A,A,H,-,A,D,0,,,,,Y,,A,01,0,0,1,0,0,0,0,0,0,"- ","- ",37.408588409423828,-122.00128173828125,"SANTA CLARA",SUNNYVALE,-122.00128173828125,37.408596038818359
92209444,2023,2023-10-26,9340,2023-10-15,1910,023075,,7,2,7,4313,0,1,1,,2,089,"I-880 N/B","THE ALAMEDA",1270.00,S,N,A,-,Y,SCL,,880," "," ",1.825,H,,R,N,3,0,4,4,A,-,03,22350,,N,C,C,A,A,H,-,C,D,0,,,,,Y,,A,01,0,1,3,0,0,0,0,0,0,"- ","- ",37.340110778808594,-121.92917633056641,"SANTA CLARA","SAN JOSE",-121.92913818359375,37.340072631835938
92210838,2023,2023-10-27,4311,2023-08-18,1639,53580,5337,5,5,5,4311,0,0,0,,0,MV4,"WHISMAN RD","GLADYS AV",158.00,N,N,A,-,N,,,,,,,,,,N,4,0,1,2,A,-,03,22350,,N,C,C,A,A,H,-,A,D,0,,,,,Y,,-,"- ",0,0,1,0,0,0,0,0,0,"- ","- ",37.395000457763672,-122.06036376953125,"SANTA CLARA","MOUNTAIN VIEW",-122.06024169921875,37.395416259765625
92222803,2023,2023-10-30,9725,2023-10-20,"45  ",022882,,5,3,9,4300,0,2,4,,1,020,"WASTONVILLE ROAD","SYCAMORE DRIVE",160.00,N,N,A,-,N,,,,,,,,,,Y,4,0,1,1,A,-,08,22107,,N,E,8,A,A,H,-,D,D,0,,,,,Y,,A,01,0,0,1,0,0,0,0,0,0,"- ","- ",37.068401336669922,-121.65989685058594,"SANTA CLARA",UNINCORPORATED,-121.66001892089844,37.068367004394531
92223020,2023,2023-10-31,9725,2023-10-26,1515,022111,,4,2,9,4300,0,1,3,,1,130,SR-25,"BOLSA ROAD",528.00,S,N,A,-,N,,,,,,,,,,N,4,0,1,2,A,-,03,22350,,N,C,C,A,A,H,-,A,D,0,,,,,Y,,A,01,0,0,1,0,0,0,0,0,0,"- ","- ",36.948158264160156,-121.51258087158203,"SANTA CLARA",UNINCORPORATED,-121.5125732421875,36.948184967041016
92223107,2023,2023-10-31,9340,2023-10-19,2100,020684,,4,2,7,4313,0,1,3,,2,087,"SR-87 S/B","PARK AVE",480.00,S,N,A,-,Y,SCL,,87," "," ",5.467,H,,L,N,4,0,1,2,A,-,03,22350,,M,C,C,A,A,H,-,C,D,0,,,,,Y,,-,99,0,0,1,0,0,0,0,0,0,"- ","- ",37.327789306640625,-121.89501953125,"SANTA CLARA","SAN JOSE",-121.89503479003906,37.327781677246094
92223469,2023,2023-10-31,9340,2023-10-21,1315,022684,,6,1,4,4302,0,1,3,,2,172,"SR-17 S/B","HAMILTON AVE",3862.00,N,N,A,-,Y,SCL,,17," "," ",13.094,H,,L,N,4,0,1,2,A,-,03,22350,,N,C,C,A,A,H,-,A,D,0,,,,,Y,,A,01,0,0,1,0,0,0,0,0,0,"- ","- ",37.304969787597656,-121.94081115722656,"SANTA CLARA",CAMPBELL,-121.94070434570312,37.304969787597656
92223961,2023,2023-10-31,9340,2023-10-15,"320 ",022868,,7,3,7,4313,0,1,2,,2,120,"US-101 S/B","MONTAGUE EXPY",245.00,N,N,A,-,Y,SCL,,101," "," ",42.036,H,,L,Y,4,0,2,2,A,-,01,23152,A,M,C,C,A,A,H,-,D,D,0,,,,,Y,Y,A,01,0,0,2,0,0,0,0,0,0,"- ","- ",37.382179260253906,-121.96498870849609,"SANTA CLARA","SAN JOSE",-121.96498107910156,37.382194519042969
92226766,2023,2023-11-02,9340,2023-10-26,"835 ",022758,,4,1,5,4308,0,1,1,,2,089,"I-880 S/B","MONTAGUE EXPY",1840.00,N,N,A,-,Y,SCL,,880," "," ",7.068,H,,L,N,4,0,1,2,A,-,03,22350,,N,C,C,A,A,H,-,A,D,0,,,,,Y,,A,01,0,0,1,0,0,0,0,0,0,"- ","- ",37.406700134277344,-121.91042327880859,"SANTA CLARA",MILPITAS,-121.9102783203125,37.406723022460938
92228207,2023,2023-11-06,9330,2023-11-03,1235,022575,,5,1,5,4312,0,1,2,,2,078,"US-101 S/B","SAN ANTONIO ROAD",400.00,N,N,A,-,Y,SCL,,101," "," ",50.402,H,,L,N,4,0,2,2,A,-,03,22350,,N,C,C,A,A,H,-,A,D,0,,,,,Y,,A,01,0,0,2,0,0,0,0,0,0,"- ","- ",37.429119110107422,-122.10247802734375,"SANTA CLARA","PALO ALTO",-122.10244750976562,37.429141998291016
92231297,2023,2023-11-08,9340,2023-10-31,1350,022864,,2,1,7,4313,0,1,3,,2,087,"SR-87 S/B","CURTNER AVE",1565.00,N,N,A,-,Y,SCL,,87," "," ",3.163,H,,L,N,4,0,1,2,A,-,03,22350,,N,C,C,A,A,H,-,A,D,0,,,,,Y,,A,07,0,0,1,0,0,0,0,0,0,"- ","- ",37.298698425292969,-121.87486267089844,"SANTA CLARA","SAN JOSE",-121.87487030029297,37.298694610595703