CASE_ID,ACCIDENT_YEAR,PROC_DATE,JURIS,COLLISION_DATE,COLLISION_TIME,OFFICER_ID,REPORTING_DISTRICT,DAY_OF_WEEK,CHP_SHIFT,POPULATION,CNTY_CITY_LOC,SPECIAL_COND,BEAT_TYPE,CHP_BEAT_TYPE,CITY_DIVISION_LAPD,CHP_BEAT_CLASS,BEAT_NUMBER,PRIMARY_RD,SECONDARY_RD,DISTANCE,DIRECTION,INTERSECTION,WEATHER_1,WEATHER_2,STATE_HWY_IND,CALTRANS_COUNTY,CALTRANS_DISTRICT,STATE_ROUTE,ROUTE_SUFFIX,POSTMILE_PREFIX,POSTMILE,LOCATION_TYPE,RAMP_INTERSECTION,SIDE_OF_HWY,TOW_AWAY,COLLISION_SEVERITY,NUMBER_KILLED,NUMBER_INJURED,PARTY_COUNT,PRIMARY_COLL_FACTOR,PCF_CODE_OF_VIOL,PCF_VIOL_CATEGORY,PCF_VIOLATION,PCF_VIOL_SUBSECTION,HIT_AND_RUN,TYPE_OF_COLLISION,MVIW,PED_ACTION,ROAD_SURFACE,ROAD_COND_1,ROAD_COND_2,LIGHTING,CONTROL_DEVICE,CHP_ROAD_TYPE,PEDESTRIAN_ACCIDENT,BICYCLE_ACCIDENT,MOTORCYCLE_ACCIDENT,TRUCK_ACCIDENT,NOT_PRIVATE_PROPERTY,ALCOHOL_INVOLVED,STWD_VEHTYPE_AT_FAULT,CHP_VEHTYPE_AT_FAULT,COUNT_SEVERE_INJ,COUNT_VISIBLE_INJ,COUNT_COMPLAINT_PAIN,COUNT_PED_KILLED,COUNT_PED_INJURED,COUNT_BICYCLIST_KILLED,COUNT_BICYCLIST_INJURED,COUNT_MC_KILLED,COUNT_MC_INJURED,PRIMARY_RAMP,SECONDARY_RAMP,LATITUDE,LONGITUDE,COUNTY,CITY,POINT_X,POINT_Y
92234461,2023,2023-11-13,9725,2023-11-03,2340,022882,,5,3,9,4300,0,1,2,,2,013,US-101,"COYOTE CREEK GOLF DRIVE",2640.00,S,N,A,-,Y,SCL,,101," ",R,20.750,H,,R,N,4,0,1,3,A,-,03,22350,,N,C,2,A,A,D,-,D,D,0,,,,,Y,,A,07,0,0,1,0,0,0,0,0,0,"- ","- ",37.185741424560547,-121.68595886230469,"SANTA CLARA",UNINCORPORATED,-121.68601989746094,37.185695648193359
92236787,2023,2023-11-15,9340,2023-11-02,1755,023446,,4,2,9,4300,0,1,3,,2,009,SR-9,"HEATHER HEIGHTS RD",100.00,N,N,A,-,Y,SCL,,9," "," ",0.430,H,,R,Y,3,0,1,1,A,-,03,22350,,N,E,I,A,A,H,-,B,D,0,,,Y,,Y,,C,02,0,1,0,0,0,0,0,0,1,"- ","- ",37.256568908691406,-122.11576843261719,"SANTA CLARA",UNINCORPORATED,-122.11574554443359,37.256557464599609
92238391,2023,2023-11-16,9340,2023-11-05,2220,023025,,7,3,7,4313,0,1,1,,2,281,"I-280 N/B TO SR-87 N/B","AUZERAIS AVE",20.00,S,N,C,-,Y,,,,,,,,,,N,4,0,1,1,A,-,03,22350,,N,E,I,A,B,H,-,D,D,0,,,,,Y,,A,01,0,0,1,0,0,0,0,0,0,"- ","- ",37.326450347900391,-121.89327239990234,"SANTA CLARA","SAN JOSE",-121.89327239990234,37.326450347900391
92239303,2023,2023-11-17,9340,2023-11-07,1245,022963,,2,1,4,4302,0,1,3,,2,172,"SR-17 N/B","CAMDEN AVE",2795.00,N,N,A,-,Y,SCL,,17," "," ",11.051,H,,R,N,4,0,3,3,A,-,08,22107,,N,B,C,A,A,H,-,A,D,0,,,,,Y,,A,01,0,0,3,0,0,0,0,0,0,"- ","- ",37.278450012207031,-121.9453125,"SANTA CLARA",CAMPBELL,-121.94528961181641,37.278446197509766
92240750,2023,2023-11-20,9340,2023-11-08,"548 ",018333,,3,3,7,4313,0,1,2,,2,110,"US-101 N/B","MCKEE RD.",1500.00,N,N,A,-,Y,SCL,,101," "," ",36.433,H,,R,Y,4,0,1,3,A,-,08,22107,,N,C,C,A,A,H,-,A,D,0,,,Y,,Y,,C,02,0,0,1,0,0,0,0,0,1,"- ","- ",37.357391357421875,-121.86971282958984,"SANTA CLARA","SAN JOSE",-121.86969757080078,37.357398986816406
92244265,2023,2023-11-27,9340,2023-11-09,"722 ",020208,,4,1,5,4303,0,1,1,,2,282,"I-280 N/B","LAWRENCE EXPRESSWAY",570.00,N,N,B,-,Y,SCL,,280," "," ",7.268,H,,R,N,4,0,2,2,A,-,03,22350,,N,C,C,A,A,H,-,A,D,0,,,,,Y,,A,07,0,0,2,0,0,0,0,0,0,"- ","- ",37.321949005126953,-121.99749755859375,"SANTA CLARA",CUPERTINO,-121.99748992919922,37.32196044921875
92245093,2023,2023-11-27,9340,2023-11-05,1730,023339,,7,2,9,4300,0,1,3,,2,131,"SR-130 (MOUNT HAMILTON ROAD)","VINEYARD HEIGHTS",2640.00,E,N,A,-,Y,SCL,,130," "," ",10.038,H,,R,N,3,0,1,1,A,-,03,22350,,N,E,I,A,A,H,-,B,D,0,,,,,Y,,A,01,0,1,0,0,0,0,0,0,0,"- ","- ",37.352439880371094,-121.73719787597656,"SANTA CLARA",UNINCORPORATED,-121.73719787597656,37.352493286132812
92248308,2023,2023-11-29,9340,2023-11-18,1910,023075,,6,2,7,4313,0,1,3,,2,087,"SR-87 N/B",I-280,135.00,S,N,A,-,Y,SCL,,87," "," ",5.117,H,,R,Y,4,0,1,2,A,-,03,22350,,M,C,C,A,A,H,-,C,D,0,,,,,Y,,A,01,0,0,1,0,0,0,0,0,0,"- ","- ",37.323398590087891,-121.89179992675781,"SANTA CLARA","SAN JOSE",-121.89177703857422,37.323410034179688
92249521,2023,2023-11-30,9330,2023-11-27,1048,021630,,1,1,5,4311,0,1,2,,2,078,"US-101 N/B","SHORELINE BOULEVARD",575.00,N,N,A,-,Y,SCL,,101," "," ",48.725,H,,R,N,4,0,1,2,A,-,03,22350,,N,C,C,A,A,H,-,A,D,0,,,,,Y,,A,01,0,0,1,0,0,0,0,0,0,"- ","- ",37.412841796875,-122.08007049560547,"SANTA CLARA","MOUNTAIN VIEW",-122.08003234863281,37.412895202636719
92250067,2023,2023-12-01,9340,2023-11-11,1240,023356,,6,1,9,4300,0,3,5,,2,010,"CALAVERAS RD S/B","FELTER RD",2306.00,N,N,A,-,N,,,,,,,,,,Y,2,0,1,1,A,-,03,22350,,N,E,I,A,A,H,-,A,A,0,,,Y,,Y,,C,02,1,0,0,0,0,0,0,0,1,"- ","- ",37.448101043701172,-121.83226013183594,"SANTA CLARA",UNINCORPORATED,-121.84368133544922,37.445789337158203
92256104,2023,2023-12-07,9340,2023-11-28,1920,023446,,2,2,7,4313,0,1,3,,2,083,"SR-85 S/B","SANTA TERESA BLVD",1320.00,N,N,A,-,Y,SCL,,85," "," ",5.472,H,,L,Y,3,0,2,2,A,-,07,21658,A,N,B,C,A,A,H,-,D,D,0,,,,,Y,,A,01,0,1,1,0,0,0,0,0,0,"- ","- ",37.255290985107422,-121.86347961425781,"SANTA CLARA","SAN JOSE",-121.86347961425781,37.25537109375
92256131,2023,2023-12-07,9340,2023-11-22,"523 ",023246,,3,3,7,4313,0,1,3,,2,083,"SR-85 N/B","UNION AVE",700.00,S,N,A,-,Y,SCL,,85," "," ",9.133,H,,R,Y,4,0,1,1,A,-,08,22107,,N,E,I,A,A,H,-,C,D,0,,,,,Y,,A,01,0,0,1,0,0,0,0,0,0,"- ","- ",37.250808715820312,-121.92880249023438,"SANTA CLARA","SAN JOSE",-121.92881011962891,37.250743865966797
92258489,2023,2023-12-11,9725,2023-12-07,"510 ",022827,,4,3,9,4300,0,1,2,,2,012,"US-101 N/B","BUENA VISTA AVE",860.00,S,N,A,-,Y,SCL,,101," ",R,8.960,H,,R,N,4,0,1,5,A,-,07,21658,A,N,B,C,A,A,H,-,D,D,0,,,,,Y,,A,01,0,0,1,0,0,0,0,0,0,"- ","- ",37.041481018066406,-121.57660675048828,"SANTA CLARA",UNINCORPORATED,-121.57657623291016,37.041492462158203
92260113,2023,2023-12-12,9340,2023-11-29,1610,022864,,3,2,6,4316,0,1,2,,2,120,"US-101 S/B","FAIR OAKS AVE",1645.00,N,N,A,-,Y,SCL,,101," "," ",45.143,H,,L,N,4,0,1,2,A,-,03,22350,,M,C,C,A,A,H,-,A,D,0,,,,,Y,,A,01,0,0,1,0,0,0,0,0,0,"- ","- ",37.396770477294922,-122.01834106445312,"SANTA CLARA",SUNNYVALE,-122.01834106445312,37.396762847900391
92260813,2023,2023-12-13,9725,2023-12-11,1840,023415,,1,2,9,4300,0,1,2,,1,010,"US-101 S/B","10TH STREET",100.00,S,N,A,-,Y,,,,,,,,,,N,3,0,1,2,A,-,09,21800,A,N,D,G,A,A,H,-,C,A,0,,Y,,,Y,,L,04,0,1,0,0,0,0,1,0,0,"- ","- ",37.002239227294922,-121.55835723876953,"SANTA CLARA",UNINCORPORATED,-121.89804077148438,37.363510131835938
92264869,2023,2023-12-18,9725,2023-11-22,1440,022608,,3,2,9,4300,0,2,4,,1,020,"WATSONVILLE ROAD","UVAS ROAD",0.00,,Y,A,-,N,,,,,,,,,,Y,1,1,2,3,A,-,09,21802,A,N,D,C,A,A,H,-,A,A,0,,,Y,,Y,,C,02,1,1,0,0,0,0,0,1,1,"- ","- ",37.059520721435547,-121.66295623779297,"SANTA CLARA",UNINCORPORATED,,
92271315,2023,2023-12-26,9340,2023-12-15,2315,023485,,5,3,5,4303,0,1,1,,2,282,"I-280 S/B","N BLANEY AVE",791.00,S,N,A,-,Y,SCL,,280," "," ",8.805,H,,L,Y,4,0,1,1,A,-,08,22107,,N,E,I,A,A,H,-,D,D,0,,,,,Y,,A,07,0,0,1,0,0,0,0,0,0,"- ","- ",37.333778381347656,-122.02094268798828,"SANTA CLARA",CUPERTINO,-122.02101898193359,37.333599090576172
92272047,2023,2023-12-27,9340,2023-12-17,1830,023075,,7,2,7,4313,0,1,1,,2,681,"I-680 N/B","ALUM ROCK AVENUE",525.00,S,N,A,-,Y,SCL,,680," ",M,1.630,H,,R,Y,3,0,1,1,A,-,08,22107,,N,E,I,A,B,H,-,C,D,0,,,,,Y,,A,01,0,1,0,0,0,0,0,0,0,"- ","- ",37.358261108398438,-121.84023284912109,"SANTA CLARA","SAN JOSE",-121.84014129638672,37.358295440673828
92274766,2023,2023-12-29,9340,2023-12-19,"535 ",023161,,2,3,7,4313,0,1,1,,2,088,"I-880 N/B","PARK AVE",197.00,S,N,C,-,Y,SCL,,880," "," ",1.692,H,,R,N,4,0,2,2,B,-,22,,,N,B,2,A,B,H,-,C,D,0,,,,,Y,,J,48,0,0,2,0,0,0,0,0,0,"- ","- ",37.338729858398438,-121.93089294433594,"SANTA CLARA","SAN JOSE",-121.93087005615234,37.338714599609375
92275916,2023,2024-01-01,9340,2023-12-20,1745,022697,,3,2,6,4314,0,1,2,,2,120,"US-101 S/B","BOWERS AVE",1381.00,S,N,A,-,Y,SCL,,101," "," ",42.388,H,,L,N,4,0,2,3,A,-,03,22350,,N,C,C,A,A,H,-,C,D,0,,,,,Y,,A,07,0,0,2,0,0,0,0,0,0,"- ","- ",37.383949279785156,-121.97093200683594,"SANTA CLARA","SANTA CLARA",-121.970947265625,37.383907318115234
92276670,2023,2024-01-02,9340,2023-12-21,1717,021158,,4,2,7,4313,0,1,3,,2,083,"SR-85 N/B","BASCOM AVE",3817.00,S,N,A,-,Y,SCL,,85," "," ",9.661,H,,R,Y,3,0,1,2,A,-,03,22350,,N,C,C,A,A,H,-,C,D,0,,,,,Y,,A,07,0,1,0,0,0,0,0,0,0,"- ","- ",37.252281188964844,-121.93817138671875,"SANTA CLARA","SAN JOSE",-121.93816375732422,37.252315521240234
92277220,2023,2024-01-02,9330,2023-12-20,2330,023587,,3,3,5,4312,0,1,2,,2,078,"US-101 S/B TO EMBARCADERO ROAD","EMBARCADERO ROAD",75.00,S,N,B,-,Y,,,,,,,,,,Y,3,0,1,1,A,-,01,23152,A,N,E,I,A,A,H,-,D,D,0,,,,,Y,Y,A,01,0,1,0,0,0,0,0,0,0,"- ","- ",37.447910308837891,-122.12406158447266,"SANTA CLARA","PALO ALTO",-122.12406158447266,37.447910308837891
92278323,2023,2024-01-03,9340,2023-12-23,1700,023075,,6,2,7,4313,0,1,3,,2,087,"SR-87 N/B","ALMA AVENUE",405.00,N,N,A,-,Y,,,,,,,,,,N,4,0,1,2,A,-,03,22350,,N,C,C,A,A,H,-,C,D,0,,,,,Y,,A,01,0,0,1,0,0,0,0,0,0,"- ","- ",37.311870574951172,-121.88397979736328,"SANTA CLARA","SAN JOSE",-121.88447570800781,37.311477661132812
92279746,2023,2024-01-04,9340,2023-12-25,2215,022967,,1,3,7,4313,0,1,1,,2,282,"I-280 N/B TO SARATOGA W/B","SARATOGA AVE",289.00,N,N,A,-,Y,,,,,,,,,,Y,3,0,1,1,A,-,01,23152,A,N,E,I,A,A,H,-,D,A,0,,,,,Y,Y,A,01,0,1,0,0,0,0,0,0,0,"- ","- ",37.317989349365234,-121.97573852539062,"SANTA CLARA","SAN JOSE",-121.97573852539062,37.317989349365234
92315407,2023,2024-02-15,9330,2023-10-20,1700,022960,,5,2,5,4312,0,3,5,,2,071,"CAMPUS DRIVE","ESCONDIDO ROAD",0.00,,Y,A,-,Y,,,,,,,,,,N,4,0,1,2,D,-,00,,,M,C,G,A,A,H,-,A,D,0,,Y,,,Y,Y,-,"- ",0,0,1,0,0,0,1,0,0,"- ","- ",37.424259185791016,-122.16069793701172,"SANTA CLARA","PALO ALTO",,
92318660,2023,2024-02-20,9330,2023-10-31,1715,023492,,2,2,5,4312,0,1,2,,2,078,"US-101 S/B","SAN ANTONIO ROAD",1848.00,N,N,A,-,Y,SCL,,101," "," ",50.683,H,,L,Y,4,0,1,5,A,-,07,21658,A,N,C,C,A,A,H,-,B,D,0,,,,Y,Y,,A,01,0,0,1,0,0,0,0,0,0,"- ","- ",37.432308197021484,-122.10572814941406,"SANTA CLARA","PALO ALTO",-122.10575103759766,37.432296752929688
92325665,2023,2024-02-28,9340,2023-05-22,"31  ",022967,,1,3,6,4316,0,1,2,,2,120,"US-101 N/B","LAWRENCE EXPY",2810.00,N,N,A,-,Y,SCL,,101," "," ",44.404,H,,R,Y,3,0,1,2,C,-,18,,,N,D,C,A,A,H,-,D,D,0,,,,,Y,,-,"- ",0,1,0,0,0,0,0,0,0,"- ","- ",37.394008636474609,-122.00537872314453,"SANTA CLARA",SUNNYVALE,-122.00538635253906,37.393993377685547
92396002,2023,2024-05-22,9340,2023-07-04,"444 ",022659,,2,3,7,4313,0,1,3,,2,083,"SR-85 N/B","LEAN AVE",1120.00,S,N,A,-,Y,SCL,,85," "," ",2.515,H,,R,N,1,1,0,2,A,-,11,21954,A,F,G,B,E,A,H,-,C,D,0,Y,,,,Y,,N,60,0,0,0,1,0,0,0,0,0,"- ","- ",37.243431091308594,-121.81381225585938,"SANTA CLARA","SAN JOSE",-121.81381225585938,37.243370056152344
9320475,2022,2022-03-03,4313,2022-02-15,0116,4643,NORA,2,5,7,4313,0,0,0,,0,004,"SAN TOMAS EXPWY","PAYNE AV",0.00,,Y,A,-,N,,,,,,,,,,Y,1,1,0,1,A,-,08,22107,,N,A,I,A,A,B,-,C,A,0,,,Y,,Y,,C,02,0,0,0,0,0,0,0,1,0,"- ","- ",,,"SANTA CLARA","SAN JOSE",-121.96416473388672,37.301166534423828
9379696,2022,2022-02-10,4313,2022-01-18,1803,4518,DA,2,5,7,4313,0,0,0,,0,0A5,"ALMADEN EXPWY","TRINIDAD DR",14.00,N,N,A,-,N,,,,,,,,,,Y,3,0,3,2,A,-,09,21800,A,N,C,C,A,A,H,-,C,A,0,,,,,Y,,-,,0,1,2,0,0,0,0,0,0,"- ","- ",,,"SANTA CLARA","SAN JOSE",-121.85388946533203,37.215793609619141
9391380,2022,2022-01-27,4313,2022-01-07,1002,4577,SOUTH,5,5,7,4313,0,0,0,,0,0X5,"MONTEREY RD","ROEDER RD",0.00,,Y,B,-,N,,,,,,,,,,Y,3,0,1,2,A,-,00,21445,A,N,A,C,A,A,-,-,A,A,0,,,,,Y,,D,22,0,1,0,0,0,0,0,0,0,"- ","- ",37.153690338134766,-121.48367309570312,"SANTA CLARA","SAN JOSE",-121.81004333496094,37.260334014892578
9392236,2022,2022-02-11,4313,2022-01-03,1843,4785,NORA,1,5,7,4313,0,0,0,,0,0N2,"SARATOGA AV","RT 280",0.00,,Y,A,-,N,,,,,,,,,,N,2,0,1,2,A,-,10,21950,,F,G,B,C,A,-,-,D,D,0,Y,,,,Y,,-,"- ",1,0,0,0,1,0,0,0,0,"- ","- ",,,"SANTA CLARA","SAN JOSE",-121.97514343261719,37.317123413085938
9395855,2022,2022-02-04,4313,2022-01-07,1746,4503,LINCO,5,5,7,4313,0,0,0,,0,004,"TULLY RD","S 10TH ST",0.00,,-,A,-,N,,,,,,,,,,Y,4,0,1,2,A,-,04,21703,,N,C,C,A,A,H,-,C,A,0,,,,,Y,,-,,0,0,1,0,0,0,0,0,0,"- ","- ",37.181930541992188,-121.51528167724609,"SANTA CLARA","SAN JOSE",-121.85145568847656,37.305450439453125
9396016,2022,2022-02-09,4313,2022-01-07,1625,4857,EDWAR,5,5,7,4313,0,0,0,,0,0E1,"S MONTGOMERY ST","W SANTA CLARA ST",0.00,,-,A,-,N,,,,,,,,,,Y,4,0,1,2,A,-,08,22107,,N,B,C,A,A,H,-,B,D,0,,,,,Y,,-,,0,0,1,0,0,0,0,0,0,"- ","- ",,,"SANTA CLARA","SAN JOSE",-121.90126037597656,37.331947326660156
9396850,2022,2022-02-07,4310,2022-01-10,0812,288,43635,1,5,4,4310,0,0,0,,0,003,"TENNANT AV","VINEYARD BL",0.00,,Y,A,-,N,,,,,,,,,,Y,3,0,1,2,A,-,12,21453,A,N,D,C,A,A,H,-,A,A,0,,,,,Y,,A,01,0,1,0,0,0,0,0,0,0,"- ","- ",37.115100860595703,-121.6378173828125,"SANTA CLARA","MORGAN HILL",-121.63768768310547,37.114902496337891
9403438,2022,2022-03-16,4313,2022-02-24,2046,4776,ROBER,4,5,7,4313,0,0,0,,0,0R3,"MATRIX BL","N 1ST ST",0.00,,N,A,-,N,,,,,,,,,,Y,4,0,1,1,A,-,05,21651,A,N,H,A,A,A,H,-,C,D,0,,,,,Y,,-,,0,0,1,0,0,0,0,0,0,"- ","- ",37.221580505371094,-121.54599761962891,"SANTA CLARA","SAN JOSE",-121.91677856445312,37.371124267578125
9403794,2022,2022-03-17,4313,2022-03-01,1500,4554,NORA1,2,5,7,4313,0,0,0,,0,0N1,"RAINBOW DR","PETAL WY",0.00,,Y,A,-,N,,,,,,,,,,Y,3,0,2,2,A,-,05,21460,,N,A,C,A,A,-,-,A,D,0,,,,,Y,,-,,0,1,1,0,0,0,0,0,0,"- ","- ",,,"SANTA CLARA","SAN JOSE",-122.01181030273438,37.301219940185547
9405288,2022,2022-03-29,4313,2022-01-14,0811,4654,CENTR,5,5,7,4313,0,0,0,,0,0R2,"TRIMBLE RD","TRIMBLE RD 2760",0.00,,-,A,-,N,,,,,,,,,,N,4,0,1,2,D,-,00,,,N,D,E,A,A,H,-,A,D,0,,,,,Y,,-,"- ",0,0,1,0,0,0,0,0,0,"- ","- ",,,"SANTA CLARA","SAN JOSE",-121.93932342529297,37.379421234130859
9405429,2022,2022-02-24,4313,2022-01-25,0920,5010,SAM,2,5,7,4313,0,0,0,,0,0S6,"GOODYEAR ST","1ST ST",91.00,W,N,A,-,N,,,,,,,,,,Y,4,0,1,2,A,-,09,21801,,N,A,C,A,A,-,-,A,A,0,,,,,Y,,-,,0,0,1,0,0,0,0,0,0,"- ","- ",,,"SANTA CLARA","SAN JOSE",-121.87786865234375,37.319877624511719
9406439,2022,2022-02-23,4313,2022-02-10,1208,4920,CENTR,4,5,7,4313,0,0,0,,0,0R3,"N 1ST ST","N 1ST ST 1788",0.00,,Y,A,-,N,,,,,,,,,,N,4,0,1,2,A,-,21,22106,,N,G,B,E,A,H,-,A,D,0,Y,,,,Y,,-,"- ",0,0,1,0,1,0,0,0,0,"- ","- ",,,"SANTA CLARA","SAN JOSE",-121.89061737060547,37.336166381835938
9406440,2022,2022-02-23,4313,2022-02-10,1503,3274,CENTR,4,5,7,4313,0,0,0,,0,0V2,"N 11TH ST","VESTAL ST",0.00,,Y,A,-,N,,,,,,,,,,Y,4,0,1,2,A,-,08,22107,,N,D,C,A,A,H,-,A,D,0,,,,,Y,,-,,0,0,1,0,0,0,0,0,0,"- ","- ",37.212631225585938,-121.53314208984375,"SANTA CLARA","SAN JOSE",-121.89202117919922,37.357345581054688
9406449,2022,2022-02-24,4313,2022-02-07,0004,4597,FOOTH,1,5,7,4313,0,0,0,,0,0C1,"BAMBI LN","GALAHAD AV",321.00,E,N,A,-,N,,,,,,,,,,Y,4,0,1,2,A,-,08,22107,,N,C,E,A,A,H,-,C,D,0,,,,,Y,,-,,0,0,1,0,0,0,0,0,0,"- ","- ",,,"SANTA CLARA","SAN JOSE",-121.830810546875,37.352962493896484
9406450,2022,2022-04-05,4313,2022-02-07,1316,4962,SOUTH,1,5,7,4313,0,0,0,,0,0Y4,"SANTA TERESA BL","VINEYARD DR",0.00,,Y,A,-,N,,,,,,,,,,Y,4,0,2,2,A,-,08,22107,,N,B,C,A,A,H,-,A,A,0,,,,,Y,,-,,0,0,2,0,0,0,0,0,0,SO,"- ",37.135101318359375,-121.47073364257812,"SANTA CLARA","SAN JOSE",-121.78353118896484,37.230777740478516
9407636,2022,2022-03-04,4313,2022-02-11,1034,4923,FOOTH,5,5,7,4313,0,0,0,,0,0P2,"E CAPITOL EXPWY","TULLY RD",0.00,,-,A,-,N,,,,,,,,,,N,4,0,2,2,A,-,04,21703,,N,C,C,A,A,H,-,A,A,0,,,,,Y,,-,,0,0,2,0,0,0,0,0,0,"- ","- ",,,"SANTA CLARA","SAN JOSE",-121.81291961669922,37.331226348876953
9407741,2022,2022-03-10,4313,2022-02-22,1601,5000,CENTR,2,5,7,4313,0,0,0,,0,0K1,"E SANTA CLARA ST","N 7TH ST",0.00,,N,A,-,N,,,,,,,,,,Y,3,0,1,2,A,-,09,21804,A,N,A,-,A,A,-,-,A,A,0,,,,,Y,,-,,0,1,0,0,0,0,0,0,0,"- ","- ",,,"SANTA CLARA","SAN JOSE",-121.88419342041016,37.339218139648438
9407750,2022,2022-03-11,4313,2022-02-05,1530,3838,CENTR,6,5,7,4313,0,0,0,,0,0K6,"S 10TH ST","MARGARET ST",0.00,,Y,A,-,N,,,,,,,,,,,3,0,1,3,A,-,09,21802,A,N,B,C,A,A,H,-,A,A,0,,,,,Y,,-,,0,1,0,0,0,0,0,0,0,"- ","- ",,,"SANTA CLARA","SAN JOSE",-121.8731689453125,37.330127716064453
9411175,2022,2022-03-07,4313,2022-02-12,1330,4871,DS,6,5,7,4313,0,0,0,,0,0S4,"LINCOLN AV","MINNESOTA AV",0.00,,Y,A,-,N,,,,,,,,,,Y,4,0,2,2,A,-,09,21453,C,N,D,C,A,A,H,-,A,A,0,,,,,Y,,-,,0,0,2,0,0,0,0,0,0,"- ","- ",,,"SANTA CLARA","SAN JOSE",-121.89730834960938,37.303596496582031
9411179,2022,2022-03-02,4313,2022-02-16,0801,4913,FRANK,3,5,7,4313,0,0,0,,0,004,"RACE ST","THE ALAMEDA",0.00,,Y,A,-,N,,,,,,,,,,N,2,0,1,2,A,-,11,21954,A,N,G,B,D,A,H,-,A,A,0,Y,,,,Y,,N,60,1,0,0,0,1,0,0,0,0,"- ","- ",,,"SANTA CLARA","SAN JOSE",-121.91197967529297,37.331512451171875
9413449,2022,2022-03-23,4313,2022-02-14,1728,4561,ROBER,1,5,7,4313,0,0,0,,0,001,"MONTAGUE EXPWY","ZANKER RD",0.00,,Y,B,-,N,,,,,,,,,,N,4,0,1,2,A,-,03,22350,,N,C,C,A,A,H,-,B,A,0,,,,,Y,,-,,0,0,1,0,0,0,0,0,0,"- ","- ",,,"SANTA CLARA","SAN JOSE",-121.93208312988281,37.398799896240234
9413458,2022,2022-05-25,4313,2022-02-18,2204,4776,ROBER,5,5,7,4313,0,0,0,,0,0R3,"E BROKAW RD","RT 880",0.00,,-,A,-,Y,SCL,4,880,-,-,5.221,R,4,S,Y,3,0,4,2,A,-,09,21453,C,N,A,C,A,A,H,-,C,A,0,,,,,Y,,-,,0,2,2,0,0,0,0,0,0,"- ",FR,37.225589752197266,-121.54194641113281,"SANTA CLARA","SAN JOSE",-121.90408325195312,37.380397796630859
9414296,2022,2022-03-24,4313,2022-02-26,0019,4808,TOM,6,5,7,4313,0,0,0,,0,0T1,"SOUTH BASCOM AV","CAMDEN AV",0.00,,Y,A,-,N,,,,,,,,,,Y,3,0,1,2,A,-,12,21453,A,N,A,C,A,A,H,-,C,A,0,,,,,Y,Y,-,,0,1,0,0,0,0,0,0,0,"- ","- ",,,"SANTA CLARA","SAN JOSE",-121.94105529785156,37.266120910644531
9414554,2022,2022-03-25,4300,2022-01-16,1300,2370,S6,7,5,4,4315,0,0,0,,0,71S5,"CONGRESS SPRINGS RD","CONGRESS SPRINGS LN",1024.00,E,N,A,-,Y,SCL,4,9,-,-,6.050,H,-,N,Y,3,0,1,1,A,-,03,22350,,N,E,I,A,A,H,-,A,D,0,,,Y,,Y,,C,02,0,1,0,0,0,0,0,0,1,"- ","- ",37.251899719238281,-122.05609893798828,"SANTA CLARA",SARATOGA,-122.05299377441406,37.251029968261719
9414798,2022,2022-02-28,4311,2022-01-22,0741,53580,5407,6,5,5,4311,0,0,0,,0,MV1,"CENTRAL EXPWY","CASTRO ST",30.00,,N,A,-,N,,,,,,,,,,Y,3,0,1,2,A,-,03,22350,,F,C,C,A,A,H,-,A,A,0,,,,,Y,,-,"- ",0,1,0,0,0,0,0,0,0,"- ","- ",,,"SANTA CLARA","MOUNTAIN VIEW",-122.07781982421875,37.395523071289062
9415039,2022,2022-03-02,4304,2022-02-07,1730,238,4304,1,5,4,4304,0,0,0,,0,001,"1ST ST","HANNA ST",16.00,S,N,A,-,N,,,,,,,,,,Y,3,0,1,2,A,-,05,21202,A,N,C,G,A,A,H,-,A,D,0,,Y,,,Y,,L,04,0,1,0,0,0,0,1,0,0,"- ","- ",,,"SANTA CLARA",GILROY,-121.57711029052734,37.013271331787109
9416026,2022,2022-03-22,4313,2022-02-28,1220,4938,PAUL,1,5,7,4313,0,0,0,,0,0P2,"E CAPITOL EXPWY","TULLY RD",0.00,,Y,A,-,N,,,,,,,,,,Y,4,0,2,3,A,-,03,22350,,N,C,D,A,A,H,-,A,A,0,,,,,Y,,-,,0,0,2,0,0,0,0,0,0,"- ","- ",,,"SANTA CLARA","SAN JOSE",-121.81291961669922,37.331226348876953
9416526,2022,2022-03-18,4308,2022-02-12,1810,334,31B01,6,5,5,4308,0,0,0,,0,001,"GREAT MALL PKWY","S MAIN ST",0.00,,Y,A,-,N,,,,,,,,,,Y,4,0,1,3,A,-,08,22107,,N,B,C,A,A,H,-,C,-,0,,,,,Y,,A,01,0,0,1,0,0,0,0,0,0,"- ","- ",37.414241790771484,-121.90218353271484,"SANTA CLARA",MILPITAS,-121.90184783935547,37.414375305175781