CASE_ID,ACCIDENT_YEAR,PROC_DATE,JURIS,COLLISION_DATE,COLLISION_TIME,OFFICER_ID,REPORTING_DISTRICT,DAY_OF_WEEK,CHP_SHIFT,POPULATION,CNTY_CITY_LOC,SPECIAL_COND,BEAT_TYPE,CHP_BEAT_TYPE,CITY_DIVISION_LAPD,CHP_BEAT_CLASS,BEAT_NUMBER,PRIMARY_RD,SECONDARY_RD,DISTANCE,DIRECTION,INTERSECTION,WEATHER_1,WEATHER_2,STATE_HWY_IND,CALTRANS_COUNTY,CALTRANS_DISTRICT,STATE_ROUTE,ROUTE_SUFFIX,POSTMILE_PREFIX,POSTMILE,LOCATION_TYPE,RAMP_INTERSECTION,SIDE_OF_HWY,TOW_AWAY,COLLISION_SEVERITY,NUMBER_KILLED,NUMBER_INJURED,PARTY_COUNT,PRIMARY_COLL_FACTOR,PCF_CODE_OF_VIOL,PCF_VIOL_CATEGORY,PCF_VIOLATION,PCF_VIOL_SUBSECTION,HIT_AND_RUN,TYPE_OF_COLLISION,MVIW,PED_ACTION,ROAD_SURFACE,ROAD_COND_1,ROAD_COND_2,LIGHTING,CONTROL_DEVICE,CHP_ROAD_TYPE,PEDESTRIAN_ACCIDENT,BICYCLE_ACCIDENT,MOTORCYCLE_ACCIDENT,TRUCK_ACCIDENT,NOT_PRIVATE_PROPERTY,ALCOHOL_INVOLVED,STWD_VEHTYPE_AT_FAULT,CHP_VEHTYPE_AT_FAULT,COUNT_SEVERE_INJ,COUNT_VISIBLE_INJ,COUNT_COMPLAINT_PAIN,COUNT_PED_KILLED,COUNT_PED_INJURED,COUNT_BICYCLIST_KILLED,COUNT_BICYCLIST_INJURED,COUNT_MC_KILLED,COUNT_MC_INJURED,PRIMARY_RAMP,SECONDARY_RAMP,LATITUDE,LONGITUDE,COUNTY,CITY,POINT_X,POINT_Y
9650336,2023,2024-04-13,4313,2023-12-23,1739,5122,MARY,6,5,7,4313,0,0,0,,0,0M5,"CAPITOL EXPWY","680 HWY",25.00,S,N,A,-,N,,,,,,,,,,Y,4,0,2,2,A,-,00,23123,,N,C,C,A,A,H,-,C,-,0,,,,,Y,,-,,0,0,2,0,0,0,0,0,0,"- ","- ",,,"SANTA CLARA","SAN JOSE",-121.83883666992188,37.355678558349609
9650338,2023,2024-02-16,4313,2023-12-19,1833,3716,FOOTH,2,5,7,4313,0,0,0,,0,0W1,"HOSTETTER RD","AGUA VISTA DR",0.00,,Y,C,-,N,,,,,,,,,,Y,2,0,2,2,A,-,08,22107,,N,B,C,A,B,H,-,C,D,0,,,,,Y,,-,,1,0,1,0,0,0,0,0,0,"- ","- ",,,"SANTA CLARA","SAN JOSE",,
9651265,2023,2024-03-01,4311,2023-12-08,"743 ",57193,5317,5,5,5,4311,0,0,0,,0,MV1,"RT 237","CENTRE ST",0.00,,Y,A,-,Y,SCL,4,237,-,R,0.080,I,5,E,N,3,0,1,2,A,-,09,21801,A,N,B,C,A,A,H,-,A,D,0,,,,,Y,,D,22,0,1,0,0,0,0,0,0,0,"- ","- ",,,"SANTA CLARA","MOUNTAIN VIEW",-122.07192230224609,37.381538391113281
9651640,2023,2024-01-22,4313,2023-11-08,1556,4442,PAUL,3,5,7,4313,0,0,0,,0,0P2,"REMINGTON WY","QUIMBY RD",0.00,,Y,A,-,N,,,,,,,,,,N,4,0,1,2,A,-,08,22107,,N,G,G,A,A,H,-,A,A,0,,Y,,,Y,,-,,0,0,1,0,0,0,1,0,0,"- ","- ",,,"SANTA CLARA","SAN JOSE",,
9654641,2023,2024-03-02,4313,2023-12-19,1930,4936,ROBER,2,5,7,4313,0,0,0,,0,001,"RIO ROBLES DR","N 1ST ST",0.00,,Y,C,-,N,,,,,,,,,,N,4,0,1,2,A,-,04,21703,,N,C,C,A,B,H,-,B,A,0,,,,,Y,,-,,0,0,1,0,0,0,0,0,0,"- ","- ",,,"SANTA CLARA","SAN JOSE",,
9654685,2023,2024-03-02,4313,2023-12-09,1603,5046,SAM,6,5,7,4313,0,0,0,,0,003,"HULL AV","PREVOST ST",0.00,,Y,A,-,N,,,,,,,,,,N,4,0,2,2,A,-,09,21802,A,N,D,C,A,A,H,-,A,A,0,,,,,Y,,-,,0,0,2,0,0,0,0,0,0,"- ","- ",,,"SANTA CLARA","SAN JOSE",,
9656190,2023,2024-01-22,4304,2023-11-19,"341 ",247,4304,7,5,4,4304,0,0,0,,0,004,"LEAVESLEY RD","ARROYO CIR",0.00,,Y,A,-,N,,,,,,,,,,Y,3,0,1,1,A,-,08,22107,,N,E,I,A,B,H,-,C,D,0,,,,,Y,,A,01,0,1,0,0,0,0,0,0,0,"- ","- ",,,"SANTA CLARA",GILROY,,
9657034,2023,2024-02-08,4311,2023-12-21,2500,57073,5416,4,5,5,4311,0,0,0,,0,MV3,"CHARLESTON RD","INDEPENDENCE AV",235.00,W,N,A,-,N,,,,,,,,,,N,3,0,1,2,A,-,09,21801,A,N,D,C,A,A,H,-,A,D,0,,,,,Y,,A,01,0,1,0,0,0,0,0,0,0,"- ","- ",,,"SANTA CLARA","MOUNTAIN VIEW",-122.09761047363281,37.421619415283203
9657723,2023,2024-02-07,4313,2023-12-26,"816 ",4543,YELLO,2,5,7,4313,0,0,0,,0,0Y3,"OMIRA DR","LEAN AV",0.00,,Y,A,-,N,,,,,,,,,,Y,3,0,1,2,A,-,03,22350,,N,F,E,A,A,H,-,A,D,0,,,,,Y,,-,,0,1,0,0,0,0,0,0,0,"- ","- ",,,"SANTA CLARA","SAN JOSE",,
9661401,2023,2024-02-07,4313,2023-12-05,"544 ",5035,,2,5,7,4313,0,0,0,,0,0R3,"E BROKAW RD","N 1ST ST",0.00,,Y,A,-,N,,,,,,,,,,Y,4,0,2,2,A,-,12,21453,,N,A,C,A,A,H,-,B,A,0,,,,,Y,,-,,0,0,2,0,0,0,0,0,0,"- ","- ",,,"SANTA CLARA","SAN JOSE",,
9662239,2023,2024-02-02,4313,2023-12-21,1422,4415,ROBER,4,5,7,4313,0,0,0,,0,0R1,"W TASMAN DR","RENAISSANCE DR",0.00,,Y,A,-,N,,,,,,,,,,Y,4,0,3,2,D,-,00,,,N,D,C,A,A,H,-,A,A,0,,,,,Y,,-,"- ",0,0,3,0,0,0,0,0,0,"- ","- ",,,"SANTA CLARA","SAN JOSE",,
9662259,2023,2024-02-06,4313,2023-11-17,"827 ",4808,,5,5,7,4313,0,0,0,,0,0L2,"LUCRETIA AV","PHELAN AVE",0.00,,Y,A,-,N,,,,,,,,,,N,3,0,1,2,A,-,10,21950,A,N,G,B,B,A,H,-,A,A,0,Y,,,,Y,,-,,0,1,0,0,1,0,0,0,0,"- ","- ",,,"SANTA CLARA","SAN JOSE",,
9664303,2023,2024-03-27,4310,2023-11-27,2202,310,43635,1,5,4,4310,0,0,0,,0,001,"MAIN AV","LIGHT POLE 5379",24.00,W,N,A,-,N,,,,,,,,,,Y,3,0,1,3,A,-,01,23152,A,N,C,E,A,A,H,-,C,D,0,,,,,Y,Y,A,01,0,1,0,0,0,0,0,0,0,"- ","- ",,,"SANTA CLARA","MORGAN HILL",,
9667768,2023,2024-03-12,4313,2023-12-19,"554 ",5061,CENTR,2,5,7,4313,0,0,0,,0,0R4,"OAKLAND RD","COMMERCIAL ST",0.00,,Y,C,-,N,,,,,,,,,,N,3,0,1,2,A,-,00,21955,A,N,G,B,D,B,H,-,C,A,0,Y,,,,Y,,N,60,0,1,0,0,1,0,0,0,0,"- ","- ",37.215290069580078,-121.53302764892578,"SANTA CLARA","SAN JOSE",,
9667773,2023,2024-04-25,4313,2023-12-19,1916,4132,DS,2,5,7,4313,0,0,0,,0,0S4,"LINCOLN AV","LINCOLN AV 1245",0.00,,Y,B,-,N,,,,,,,,,,N,3,0,1,2,A,-,08,22107,,N,D,G,A,B,H,-,A,D,0,,Y,,,Y,,-,,0,1,0,0,0,0,1,0,0,"- ","- ",37.181991577148438,-121.53592681884766,"SANTA CLARA","SAN JOSE",,
9673077,2023,2024-03-06,4313,2023-12-17,"228 ",4946,ROBER,7,5,7,4313,0,0,0,,0,004,"LUNDY AV","BERRYESSA RD",0.00,,Y,A,-,N,,,,,,,,,,N,2,0,1,2,A,-,00,21221,,N,G,B,E,A,H,-,C,A,0,Y,,,,Y,,-,,1,0,0,0,1,0,0,0,0,"- ","- ",37.222560882568359,-121.52232360839844,"SANTA CLARA","SAN JOSE",,
9673084,2023,2024-03-07,4313,2023-12-14,1751,4891,CENTR,4,5,7,4313,0,0,0,,0,0R4,"E GISH RD","BERGER ST",0.00,,Y,A,-,N,,,,,,,,,,N,4,0,1,2,A,-,10,21950,,N,A,G,A,A,H,-,C,D,0,,Y,,,Y,,-,,0,0,1,0,0,0,1,0,0,"- ","- ",,,"SANTA CLARA","SAN JOSE",,
9673129,2023,2024-03-06,4313,2023-12-11,"958 ",4954,VICTO,1,5,7,4313,0,0,0,,0,0V2,"13TH ST","TAYLOR ST",0.00,,Y,A,-,N,,,,,,,,,,Y,4,0,1,2,A,-,12,21453,A,N,B,D,A,A,H,-,A,A,0,,,,,Y,Y,-,,0,0,1,0,0,0,0,0,0,"- ","- ",,,"SANTA CLARA","SAN JOSE",,
9673137,2023,2024-04-04,4313,2023-12-24,1553,5054,FRANK,7,5,7,4313,0,0,0,,0,0F5,"LEIGH AV","PARKMOOR AV",0.00,,N,A,-,N,,,,,,,,,,Y,4,0,2,2,A,-,21,22106,,N,A,C,A,A,H,-,A,D,0,,,,,Y,,-,,0,0,2,0,0,0,0,0,0,"- ","- ",37.192180633544922,-121.55258178710938,"SANTA CLARA","SAN JOSE",,
9678928,2023,2024-03-23,4313,2023-11-21,1830,5130,FRANK,2,5,7,4313,0,0,0,,0,004,"THE ALAMEDA","FREMONT ST",0.00,,Y,A,-,N,,,,,,,,,,N,4,0,1,2,A,-,09,21801,,N,B,-,A,A,H,-,C,D,0,,,,,Y,,-,,0,0,1,0,0,0,0,0,0,"- ","- ",,,"SANTA CLARA","SAN JOSE",,
9693764,2023,2024-05-17,4313,2023-11-30,1801,3967,DM,4,5,7,4313,0,0,0,,0,0M3,"KING RD","ALUM ROCK AV",0.00,,Y,A,-,N,,,,,,,,,,N,3,0,2,2,A,-,04,21703,,N,C,C,A,A,H,-,C,A,0,,,Y,,Y,,-,99,0,1,1,0,0,0,0,0,2,"- ","- ",37.21099853515625,-121.51200866699219,"SANTA CLARA","SAN JOSE",,
81688924,2022,2022-01-31,4314,2022-01-26,1458,S4678,,3,5,6,4314,0,0,0,,0,002,"FOREST AVE","WESTRIDGE DR",0.00,,Y,A,-,N,,,,,,,,,,N,4,0,2,2,A,-,09,21803,A,N,D,C,A,A,H,-,A,D,0,,,,,Y,,A,01,0,0,2,0,0,0,0,0,0,"- ","- ",37.326309204101562,-121.95675659179688,"SANTA CLARA","SANTA CLARA",-121.95639038085938,37.327030181884766
81688929,2022,2022-01-31,4314,2022-01-27,1635,S4678,,4,5,6,4314,0,0,0,,0,006,"LAFAYETTE ST","MONTAGUE EXPY",0.00,,Y,A,-,N,,,,,,,,,,Y,4,0,1,3,A,-,05,21651,B,F,B,C,A,A,H,-,A,D,0,,,,Y,Y,,F,26,0,0,1,0,0,0,0,0,0,"- ","- ",37.388648986816406,-121.95400238037109,"SANTA CLARA","SANTA CLARA",-121.95491790771484,37.389331817626953
81709418,2022,2022-02-25,4314,2022-02-19,2030,B1718,,6,5,6,4314,0,0,0,,0,,"STEVENS CREEK BLVD","KIELY BLVD",0.00,,Y,A,-,N,,,,,,,,,,N,3,0,1,2,A,-,10,21950,A,F,G,B,B,A,H,-,C,A,0,Y,,,,Y,,A,01,0,1,0,0,1,0,0,0,0,"- ","- ",37.323101043701172,-121.975341796875,"SANTA CLARA","SANTA CLARA",-121.97544860839844,37.323154449462891
81714889,2022,2022-03-04,4314,2022-01-28,1241,S4678,,5,5,6,4314,0,0,0,,0,001,"LAWRENCE EX N/B ON-RAMP","STEVENS CREEK BL",13.00,N,N,A,-,N,,,,,,,,,,N,4,0,1,2,A,-,03,22350,,F,C,C,A,A,H,-,A,D,0,,,,,Y,,A,01,0,0,1,0,0,0,0,0,0,"- ","- ",37.323188781738281,-121.99514007568359,"SANTA CLARA","SANTA CLARA",-121.9957275390625,37.323146820068359
81715857,2022,2022-03-07,4314,2022-02-26,2311,N2448,43471,6,5,6,4314,0,0,0,,0,004,"MONROE ST","FRANCIS AVE",82.00,E,N,A,-,N,,,,,,,,,,N,2,0,2,1,A,-,01,23153,A,N,E,I,A,A,H,-,C,A,0,,,,,Y,Y,A,01,1,1,0,0,0,0,0,0,0,"- ","- ",37.363399505615234,-121.98072052001953,"SANTA CLARA","SANTA CLARA",-121.9810791015625,37.363578796386719
81721415,2022,2022-03-14,4316,2022-02-08,0844,16913,51,2,5,6,4316,0,0,0,,0,005,"MARY AVENUE","OLIVE AVENUE",76.00,S,N,A,-,N,,,,,,,,,,N,3,0,3,3,A,-,03,22350,,N,C,C,A,A,H,-,A,D,0,,,,,Y,,A,01,0,1,2,0,0,0,0,0,0,"- ","- ",,,"SANTA CLARA",SUNNYVALE,-122.04818725585938,37.372699737548828
81726299,2022,2022-03-18,4316,2022-02-13,2252,18658,,7,5,6,4316,0,0,0,,0,,"BERNARDO AVENUE","MC KINLEY AVENUE",0.00,,Y,A,-,N,,,,,,,,,,Y,4,0,1,4,A,-,06,21755,A,N,B,E,A,A,H,-,C,D,0,,,,,Y,,A,01,0,0,1,0,0,0,0,0,0,"- ","- ",,,"SANTA CLARA",SUNNYVALE,-122.05467224121094,37.378711700439453
81733403,2022,2022-03-25,4314,2022-03-14,1344,M3454,43471,1,5,6,4314,0,0,0,,0,004,"CALABAZAS BLVD","EL CAMINO REAL",173.00,N,N,A,-,Y,SCL,,82,,,13.659,H,,R,N,4,0,1,2,A,-,08,22107,,N,B,D,A,A,H,-,A,D,0,,,,,Y,,A,01,0,0,1,0,0,0,0,0,0,"- ","- ",37.352470397949219,-121.98390960693359,"SANTA CLARA","SANTA CLARA",-121.98390960693359,37.352447509765625
81734334,2022,2022-03-28,4316,2022-02-25,1009,16080,42,5,5,6,4316,0,0,0,,0,004,"EL CAMINO REAL","FAIR OAKS AVENUE",0.00,,Y,A,-,Y,,,,,,,,,,N,3,0,1,2,A,-,08,22107,,N,D,G,A,A,H,-,A,A,0,,Y,,,Y,,A,01,0,1,0,0,0,0,1,0,0,"- ","- ",,,"SANTA CLARA",SUNNYVALE,-122.02497863769531,37.361862182617188
81738519,2022,2022-04-01,4314,2022-03-22,0758,S4678,,2,5,6,4314,0,0,0,,0,005,"COMSTOCK ST","KENNETH ST",1057.00,E,N,A,-,N,,,,,,,,,,Y,4,0,1,2,A,-,03,22350,,N,C,E,A,A,H,-,A,D,0,,,,,Y,,A,01,0,0,1,0,0,0,0,0,0,"- ","- ",37.374729156494141,-121.95680999755859,"SANTA CLARA","SANTA CLARA",-121.95313262939453,37.374614715576172
81749400,2022,2022-04-18,4316,2022-03-24,1538,18656,53,4,5,6,4316,0,0,0,,0,005,"WRIGHT AVENUE","THE DALLES",0.00,,Y,A,-,N,,,,,,,,,,Y,3,0,1,2,A,-,09,21802,A,N,D,C,A,A,H,-,A,A,0,,,,,Y,,A,01,0,1,0,0,0,0,0,0,0,"- ","- ",,,"SANTA CLARA",SUNNYVALE,-122.05503845214844,37.344806671142578
81754090,2022,2022-04-22,4314,2022-04-11,1954,S2046,,1,5,6,4314,0,0,0,,0,001,"PRUNERIDGE AVE","WOODHAMS RD",0.00,,Y,A,-,N,,,,,,,,,,Y,4,0,1,2,A,-,12,21453,A,N,D,C,A,A,H,-,C,A,0,,,,,Y,,A,01,0,0,1,0,0,0,0,0,0,"- ","- ",37.329608917236328,-121.98123931884766,"SANTA CLARA","SANTA CLARA",-121.98091888427734,37.329994201660156
81755194,2022,2022-04-25,4302,2022-03-21,1822,94,,1,5,4,4302,0,0,0,,0,,"YORK AVE","POLLARD RD",45.00,N,N,A,-,N,,,,,,,,,,N,4,0,1,3,A,-,08,22107,1,N,A,E,A,A,H,-,A,D,0,,,,,Y,,A,01,0,0,1,0,0,0,0,0,0,"- ","- ",,,"SANTA CLARA",CAMPBELL,-121.9775390625,37.265251159667969
81756239,2022,2022-04-26,4316,2022-04-05,0759,15094,62,2,5,6,4316,0,0,0,,0,006,"HARWICK WAY","ALBATROSS DRIVE",0.00,,Y,A,-,N,,,,,,,,,,N,4,0,1,2,A,-,09,21802,A,N,D,G,A,A,H,-,A,A,0,,Y,,,Y,,L,04,0,0,1,0,0,0,1,0,0,"- ","- ",,,"SANTA CLARA",SUNNYVALE,-122.03119659423828,37.343017578125
81760612,2022,2022-04-29,4316,2022-04-11,1830,16953,23,1,5,6,4316,0,0,0,,0,002,"OLD MOUNTAIN VIEW ALVISO ROAD","HAMMERWOOD AV",11.00,W,N,A,-,N,,,,,,,,,,Y,3,0,1,1,A,-,03,22350,,N,E,I,A,A,H,-,A,D,0,,,,,Y,,A,07,0,1,0,0,0,0,0,0,0,"- ","- ",,,"SANTA CLARA",SUNNYVALE,-121.99040985107422,37.410655975341797
81761640,2022,2022-05-02,4316,2022-04-04,1309,15094,34,1,5,6,4316,0,0,0,,0,003,"FAIR OAKS AVENUE","OLD SAN FRANCISCO ROAD",0.00,,Y,A,-,N,,,,,,,,,,N,3,0,1,2,A,-,11,21954,A,N,G,B,B,A,H,-,A,A,0,Y,,,,Y,,N,60,0,1,0,0,1,0,0,0,0,"- ","- ",,,"SANTA CLARA",SUNNYVALE,-122.02316284179688,37.367298126220703
81762814,2022,2022-05-03,4314,2022-04-20,1854,G4969,,3,5,6,4314,0,0,0,,0,,"MONROE ST","SAN TOMAS EXPY",7.00,W,N,A,-,N,,,,,,,,,,N,3,0,1,2,A,-,04,21703,,N,C,C,A,A,H,-,A,A,0,,,,,Y,,A,01,0,1,0,0,0,0,0,0,0,"- ","- ",,,"SANTA CLARA","SANTA CLARA",-121.96672058105469,37.363376617431641
81766773,2022,2022-05-09,4314,2022-04-25,1659,D4241,43471,1,5,6,4314,0,0,0,,0,001,"EL CAMINO REAL","HALFORD AVE",0.00,,Y,A,-,Y,SCL,,82,,,14.532,H,,R,Y,4,0,2,2,A,-,12,21453,A,N,A,C,A,A,H,-,A,A,0,,,,,Y,,-,"- ",0,0,2,0,0,0,0,0,0,"- ","- ",37.352218627929688,-121.99920654296875,"SANTA CLARA","SANTA CLARA",-121.99921417236328,37.352367401123047
81766778,2022,2022-05-09,4314,2022-04-30,1649,C2110,,6,5,6,4314,0,0,0,,0,001,"PRUNERIDGE AVE","WOODHAMS RD",0.00,,Y,A,-,N,,,,,,,,,,Y,3,0,2,2,A,-,09,21801,A,N,D,C,A,A,H,-,A,A,0,,,,,Y,,A,01,0,1,1,0,0,0,0,0,0,"- ","- ",37.330001831054688,-121.98069763183594,"SANTA CLARA","SANTA CLARA",-121.98091888427734,37.329994201660156
81773186,2022,2022-05-16,4307,2022-05-13,1300,S074,LG300,5,5,4,4307,0,0,0,,0,003,"211 LOS GATOS SARATOGA RD","TAIT AVENUE",202.00,E,-,A,-,Y,SCL,,9,,,10.878,H,,R,N,3,0,2,2,A,-,03,22350,,F,C,D,A,A,H,-,A,D,0,,,,,Y,,A,01,0,2,0,0,0,0,0,0,0,"- ","- ",37.230560302734375,-121.98361968994141,"SANTA CLARA","LOS GATOS",-121.98355102539062,37.230628967285156
81779042,2022,2022-05-24,4307,2022-02-17,1753,S091,LG306,4,5,4,4307,0,0,0,,0,003,"LOS GATOS BLVD","LOMA ALTA",0.00,,Y,A,-,N,,,,,,,,,,N,3,0,1,2,A,-,12,22450,,N,H,G,A,A,H,-,B,A,0,,Y,,,Y,,L,04,0,1,0,0,0,0,1,0,0,"- ","- ",37.222190856933594,-121.97239685058594,"SANTA CLARA","LOS GATOS",-121.97242736816406,37.222217559814453
81780858,2022,2022-05-26,4314,2022-05-24,1409,L0213,,2,5,6,4314,0,0,0,,0,003,"EL CAMINO REAL","BENTON ST",0.00,,Y,A,-,N,,,,,,,,,,Y,4,0,1,2,A,-,12,21453,A,N,D,C,A,A,H,-,A,A,0,,,,,Y,,A,01,0,0,1,0,0,0,0,0,0,"- ","- ",,,"SANTA CLARA","SANTA CLARA",-121.93856811523438,37.353042602539062
81783919,2022,2022-05-30,4316,2022-05-09,1931,20280,52,1,5,6,4316,0,0,0,,0,005,"MARY AVENUE","ROCKEFELLER DRIVE",110.00,S,N,A,-,N,,,,,,,,,,Y,4,0,1,3,A,-,08,22107,,N,C,E,A,A,H,-,A,D,0,,,,,Y,,A,01,0,0,1,0,0,0,0,0,0,"- ","- ",,,"SANTA CLARA",SUNNYVALE,-122.05017852783203,37.358318328857422
81786403,2022,2022-06-02,4316,2022-05-13,2126,18657,62,5,5,6,4316,0,0,0,,0,006,"HOMESTEAD ROAD","HERON AVENUE",148.00,E,N,A,-,N,,,,,,,,,,Y,4,0,1,3,A,-,08,22107,,N,C,E,A,A,H,-,C,A,0,,,,,Y,Y,A,01,0,0,1,0,0,0,0,0,0,"- ","- ",,,"SANTA CLARA",SUNNYVALE,-122.01785278320312,37.337680816650391
81789580,2022,2022-06-07,4314,2022-06-03,1539,D3648,,5,5,6,4314,0,0,0,,0,001,"PRUNERIDGE AVE","GENEVA DR",42.00,E,N,A,-,N,,,,,,,,,,Y,3,0,3,3,A,-,04,21703,,N,C,C,A,A,H,-,A,A,0,,,,,Y,,A,01,0,1,2,0,0,0,0,0,0,"- ","- ",37.331348419189453,-121.99134826660156,"SANTA CLARA","SANTA CLARA",-121.99081420898438,37.331619262695312
81790147,2022,2022-06-07,4307,2022-05-19,1535,S042,LG102,4,5,4,4307,0,0,0,,0,001,"LARK AVE","OKA RD",0.00,,Y,A,-,N,,,,,,,,,,N,3,0,1,2,A,-,12,21453,A,N,H,G,A,A,H,-,A,A,0,,Y,,,Y,,A,01,0,1,0,0,0,0,1,0,0,"- ","- ",37.250888824462891,-121.96221160888672,"SANTA CLARA","LOS GATOS",-121.96224975585938,37.250881195068359
81793601,2022,2022-06-13,4316,2022-05-21,1433,16890,26,6,5,6,4316,0,0,0,,0,002,"CALIENTE DRIVE","BERNAL AVENUE",0.00,,Y,A,-,N,,,,,,,,,,N,4,0,1,2,A,-,09,21804,A,N,B,C,A,A,H,-,A,D,0,,,,,Y,,A,01,0,0,1,0,0,0,0,0,0,"- ","- ",,,"SANTA CLARA",SUNNYVALE,-122.01332855224609,37.391067504882812
81796271,2022,2022-06-16,4316,2022-05-23,1433,16847,12,1,5,6,4316,0,0,0,,0,001,"WEDDELL DRIVE","WEDDELL COURT",292.00,E,N,A,-,N,,,,,,,,,,Y,3,0,2,2,A,-,08,22107,,N,A,C,A,A,H,-,A,D,0,,,,,Y,,A,01,0,1,1,0,0,0,0,0,0,"- ","- ",,,"SANTA CLARA",SUNNYVALE,-122.02020263671875,37.397586822509766
81796283,2022,2022-06-16,4314,2022-06-06,2054,S2046,43471,1,5,6,4314,0,0,0,,0,004,"MONROE ST","LAWRENCE EXPY",52.00,E,N,A,-,Y,,,,,,,,,,Y,4,0,2,2,A,-,01,23153,A,F,C,C,A,A,H,-,C,D,0,,,,,Y,Y,I,11,0,0,2,0,0,0,0,0,0,"- ","- ",37.366661071777344,-121.99568176269531,"SANTA CLARA","SANTA CLARA",-121.99584197998047,37.366855621337891
81796286,2022,2022-06-16,4314,2022-06-14,1803,K7040,43471,2,5,6,4314,0,0,0,,0,003,"NEWHALL ST","TULIP RD",26.00,E,N,A,-,N,,,,,,,,,,N,4,0,1,2,A,-,09,21801,A,N,A,C,A,A,H,-,A,D,0,,,Y,,Y,,A,01,0,0,1,0,0,0,0,0,1,"- ","- ",37.337871551513672,-121.9403076171875,"SANTA CLARA","SANTA CLARA",-121.94031524658203,37.337764739990234
81797191,2022,2022-06-17,4316,2022-04-19,1155,15203,51,2,5,6,4316,0,0,0,,0,005,"REMINGTON DRIVE","MANGO AVENUE",0.00,,Y,A,-,N,,,,,,,,,,N,3,0,1,2,A,-,09,21804,A,N,D,J,A,A,H,-,A,D,0,,,,,Y,,M,94,0,1,0,0,0,0,0,0,0,"- ","- ",,,"SANTA CLARA",SUNNYVALE,-122.0543212890625,37.359477996826172
81798128,2022,2022-06-20,4314,2022-06-14,2136,D4241,43471,2,5,6,4314,0,0,0,,0,001,"HOMESTEAD RD","POMEROY AVE",239.00,E,N,A,-,N,,,,,,,,,,N,4,0,1,2,A,-,09,21804,A,N,D,C,A,A,H,-,C,D,0,,,,,Y,,A,01,0,0,1,0,0,0,0,0,0,"- ","- ",37.337860107421875,-121.98747253417969,"SANTA CLARA","SANTA CLARA",-121.98662567138672,37.337860107421875
81799351,2022,2022-06-21,4316,2022-06-04,1450,18656,33,6,5,6,4316,0,0,0,,0,003,"EL CAMINO REAL","PASTORIA AVENUE",0.00,,Y,A,-,Y,,,,,,,,,,N,4,0,1,3,A,-,12,21453,A,N,D,C,A,A,H,-,A,A,0,,,,,Y,,A,01,0,0,1,0,0,0,0,0,0,"- ","- ",,,"SANTA CLARA",SUNNYVALE,-122.04086303710938,37.370170593261719
81810040,2022,2022-07-05,4307,2022-05-11,1844,S101,LG206,3,5,4,4307,0,0,0,,0,002,"BLOSSOM HILL RD","CAMELLIA TER",0.00,,Y,A,-,N,,,,,,,,,,N,3,0,1,2,A,-,09,21804,A,M,H,G,A,A,H,-,A,D,0,,Y,,,Y,,A,01,0,1,0,0,0,0,1,0,0,"- ","- ",37.235370635986328,-121.96115875244141,"SANTA CLARA","LOS GATOS",-121.96115875244141,37.235420227050781
81813442,2022,2022-07-11,4316,2022-03-28,2210,17098,,1,5,6,4316,0,0,0,,0,,"EL CAMINO REAL","BERNARDO AVENUE",937.00,W,N,A,-,Y,,,,,,,,,,Y,2,0,2,3,A,-,05,21651,A,N,A,C,A,A,H,-,C,D,0,,,,,Y,,A,01,2,0,0,0,0,0,0,0,0,"- ","- ",,,"SANTA CLARA",SUNNYVALE,-122.05919647216797,37.375072479248047
81813777,2022,2022-07-11,4302,2022-06-29,0218,133,4302,3,5,4,4302,0,0,0,,0,003,"HAMILTON AVE","SALMAR AVE",0.00,,Y,A,-,N,,,,,,,,,,Y,4,0,3,2,A,-,01,23152,,N,D,C,A,A,H,-,C,A,0,,,,,Y,,A,01,0,0,3,0,0,0,0,0,0,"- ","- ",,,"SANTA CLARA",CAMPBELL,-121.93970489501953,37.294281005859375
81816667,2022,2022-07-14,4316,2022-06-26,0304,16820,,7,5,6,4316,0,0,0,,0,,"FAIR OAKS AVENUE","WOLFE ROAD",0.00,,Y,A,-,N,,,,,,,,,,N,3,0,1,1,A,-,01,23152,A,N,E,I,A,A,H,-,C,D,0,,,,,Y,Y,A,01,0,1,0,0,0,0,0,0,0,"- ","- ",,,"SANTA CLARA",SUNNYVALE,-122.01589965820312,37.38616943359375
81817721,2022,2022-07-15,4316,2022-06-26,2114,13828,44,7,5,6,4316,0,0,0,,0,004,"TAMARACK LANE",HELEN,0.00,,Y,A,-,N,,,,,,,,,,Y,3,0,1,3,A,-,03,22350,,N,B,E,A,A,H,-,C,D,0,,,,,Y,,A,01,0,1,0,0,0,0,0,0,0,"- ","- ",,,"SANTA CLARA",SUNNYVALE,-122.00098419189453,37.356586456298828
81818548,2022,2022-07-18,4316,2022-06-15,2100,17677,12,3,5,6,4316,0,0,0,,0,002,"LAWRENCE EXPRESSWAY","ARQUES AVENUE",0.00,,Y,A,-,N,,,,,,,,,,N,4,0,1,2,A,-,08,22107,,F,B,C,A,A,H,-,B,A,0,,,,,Y,,-,"- ",0,0,1,0,0,0,0,0,0,"- ","- ",,,"SANTA CLARA",SUNNYVALE,-121.99576568603516,37.380428314208984
81824728,2022,2022-07-26,4314,2022-07-17,1929,S7011,43471,7,5,6,4314,0,0,0,,0,006,"GREAT AMERICA PKWY","MISSION COLLEGE BLVD",0.00,,Y,A,-,N,,,,,,,,,,Y,3,0,2,4,A,-,12,21453,A,N,A,C,A,A,H,-,A,A,0,,,,,Y,,A,01,0,1,1,0,0,0,0,0,0,"- ","- ",37.39202880859375,-121.97586059570312,"SANTA CLARA","SANTA CLARA",-121.97683715820312,37.392532348632812