CASE_ID,ACCIDENT_YEAR,PROC_DATE,JURIS,COLLISION_DATE,COLLISION_TIME,OFFICER_ID,REPORTING_DISTRICT,DAY_OF_WEEK,CHP_SHIFT,POPULATION,CNTY_CITY_LOC,SPECIAL_COND,BEAT_TYPE,CHP_BEAT_TYPE,CITY_DIVISION_LAPD,CHP_BEAT_CLASS,BEAT_NUMBER,PRIMARY_RD,SECONDARY_RD,DISTANCE,DIRECTION,INTERSECTION,WEATHER_1,WEATHER_2,STATE_HWY_IND,CALTRANS_COUNTY,CALTRANS_DISTRICT,STATE_ROUTE,ROUTE_SUFFIX,POSTMILE_PREFIX,POSTMILE,LOCATION_TYPE,RAMP_INTERSECTION,SIDE_OF_HWY,TOW_AWAY,COLLISION_SEVERITY,NUMBER_KILLED,NUMBER_INJURED,PARTY_COUNT,PRIMARY_COLL_FACTOR,PCF_CODE_OF_VIOL,PCF_VIOL_CATEGORY,PCF_VIOLATION,PCF_VIOL_SUBSECTION,HIT_AND_RUN,TYPE_OF_COLLISION,MVIW,PED_ACTION,ROAD_SURFACE,ROAD_COND_1,ROAD_COND_2,LIGHTING,CONTROL_DEVICE,CHP_ROAD_TYPE,PEDESTRIAN_ACCIDENT,BICYCLE_ACCIDENT,MOTORCYCLE_ACCIDENT,TRUCK_ACCIDENT,NOT_PRIVATE_PROPERTY,ALCOHOL_INVOLVED,STWD_VEHTYPE_AT_FAULT,CHP_VEHTYPE_AT_FAULT,COUNT_SEVERE_INJ,COUNT_VISIBLE_INJ,COUNT_COMPLAINT_PAIN,COUNT_PED_KILLED,COUNT_PED_INJURED,COUNT_BICYCLIST_KILLED,COUNT_BICYCLIST_INJURED,COUNT_MC_KILLED,COUNT_MC_INJURED,PRIMARY_RAMP,SECONDARY_RAMP,LATITUDE,LONGITUDE,COUNTY,CITY,POINT_X,POINT_Y
81973993,2022,2023-01-23,4316,2022-10-11,1220,17695,12,2,5,6,4316,0,0,0,,0,001,"FAIR OAKS AVENUE","AHWANEE AVENUE",0.00,,Y,A,-,N,,,,,,,,,,N,3,0,1,2,A,-,03,22350,,N,C,G,A,A,H,-,A,A,0,,Y,,,Y,,A,01,0,1,0,0,0,0,1,0,0,"- ","- ",37.389999389648438,-122.01000213623047,"SANTA CLARA",SUNNYVALE,-122.01354217529297,37.393325805664062
81975323,2023,2023-01-24,4314,2023-01-18,1836,V8291,43471,3,5,6,4314,0,0,0,,0,005,"DUANE AVE","JAY ST",0.00,,Y,A,-,N,,,,,,,,,,Y,3,0,1,1,A,-,01,23152,A,N,E,I,A,A,H,-,C,D,0,,,,,Y,Y,A,01,0,1,0,0,0,0,0,0,0,"- ","- ",37.380630493164062,-121.96161651611328,"SANTA CLARA","SANTA CLARA",,
81976425,2022,2023-01-25,4316,2022-11-23,2230,16988,63,3,5,6,4316,0,0,0,,0,006,"EL CAMINO REAL","WOLFE ROAD",0.00,,Y,A,-,Y,,,,,,,,,,Y,4,0,1,2,A,-,03,22350,,F,C,C,A,A,H,-,C,A,0,,,,,Y,,-,99,0,0,1,0,0,0,0,0,0,"- ","- ",,,"SANTA CLARA",SUNNYVALE,-122.01412963867188,37.353187561035156
81980962,2022,2023-01-30,4316,2022-12-29,1627,17209,43,4,5,6,4316,0,0,0,,0,004,"WOLFE ROAD","EL CAMINO REAL",230.00,N,N,B,-,Y,,,,,,,,,,Y,3,0,3,2,A,-,08,22107,,N,D,C,A,A,H,-,B,D,0,,,,,Y,,A,01,0,1,2,0,0,0,0,0,0,"- ","- ",,,"SANTA CLARA",SUNNYVALE,-122.01412200927734,37.35382080078125
81985552,2022,2023-02-03,4314,2022-02-27,1413,C2110,,7,5,6,4314,0,0,0,,0,,"MONROE ST",FRENCH,130.00,E,N,A,-,N,,,,,,,,,,Y,1,1,1,2,A,-,09,21801,A,N,A,C,A,A,H,-,A,A,0,,,Y,,Y,,D,22,0,1,0,0,0,0,0,1,0,"- ","- ",37.366661071777344,-121.99568176269531,"SANTA CLARA","SANTA CLARA",-121.99496459960938,37.366851806640625
81985559,2023,2023-02-03,4316,2023-01-09,1750,17735,32,1,5,6,4316,0,0,0,,0,003,"MARY AVENUE","OLIVE AVENUE",20.00,N,N,A,-,N,,,,,,,,,,N,2,0,1,2,A,-,11,21954,A,N,G,B,D,A,H,-,D,D,0,Y,,,,Y,,N,60,1,0,0,0,1,0,0,0,0,"- ","- ",37.372978210449219,-122.04811096191406,"SANTA CLARA",SUNNYVALE,-122.04810333251953,37.372951507568359
81985560,2023,2023-02-03,4316,2023-01-10,"215 ",15096,61,2,5,6,4316,0,0,0,,0,006,"EL CAMINO REAL","MARIA LANE",137.00,W,N,C,G,Y,,,,,,,,,,Y,4,0,1,1,A,-,01,23152,A,N,E,I,A,B,H,-,C,D,0,,,,,Y,Y,A,01,0,0,1,0,0,0,0,0,0,"- ","- ",,,"SANTA CLARA",SUNNYVALE,-122.01811218261719,37.356170654296875
81989261,2022,2023-02-08,4314,2022-11-17,1200,M8600,43471,4,5,6,4314,0,0,0,,0,001,"STEVENS CREEK BLVD","HAROLD AVE",0.00,,Y,A,-,N,,,,,,,,,,N,4,0,1,3,A,-,03,22350,,N,C,E,A,A,H,-,A,D,0,,,,,Y,,A,07,0,0,1,0,0,0,0,0,0,"- ","- ",37.322650909423828,-121.96266937255859,"SANTA CLARA","SANTA CLARA",-121.96216583251953,37.323253631591797
81990288,2022,2023-02-09,4316,2022-08-27,0009,16467,12,6,5,6,4316,0,0,0,,0,002,"FAIR OAKS AVENUE","MAUDE AVENUE",0.00,N,Y,A,-,N,,,,,,,,,,Y,3,0,1,2,A,-,17,21461,A,N,-,C,A,A,H,-,C,A,0,,,,,Y,Y,A,01,0,1,0,0,0,0,0,0,0,"- ","- ",,,"SANTA CLARA",SUNNYVALE,-122.01721954345703,37.385307312011719
81991271,2023,2023-02-10,4314,2023-01-26,1632,M8600,43471,4,5,6,4314,0,0,0,,0,006,"TASMAN DR","GREAT AMERICA PKWY",0.00,,Y,A,-,N,,,,,,,,,,N,4,0,2,2,A,-,17,21451,A,N,A,C,A,A,H,-,A,A,0,,,,,Y,,A,01,0,0,2,0,0,0,0,0,0,"- ","- ",37.403171539306641,-121.97795104980469,"SANTA CLARA","SANTA CLARA",,
81994743,2023,2023-02-15,4314,2023-01-02,1729,B1718,,1,5,6,4314,0,0,0,,0,,"WASHINGTON ST","NEWHALL ST",0.00,,Y,B,C,N,,,,,,,,,,Y,4,0,1,2,A,-,12,21453,A,N,D,C,A,B,H,-,C,A,0,,,,,Y,,-,"- ",0,0,1,0,0,0,0,0,0,"- ","- ",37.338630676269531,-121.93810272216797,"SANTA CLARA","SANTA CLARA",,
81995701,2023,2023-02-16,4314,2023-01-30,"211 ",C7089,43471,1,5,6,4314,0,0,0,,0,002,"SAN TOMAS EXPY","SARATOGA AVE",50.00,N,N,A,-,N,,,,,,,,,,N,4,0,2,1,A,-,03,22350,,N,E,I,A,A,H,-,C,A,0,,,,,Y,,A,01,0,0,2,0,0,0,0,0,0,"- ","- ",37.327728271484375,-121.96642303466797,"SANTA CLARA","SANTA CLARA",-121.9664306640625,37.32769775390625
81995824,2023,2023-02-16,4308,2023-01-20,"928 ",321,,5,5,5,4308,0,0,0,,0,003,"477-BLOCK E CALAVERAS BOULEVARD","TOWN CENTER",217.00,W,N,A,-,Y,SCL,,237," "," ",10.574,H,,L,N,4,0,1,4,A,-,03,22350,,N,C,C,A,A,H,-,A,D,0,,,,,Y,Y,A,01,0,0,1,0,0,0,0,0,0,"- ","- ",37.432788848876953,-121.89737701416016,"SANTA CLARA",MILPITAS,-121.89738464355469,37.432796478271484
81996195,2023,2023-02-16,4307,2023-01-27,1203,S094,LG201,5,5,4,4307,0,0,0,,0,002,"LOS GATOS BLVD","LOS GATOS-ALMADEN RD",0.00,,Y,A,-,N,,,,,,,,,,N,3,0,1,2,A,-,10,21950,,N,G,B,B,A,H,-,A,A,0,Y,,,,Y,,A,01,0,1,0,0,1,0,0,0,0,"- ","- ",37.241100311279297,-121.95921325683594,"SANTA CLARA","LOS GATOS",,
81997237,2023,2023-06-22,4307,2023-01-30,1440,S040,LG104,1,5,4,4307,0,0,0,,0,001,"BLOSSOM HILL RD","UNIVERSITY AVE",0.00,,Y,A,-,N,,,,,,,,,,Y,3,0,1,2,A,-,08,22107,,N,D,C,A,A,H,-,A,A,0,,,,,Y,,A,01,0,1,0,0,0,0,0,0,0,"- ","- ",37.235370635986328,-121.97618865966797,"SANTA CLARA","LOS GATOS",,
81999516,2023,2023-02-22,4314,2023-02-14,1816,O3515,43471,2,5,6,4314,0,0,0,,0,006,"MONTAGUE EXPY","LAFAYETTE ST",0.00,,Y,B,-,N,,,,,,,,,,Y,4,0,1,3,A,-,03,22350,,N,B,C,A,A,H,-,C,D,0,,,,,Y,,A,08,0,0,1,0,0,0,0,0,0,"- ","- ",37.389301300048828,-121.95496368408203,"SANTA CLARA","SANTA CLARA",,
82001869,2023,2023-02-24,4314,2023-02-21,1823,A7891,43471,2,5,6,4314,0,0,0,,0,003,"LAFAYETTE ST","EL CAMINO REAL",0.00,,Y,A,-,Y,SCL,,82," "," ",11.542,H,,R,Y,4,0,1,2,A,-,09,21800,D,N,D,C,A,A,H,-,E,B,0,,,,,Y,,A,01,0,0,1,0,0,0,0,0,0,"- ","- ",37.355010986328125,-121.94613647460938,"SANTA CLARA","SANTA CLARA",-121.94609069824219,37.354915618896484
82002790,2023,2023-02-27,4314,2023-02-07,1417,G1027,43471,2,5,6,4314,0,0,0,,0,002,"SARATOGA AVE","KEYSTONE AVE",200.00,N,N,A,-,N,,,,,,,,,,N,4,0,1,2,A,-,09,21804,A,N,D,C,A,A,H,-,A,D,0,,,,,Y,,A,01,0,0,1,0,0,0,0,0,0,"- ","- ",,,"SANTA CLARA","SANTA CLARA",-121.96824645996094,37.325267791748047
82003985,2023,2023-02-27,4307,2023-02-07,1610,S040,LG201,2,5,4,4307,0,0,0,,0,002,"LOS GATOS BLVD","CHIRCO DRIVE",13.00,S,Y,A,-,N,,,,,,,,,,N,3,0,1,2,A,-,10,21950,A,N,G,B,B,A,H,-,A,A,0,Y,,,,Y,,A,01,0,1,0,0,1,0,0,0,0,"- ","- ",37.241100311279297,-121.95921325683594,"SANTA CLARA","LOS GATOS",-121.96062469482422,37.240985870361328
82005759,2023,2023-03-02,4314,2023-02-16,1508,H1933,43471,4,5,6,4314,0,0,0,,0,005,"CABRILLO AVE","SAN TOMAS EXPY",80.00,E,N,A,-,N,,,,,,,,,,N,3,0,1,2,A,-,11,21954,A,N,G,B,D,A,H,-,A,A,0,Y,,,,Y,,N,60,0,1,0,0,1,0,0,0,0,"- ","- ",37.358501434326172,-121.96829986572266,"SANTA CLARA","SANTA CLARA",-121.96823120117188,37.359046936035156
82008518,2022,2023-03-03,4316,2022-12-12,0849,16205,14,1,5,6,4316,0,0,0,,0,001,"BORREGAS AVENUE","DUANE AVENUE",0.00,,Y,B,-,N,,,,,,,,,,N,3,0,2,2,A,-,09,21802,A,N,D,C,A,B,H,-,A,D,0,,,,,Y,,A,01,0,2,0,0,0,0,0,0,0,"- ","- ",,,"SANTA CLARA",SUNNYVALE,-122.02491760253906,37.390949249267578
82009844,2023,2023-03-06,4308,2023-02-09,1646,323,,4,5,5,4308,0,0,0,,0,004,"E CALAVERAS BLVD","EVANS RD",144.00,W,N,A,-,N,,,,,,,,,,Y,3,0,2,2,A,-,08,22107,,N,C,C,A,A,H,-,A,D,0,,,,,Y,,A,01,0,1,1,0,0,0,0,0,0,"- ","- ",37.4381103515625,-121.87330627441406,"SANTA CLARA",MILPITAS,-121.87314605712891,37.438068389892578
82009845,2023,2023-03-06,4308,2023-02-15,1223,323,,3,5,5,4308,0,0,0,,0,003,"ESCUELA PKWY","SANDALWOOD LN",0.00,,Y,A,-,N,,,,,,,,,,N,4,0,1,2,A,-,08,22103,,N,D,C,A,A,H,-,A,D,0,,,,,Y,,A,08,0,0,1,0,0,0,0,0,0,"- ","- ",37.449230194091797,-121.89943695068359,"SANTA CLARA",MILPITAS,,
82012160,2023,2023-03-08,4314,2023-03-02,1056,S4678,43471,4,5,6,4314,0,0,0,,0,005,"BOWERS AVE","WARBURTON AVE",0.00,,Y,A,-,N,,,,,,,,,,Y,4,0,1,2,A,-,12,21453,A,N,D,C,A,A,H,-,A,A,0,,,,,Y,,A,01,0,0,1,0,0,0,0,0,0,"- ","- ",37.355358123779297,-121.97756195068359,"SANTA CLARA","SANTA CLARA",,
82013103,2023,2023-03-09,4302,2023-02-23,1200,133,4302,4,5,4,4302,0,0,0,,0,003,"WINCHESTER BLVD","CAMDEN AVE",174.00,S,N,A,-,N,,,,,,,,,,Y,3,0,1,2,A,-,01,23152,A,N,E,I,A,A,H,-,A,D,0,,,,,Y,Y,A,08,0,1,0,0,0,0,0,0,0,"- ","- ",,,"SANTA CLARA",CAMPBELL,-121.95042419433594,37.276660919189453
82021552,2023,2023-03-20,4316,2023-02-01,"813 ",16080,43,3,5,6,4316,0,0,0,,0,004,"WOLFE ROAD","PRIMROSE AVENUE",0.00,,Y,A,-,N,,,,,,,,,,Y,4,0,2,2,A,-,09,21801,A,N,D,C,A,A,H,-,A,D,0,,,,,Y,,A,07,0,0,2,0,0,0,0,0,0,"- ","- ",,,"SANTA CLARA",SUNNYVALE,,
82024561,2022,2023-03-22,4316,2022-11-13,2349,18845,16,7,5,6,4316,0,0,0,,0,001,"CENTRAL EXPRESSWAY (EASTBOUND)","THE NORTH ROADWAY EDGE OF EASTBOUND CENTRAL EXPRES",8.00,S,N,A,-,N,,,,,,,,,,Y,2,0,1,2,A,-,00,10,,N,A,C,A,A,H,-,C,D,0,,,,,Y,Y,A,07,1,0,0,0,0,0,0,0,0,"- ","- ",,,"SANTA CLARA",SUNNYVALE,,
82024601,2023,2023-03-22,4314,2023-02-11,2356,R0415,43471,6,5,6,4314,0,0,0,,0,006,"LAFAYETTE ST","AGNEW RD",0.00,,Y,A,-,N,,,,,,,,,,Y,4,0,1,2,A,-,12,21453,A,N,D,C,A,A,H,-,C,A,0,,,,,Y,,-,"- ",0,0,1,0,0,0,0,0,0,"- ","- ",37.394931793212891,-121.95858001708984,"SANTA CLARA","SANTA CLARA",,
82035308,2023,2023-04-03,4308,2023-03-14,1500,323,,2,5,5,4308,0,0,0,,0,001,"W CALAVERAS BLVD","SERRA WAY",0.00,,Y,A,-,N,,,,,,,,,,N,3,0,1,2,A,-,10,21950,A,F,G,B,B,A,H,-,A,A,0,Y,,,,Y,,-,99,0,1,0,0,1,0,0,0,0,"- ","- ",37.427509307861328,-121.91034698486328,"SANTA CLARA",MILPITAS,,
82040030,2023,2023-04-10,4314,2023-03-21,1836,M8600,43471,2,5,6,4314,0,0,0,,0,006,"LAFAYETTE ST","LAURELWOOD RD",0.00,,Y,C,-,N,,,,,,,,,,N,4,0,1,2,A,-,03,22350,,N,C,C,A,B,H,-,A,A,0,,,,,Y,,A,01,0,0,1,0,0,0,0,0,0,"- ","- ",37.379188537597656,-121.94864654541016,"SANTA CLARA","SANTA CLARA",,
82045664,2023,2023-04-17,4316,2023-03-15,1255,15170,61,3,5,6,4316,0,0,0,,0,006,"SUNNYVALE SARATOGA ROAD","REMINGTON DRIVE",151.00,S,N,A,-,N,,,,,,,,,,N,4,0,1,2,A,-,17,21235,G,N,D,G,A,A,H,-,A,D,0,,Y,,,Y,,L,04,0,0,1,0,0,0,1,0,0,"- ","- ",,,"SANTA CLARA",SUNNYVALE,-122.03220367431641,37.358585357666016
82046036,2023,2023-04-17,4308,2023-03-29,1429,268,1,3,5,5,4308,0,0,0,,0,005,"WB WCB TO UD MCCARTHY","MCCARTHY BLVD",0.00,,Y,C,-,N,,,,,,,,,,N,4,0,2,2,A,-,03,22350,,N,C,C,A,B,H,-,A,A,0,,,,,Y,,A,01,0,0,2,0,0,0,0,0,0,"- ","- ",37.424308776855469,-121.92324066162109,"SANTA CLARA",MILPITAS,,
82046685,2022,2023-04-17,4307,2022-12-19,1321,S103,,1,5,4,4307,0,0,0,,0,,"BLOSSOM HILL RD","BLOSSOM DALE DR",683.00,W,-,A,-,N,,,,,,,,,,N,3,0,1,1,C,-,18,,,N,E,I,A,A,H,-,A,D,0,,Y,,,Y,,-,"- ",0,1,0,0,0,0,1,0,0,"- ","- ",,,"SANTA CLARA","LOS GATOS",-121.93709564208984,37.236129760742188
82061915,2023,2023-05-05,4314,2023-04-19,1657,M8600,43471,3,5,6,4314,0,0,0,,0,003,"WASHINGTON ST","MANCHESTER DR",0.00,,Y,A,-,N,,,,,,,,,,N,4,0,1,2,A,-,09,21802,A,N,D,G,A,A,H,-,A,A,0,,Y,,,Y,,A,01,0,0,1,0,0,0,1,0,0,"- ","- ",37.341529846191406,-121.93968200683594,"SANTA CLARA","SANTA CLARA",,
82062736,2023,2023-05-08,4302,2023-03-08,1130,117,,3,5,4,4302,0,0,0,,0,003,"WINCHESTER BLVD","ECL OF S WINCHESTER BLVD",25.00,W,N,A,-,N,,,,,,,,,,N,3,0,1,2,A,-,03,22350,,N,C,C,A,A,H,-,A,A,0,,,,,Y,,A,07,0,1,0,0,0,0,0,0,0,"- ","- ",,,"SANTA CLARA",CAMPBELL,-121.96095275878906,37.262973785400391
82066240,2023,2023-05-15,4316,2023-04-20,"811 ",16847,27,4,5,6,4316,0,0,0,,0,002,"ARQUES AVENUE","COMMERCIAL STREET",27.00,E,N,A,-,N,,,,,,,,,,Y,4,0,2,3,A,-,12,21453,A,N,D,C,A,A,H,-,A,A,0,,,,,Y,,A,07,0,0,2,0,0,0,0,0,0,"- ","- ",,,"SANTA CLARA",SUNNYVALE,-122.00724792480469,37.380908966064453
82066272,2023,2023-05-15,4314,2023-05-10,"204 ",S8766,43471,3,5,6,4314,0,0,0,,0,001,"HOMESTEAD RD","LAWRENCE EXPY",190.00,E,N,A,-,N,,,,,,,,,,Y,3,0,1,1,A,-,01,23153,A,N,E,I,A,A,H,-,C,A,0,,,,,Y,Y,A,01,0,1,0,0,0,0,0,0,0,"- ","- ",37.337928771972656,-121.99559783935547,"SANTA CLARA","SANTA CLARA",-121.99493408203125,37.33782958984375
82068923,2023,2023-05-15,4307,2023-04-24,1052,S111,LG201,1,5,4,4307,0,0,0,,0,002,"NATIONAL AVE","CARLTON AVENUE",0.00,,Y,A,-,N,,,,,,,,,,N,3,0,1,2,A,-,10,21950,,N,H,H,B,A,H,-,A,A,0,Y,,,,Y,,A,01,0,1,0,0,1,0,0,0,0,"- ","- ",37.247489929199219,-121.9503173828125,"SANTA CLARA","LOS GATOS",,
82070500,2023,2023-05-17,4316,2023-01-27,1820,17735,16,5,5,6,4316,0,0,0,,0,001,"MATHILDA AVENUE","EVELYN AVENUE",430.00,N,N,A,-,N,,,,,,,,,,Y,4,0,1,3,A,-,03,22350,,N,C,C,A,A,H,-,C,A,0,,,,,Y,,A,07,0,0,1,0,0,0,0,0,0,"- ","- ",37.073680877685547,-122.03318786621094,"SANTA CLARA",SUNNYVALE,-122.03376770019531,37.379318237304688
82070951,2023,2023-06-23,4307,2023-04-21,1555,S040,LG200,5,5,4,4307,0,0,0,,0,002,"16760 CHIRCO DR","CORINNE DR",0.00,,Y,A,-,N,,,,,,,,,,Y,4,0,1,2,A,-,00,22013,,N,D,C,A,A,H,-,A,D,0,,,,,Y,,A,01,0,0,1,0,0,0,0,0,0,"- ","- ",37.24176025390625,-121.96314239501953,"SANTA CLARA","LOS GATOS",,
82073612,2023,2023-05-22,4316,2023-04-26,1908,15236,27,3,5,6,4316,0,0,0,,0,002,"LAWRENCE EXPRESSWAY","OAKMEAD PARKWAY",200.00,S,N,A,-,N,,,,,,,,,,Y,3,0,2,2,A,-,05,21651,B,N,A,C,A,A,H,-,B,A,0,,,,,Y,Y,A,01,0,1,1,0,0,0,0,0,0,"- ","- ",,,"SANTA CLARA",SUNNYVALE,-121.99576568603516,37.386322021484375
82078917,2023,2023-05-26,4314,2023-05-22,2227,F5127,43471,1,5,6,4314,0,0,0,,0,004,"FLORA VISTA AVE","EL CAMINO REAL",0.00,,Y,A,-,Y,SCL,,82," "," ",14.152,H,,R,N,4,0,1,2,A,-,09,21801,A,F,A,C,A,A,H,-,C,A,0,,,,,Y,,-,"- ",0,0,1,0,0,0,0,0,0,"- ","- ",37.352569580078125,-121.99292755126953,"SANTA CLARA","SANTA CLARA",-121.99292755126953,37.352432250976562
82079415,2023,2023-05-26,4307,2023-05-10,1841,S104,LG203,3,5,4,4307,0,0,0,,0,002,"BLOSSOM HILL RD","LOS GATOS BLVD",252.00,E,-,A,-,N,,,,,,,,,,N,3,0,1,2,A,-,03,22350,,N,H,G,A,A,H,-,A,D,0,,Y,,,Y,,L,04,0,1,0,0,0,0,1,0,0,"- ","- ",37.236301422119141,-121.96147155761719,"SANTA CLARA","LOS GATOS",-121.96235656738281,37.235469818115234
82083233,2023,2023-06-01,4308,2023-05-07,1534,336,,7,5,5,4308,0,0,0,,0,005,"RANCH DR","MCCARTHY BLVD",528.00,E,N,A,-,N,,,,,,,,,,Y,4,0,1,2,A,-,09,21804,A,N,D,C,A,A,H,-,A,D,0,,,,,Y,,A,01,0,0,1,0,0,0,0,0,0,"- ","- ",37.426670074462891,-121.92204284667969,"SANTA CLARA",MILPITAS,-121.92235565185547,37.426586151123047
82084137,2023,2023-06-02,4314,2023-04-27,1510,M8600,43471,4,5,6,4314,0,0,0,,0,003,"LAFAYETTE ST","BENTON ST",0.00,,Y,A,-,N,,,,,,,,,,N,4,0,1,2,A,-,08,22100,B,N,C,C,A,A,H,-,A,A,0,,,Y,,Y,,A,01,0,0,1,0,0,0,0,0,1,"- ","- ",37.35028076171875,-121.94387817382812,"SANTA CLARA","SANTA CLARA",,
82084140,2023,2023-06-02,4314,2023-05-19,1806,M8600,43471,5,5,6,4314,0,0,0,,0,003,"THE ALAMEDA","HILMAR STREET",0.00,,Y,A,-,Y,,,,,,,,,,N,4,0,2,2,A,-,03,22350,,N,C,C,A,A,H,-,A,A,0,,,,,Y,,A,01,0,0,2,0,0,0,0,0,0,"- ","- ",,,"SANTA CLARA","SANTA CLARA",,
82084141,2023,2023-06-02,4314,2023-05-25,2247,P1880,43471,4,5,6,4314,0,0,0,,0,002,"SAN TOMAS EXPY","PRUNERIDGE AVE",0.00,,Y,-,-,N,,,,,,,,,,Y,3,0,2,2,A,-,03,22350,,N,C,C,A,A,H,-,C,A,0,,,,,Y,,A,01,0,1,1,0,0,0,0,0,0,"- ","- ",37.330108642578125,-121.96761322021484,"SANTA CLARA","SANTA CLARA",,
82089803,2023,2023-06-12,4314,2023-05-29,1001,B9753,43471,1,5,6,4314,0,0,0,,0,003,"NEWHALL ST","WASHINGTON ST",0.00,,Y,A,-,N,,,,,,,,,,Y,3,0,1,2,A,-,12,21453,A,N,D,C,A,A,H,-,A,A,0,,,,,Y,,A,07,0,1,0,0,0,0,0,0,0,"- ","- ",37.338630676269531,-121.93810272216797,"SANTA CLARA","SANTA CLARA",,
82090808,2023,2023-06-12,4316,2023-05-11,1135,16080,43,4,5,6,4316,0,0,0,,0,004,"EL CAMINO REAL","HENDERSON AVENUE",221.00,E,N,A,-,Y,,,,,,,,,,N,4,0,1,2,A,-,03,22350,,N,C,C,A,A,H,-,A,D,0,,,,,Y,,A,01,0,0,1,0,0,0,0,0,0,"- ","- ",,,"SANTA CLARA",SUNNYVALE,-122.00418090820312,37.352291107177734
82093113,2023,2023-06-14,4314,2023-06-10,"948 ",N2306,,6,5,6,4314,0,0,0,,0,,"SCOTT BLVD","HILLEBRANT PL.",0.00,,Y,A,-,N,,,,,,,,,,N,2,0,1,1,A,-,03,22350,,N,H,A,A,B,G,-,A,D,0,,,Y,,Y,,C,02,1,0,0,0,0,0,0,0,1,"- ","- ",,,"SANTA CLARA","SANTA CLARA",,
82095292,2023,2023-06-22,4316,2023-04-22,2020,18657,27,6,5,6,4316,0,0,0,,0,002,"FAIR OAKS AVENUE","TAYLOR AVENUE",0.00,,Y,A,-,N,,,,,,,,,,Y,1,1,0,2,A,-,10,21950,C,N,G,B,B,A,H,-,C,D,0,Y,,,,Y,,D,72,0,0,0,1,0,0,0,0,0,"- ","- ",,,"SANTA CLARA",SUNNYVALE,,
82097832,2023,2023-06-20,4307,2023-06-04,1039,S109,LG209,7,5,4,4307,0,0,0,,0,002,"HARWOOD RD","BLOSSOM HILL ROAD",0.00,,Y,A,-,N,,,,,,,,,,N,3,0,1,2,A,-,08,22107,,N,H,G,A,A,H,-,A,A,0,,Y,,,Y,,A,01,0,1,0,0,0,0,1,0,0,"- ","- ",37.236259460449219,-121.91297912597656,"SANTA CLARA","LOS GATOS",,
82101409,2023,2023-06-26,4316,2023-05-28,1924,16965,31,7,5,6,4316,0,0,0,,0,003,"BERNARDO AVENUE","MC KINLEY AVENUE",0.00,,Y,A,-,N,,,,,,,,,,Y,4,0,1,2,A,-,09,21802,A,N,D,C,A,A,H,-,B,A,0,,,,,Y,,A,01,0,0,1,0,0,0,0,0,0,"- ","- ",,,"SANTA CLARA",SUNNYVALE,,
82101619,2023,2023-06-28,4314,2023-06-22,1705,M3386,43471,4,5,6,4314,0,0,0,,0,006,"LAFAYETTE ST","NORMAN AVE",0.00,,Y,A,-,N,,,,,,,,,,Y,3,0,2,2,A,-,12,21453,A,N,D,C,A,A,H,-,A,A,0,,,,,Y,,A,01,0,2,0,0,0,0,0,0,0,"- ","- ",37.386478424072266,-121.95269012451172,"SANTA CLARA","SANTA CLARA",,
82101620,2023,2023-06-26,4314,2023-06-22,1205,M3386,43471,4,5,6,4314,0,0,0,,0,002,"SAN TOMAS EXPY","FORBES AVE",576.00,N,N,A,-,N,,,,,,,,,,Y,3,0,2,3,A,-,03,22350,,N,C,C,A,A,H,-,A,A,0,,,,,Y,,D,22,0,2,0,0,0,0,0,0,0,"- ","- ",37.335231781005859,-121.96749877929688,"SANTA CLARA","SANTA CLARA",-121.96794891357422,37.336620330810547
82104733,2023,2023-06-29,4316,2023-05-23,1935,17810,52,2,5,6,4316,0,0,0,,0,005,"EL CAMINO REAL","TAAFFE STREET",40.00,W,N,A,-,Y,,,,,,,,,,N,4,0,1,2,A,-,09,21802,A,F,G,B,D,A,H,-,B,A,0,Y,,,,Y,Y,-,"- ",0,0,1,0,1,0,0,0,0,"- ","- ",,,"SANTA CLARA",SUNNYVALE,-122.03519439697266,37.36883544921875
82107609,2023,2023-07-03,4302,2023-06-13,"640 ",87,4302,2,5,4,4302,0,0,0,,0,001,"CAMDEN AVE","OLYMPIA AVE",430.00,W,N,A,-,N,,,,,,,,,,N,3,0,1,1,D,-,00,,,N,H,A,A,A,H,-,A,D,0,,Y,,,Y,,-,"- ",0,1,0,0,0,0,1,0,0,"- ","- ",,,"SANTA CLARA",CAMPBELL,-121.94292449951172,37.267723083496094
82111410,2023,2023-07-07,4316,2023-06-08,2149,17247,21,4,5,6,4316,0,0,0,,0,002,"LAWRENCE EXPY","SANDIA AV",0.00,,Y,A,-,N,,,,,,,,,,Y,4,0,2,3,A,-,12,21453,A,N,A,C,A,A,H,-,C,A,0,,,,,Y,,A,01,0,0,2,0,0,0,0,0,0,"- ","- ",,,"SANTA CLARA",SUNNYVALE,,
82116263,2023,2023-07-13,4314,2023-07-05,1538,G1027,43471,3,5,6,4314,0,0,0,,0,002,"HOMESTEAD RD","SCOTT BLVD",0.00,,Y,A,-,N,,,,,,,,,,N,3,0,2,2,A,-,09,21801,A,N,D,C,A,A,H,-,A,A,0,,,,,Y,,A,01,0,1,1,0,0,0,0,0,0,"- ","- ",37.343570709228516,-121.95954895019531,"SANTA CLARA","SANTA CLARA",,
82117487,2023,2023-07-17,4316,2023-06-21,1556,18755,21,3,5,6,4316,0,0,0,,0,002,"LAWRENCE EXPRESSWAY","SANDIA AVENUE",0.00,,Y,A,-,N,,,,,,,,,,Y,4,0,2,2,A,-,12,21453,A,N,D,C,A,A,H,-,A,A,0,,,,,Y,,A,01,0,0,2,0,0,0,0,0,0,"- ","- ",,,"SANTA CLARA",SUNNYVALE,,