CASE_ID,ACCIDENT_YEAR,PROC_DATE,JURIS,COLLISION_DATE,COLLISION_TIME,OFFICER_ID,REPORTING_DISTRICT,DAY_OF_WEEK,CHP_SHIFT,POPULATION,CNTY_CITY_LOC,SPECIAL_COND,BEAT_TYPE,CHP_BEAT_TYPE,CITY_DIVISION_LAPD,CHP_BEAT_CLASS,BEAT_NUMBER,PRIMARY_RD,SECONDARY_RD,DISTANCE,DIRECTION,INTERSECTION,WEATHER_1,WEATHER_2,STATE_HWY_IND,CALTRANS_COUNTY,CALTRANS_DISTRICT,STATE_ROUTE,ROUTE_SUFFIX,POSTMILE_PREFIX,POSTMILE,LOCATION_TYPE,RAMP_INTERSECTION,SIDE_OF_HWY,TOW_AWAY,COLLISION_SEVERITY,NUMBER_KILLED,NUMBER_INJURED,PARTY_COUNT,PRIMARY_COLL_FACTOR,PCF_CODE_OF_VIOL,PCF_VIOL_CATEGORY,PCF_VIOLATION,PCF_VIOL_SUBSECTION,HIT_AND_RUN,TYPE_OF_COLLISION,MVIW,PED_ACTION,ROAD_SURFACE,ROAD_COND_1,ROAD_COND_2,LIGHTING,CONTROL_DEVICE,CHP_ROAD_TYPE,PEDESTRIAN_ACCIDENT,BICYCLE_ACCIDENT,MOTORCYCLE_ACCIDENT,TRUCK_ACCIDENT,NOT_PRIVATE_PROPERTY,ALCOHOL_INVOLVED,STWD_VEHTYPE_AT_FAULT,CHP_VEHTYPE_AT_FAULT,COUNT_SEVERE_INJ,COUNT_VISIBLE_INJ,COUNT_COMPLAINT_PAIN,COUNT_PED_KILLED,COUNT_PED_INJURED,COUNT_BICYCLIST_KILLED,COUNT_BICYCLIST_INJURED,COUNT_MC_KILLED,COUNT_MC_INJURED,PRIMARY_RAMP,SECONDARY_RAMP,LATITUDE,LONGITUDE,COUNTY,CITY,POINT_X,POINT_Y
82120420,2023,2023-07-20,4314,2023-07-02,"329 ",W5970,43471,7,5,6,4314,0,0,0,,0,006,"TASMAN DR","CONVENTION CENTER",0.00,,Y,A,-,N,,,,,,,,,,Y,2,0,1,1,A,-,08,22107,,N,E,I,A,A,H,-,C,A,0,,,,,Y,,A,01,1,0,0,0,0,0,0,0,0,"- ","- ",37.403209686279297,-121.97541809082031,"SANTA CLARA","SANTA CLARA",,
82120423,2023,2023-07-19,4314,2023-07-11,"704 ",G1027,43471,2,5,6,4314,0,0,0,,0,004,"MONROE ST","BOWERS AVE",0.00,,Y,A,-,N,,,,,,,,,,N,3,0,2,2,A,-,12,21453,A,N,D,C,A,A,H,-,A,A,0,,,,,Y,,A,01,0,1,1,0,0,0,0,0,0,"- ","- ",,,"SANTA CLARA","SANTA CLARA",,
82123915,2023,2023-07-24,4316,2023-06-28,1901,16965,21,3,5,6,4316,0,0,0,,0,002,"LAWRENCE EXPRESSWAY","SANDIA AVENUE",0.00,,Y,A,-,N,,,,,,,,,,N,4,0,1,2,A,-,03,22350,,N,C,C,A,A,H,-,A,A,0,,,Y,,Y,,O,05,0,0,1,0,0,0,0,0,0,"- ","- ",,,"SANTA CLARA",SUNNYVALE,,
82123916,2023,2023-07-24,4316,2023-07-01,1430,16965,33,6,5,6,4316,0,0,0,,0,003,"MATHILDA AVENUE","MC KINLEY AVENUE",55.00,N,N,A,-,N,,,,,,,,,,N,4,0,3,2,A,-,03,22350,,N,C,C,A,A,H,-,A,A,0,,,,,Y,,A,07,0,0,3,0,0,0,0,0,0,"- ","- ",,,"SANTA CLARA",SUNNYVALE,-122.03504943847656,37.375225067138672
82125070,2023,2023-07-25,4308,2023-06-30,1650,323,,5,5,5,4308,0,0,0,,0,001,"W CALAVERAS BLVD","S ABBOTT AVE",0.00,,Y,A,-,N,,,,,,,,,,N,3,0,1,4,A,-,03,22350,,N,C,C,A,A,H,-,A,A,0,,,,,Y,,A,01,0,1,0,0,0,0,0,0,0,"- ","- ",37.426738739013672,-121.91249084472656,"SANTA CLARA",MILPITAS,,
82131877,2023,2023-07-31,4307,2023-07-15,1221,S111,LG201,6,5,4,4307,0,0,0,,0,002,"LOS GATOS ALMADEN ROAD","GARDENIA WAY",0.00,,Y,A,-,N,,,,,,,,,,N,3,0,1,2,A,-,09,21801,A,N,H,G,A,A,H,-,A,D,0,,Y,,,Y,,A,01,0,1,0,0,0,0,1,0,0,"- ","- ",37.242221832275391,-121.95533752441406,"SANTA CLARA","LOS GATOS",,
82132562,2022,2023-08-01,4302,2022-02-07,0900,57,4302,1,5,4,4302,0,0,0,,0,003,"WINCHESTER BLVD","CAMPBELL AVE",0.00,,Y,A,-,Y,,,,,,,,,,N,3,0,3,3,A,-,03,22350,,N,C,C,A,A,H,-,A,A,0,,,,,Y,,A,01,0,3,0,0,0,0,0,0,0,"- ","- ",,,"SANTA CLARA",CAMPBELL,-121.94985198974609,37.287117004394531
82132563,2022,2023-08-02,4302,2022-04-22,1400,135,4302,5,5,4,4302,0,0,0,,0,003,"CENTRAL AVE","DAVID AVE",0.00,,Y,A,-,N,,,,,,,,,,N,4,0,1,2,A,-,01,23153,A,N,C,C,A,A,H,-,A,A,0,,,,,Y,,A,01,0,0,1,0,0,0,0,0,0,"- ","- ",,,"SANTA CLARA",CAMPBELL,-121.94353485107422,37.297962188720703
82132575,2022,2023-08-01,4302,2022-10-26,1325,125,4302,3,5,4,4302,0,0,0,,0,001,"CAMPBELL AVE","BASCOM AVE (S)",0.00,,Y,A,-,N,,,,,,,,,,N,4,0,1,2,A,-,00,20001,C,F,G,B,B,A,H,-,A,A,0,Y,,,,Y,,A,01,0,0,1,0,1,0,0,0,0,"- ","- ",,,"SANTA CLARA",CAMPBELL,-121.93177795410156,37.286884307861328
82134779,2023,2023-08-04,4316,2023-07-08,1647,18755,23,6,5,6,4316,0,0,0,,0,002,"LAWRENCE EXPRESSWAY","TASMAN DRIVE",0.00,,Y,A,-,N,,,,,,,,,,Y,4,0,2,3,A,-,12,21453,A,N,D,C,A,A,H,-,A,A,0,,,,,Y,,A,01,0,0,2,0,0,0,0,0,0,"- ","- ",,,"SANTA CLARA",SUNNYVALE,,
82135839,2023,2023-08-07,4302,2023-05-28,1655,128,4302,7,5,4,4302,0,0,0,,0,003,"SAN TOMAS EXPWY","CAMPBELL AVE",0.00,,Y,A,-,N,,,,,,,,,,N,4,0,1,2,A,-,08,22100,B,N,B,C,A,A,H,-,A,A,0,,,,,Y,,A,01,0,0,1,0,0,0,0,0,0,"- ","- ",,,"SANTA CLARA",CAMPBELL,,
82136893,2023,2023-08-07,4302,2023-07-06,2336,L137,4302,4,5,4,4302,0,0,0,,0,002,"SAN TOMAS EXPWY","CAMPBELL AVE",0.00,,Y,A,-,N,,,,,,,,,,Y,3,0,1,2,A,-,01,23153,,N,D,C,A,A,D,-,C,A,0,,,,,Y,Y,A,01,0,1,0,0,0,0,0,0,0,"- ","- ",,,"SANTA CLARA",CAMPBELL,,
82138124,2023,2023-08-08,4316,2023-07-14,2325,19833,14,5,5,6,4316,0,0,0,,0,001,"FAIR OAKS AVENUE","AHWANEE AVENUE",37.00,N,N,A,-,N,,,,,,,,,,Y,4,0,1,2,A,-,05,21460,A,N,A,C,A,A,H,-,C,A,0,,,,,Y,Y,A,01,0,0,1,0,0,0,0,0,0,"- ","- ",,,"SANTA CLARA",SUNNYVALE,-122.01351165771484,37.393428802490234
82138272,2023,2023-08-08,4308,2023-07-21,1841,323,,5,5,5,4308,0,0,0,,0,001,"S MAIN ST","SERRA WAY",0.00,,Y,A,-,N,,,,,,,,,,N,3,0,1,2,A,-,09,21801,A,N,D,C,A,A,H,-,B,A,0,,,,,Y,,A,07,0,1,0,0,0,0,0,0,0,"- ","- ",37.428398132324219,-121.90635681152344,"SANTA CLARA",MILPITAS,,
82140252,2023,2023-08-10,4314,2023-07-29,1613,M8600,43471,6,5,6,4314,0,0,0,,0,006,"TASMAN DR","GREAT AMERICA PKWY",140.00,W,N,A,-,N,,,,,,,,,,N,4,0,1,2,A,-,17,22517,,N,B,C,A,A,H,-,A,A,0,,,Y,,Y,,A,07,0,0,1,0,0,0,0,0,1,"- ","- ",37.403171539306641,-121.97795104980469,"SANTA CLARA","SANTA CLARA",-121.97833251953125,37.403171539306641
82140262,2023,2023-08-10,4314,2023-08-09,1123,R0514,43471,3,5,6,4314,0,0,0,,0,002,"STEVENS CREEK BLVD","CYPRESS AVE",100.00,E,N,A,-,N,,,,,,,,,,N,4,0,1,2,A,-,08,22107,,N,D,G,A,A,H,-,A,D,0,,Y,,,Y,,A,08,0,0,1,0,0,0,1,0,0,"- ","- ",37.323341369628906,-121.95999908447266,"SANTA CLARA","SANTA CLARA",-121.95943450927734,37.323249816894531
82141375,2023,2023-08-14,4316,2023-07-05,1254,18910,14,3,5,6,4316,0,0,0,,0,001,"SUNNYVALE AVENUE","MAUDE AVENUE",369.00,S,N,A,-,N,,,,,,,,,,N,3,0,1,3,A,-,08,22103,,N,D,C,A,A,H,-,A,A,0,,,Y,,Y,,A,01,0,1,0,0,0,0,0,0,1,"- ","- ",,,"SANTA CLARA",SUNNYVALE,-122.02537536621094,37.386913299560547
82141390,2023,2023-08-11,4314,2023-08-09,"716 ",G1027,43471,3,5,6,4314,0,0,0,,0,001,"EL CAMINO REAL","LWRNCE SB TO EL CAMINO REAL RAMP",0.00,,Y,A,-,Y,SCL,,82," "," ",14.374,H,,R,N,4,0,1,2,A,-,12,21453,A,N,D,C,A,A,H,-,A,A,0,,,,,Y,,A,01,0,0,1,0,0,0,0,0,0,"- ","- ",37.352218627929688,-121.99700164794922,"SANTA CLARA","SANTA CLARA",-121.99700927734375,37.352424621582031
82143782,2023,2023-08-15,4308,2023-07-20,1542,268,,4,5,5,4308,0,0,0,,0,003,"JACKLIN RD","ESCUELA PKWY",236.00,W,N,A,-,N,,,,,,,,,,Y,4,0,2,2,A,-,03,22350,,N,C,C,A,A,H,-,A,A,0,,,,,Y,,A,01,0,0,2,0,0,0,0,0,0,"- ","- ",37.446449279785156,-121.90129852294922,"SANTA CLARA",MILPITAS,-121.90103149414062,37.446445465087891
82153907,2023,2023-08-28,4316,2023-08-05,1214,17098,53,6,5,6,4316,0,0,0,,0,005,"HOMESTEAD RD","MAXINE AV",0.00,,Y,A,-,N,,,,,,,,,,N,3,0,1,2,A,-,12,21453,A,N,D,C,A,A,H,-,A,A,0,,,,,Y,,A,01,0,1,0,0,0,0,0,0,0,"- ","- ",,,"SANTA CLARA",SUNNYVALE,,
82160437,2023,2023-09-01,4314,2023-08-23,1043,K7040,43471,3,5,6,4314,0,0,0,,0,002,"STEVENS CREEK BLVD","SARATOGA AVE",52.00,E,N,A,-,N,,,,,,,,,,N,3,0,2,2,A,-,03,22350,,N,C,C,A,A,H,-,A,A,0,,,,,Y,,A,01,0,2,0,0,0,0,0,0,0,"- ","- ",37.322681427001953,-121.97048187255859,"SANTA CLARA","SANTA CLARA",-121.96981048583984,37.323200225830078
82161896,2023,2023-09-05,4316,2023-08-14,1522,18656,15,1,5,6,4316,0,0,0,,0,001,"ARQUES AV","FAIR OAKS AV",26.00,W,N,A,-,N,,,,,,,,,,N,4,0,1,2,A,-,03,22350,,N,C,C,A,A,H,-,A,A,0,,,,Y,Y,,F,26,0,0,1,0,0,0,0,0,0,"- ","- ",,,"SANTA CLARA",SUNNYVALE,-122.01850128173828,37.381744384765625
82164075,2023,2023-09-07,4314,2023-08-08,2005,M8600,43471,2,5,6,4314,0,0,0,,0,004,"LAWRENCE EXPY","MONROE ST",0.00,,Y,A,-,N,,,,,,,,,,N,4,0,1,2,A,-,08,22107,,N,B,C,A,A,H,-,B,A,0,,,,,Y,,A,07,0,0,1,0,0,0,0,0,0,"- ","- ",37.366668701171875,-121.99622344970703,"SANTA CLARA","SANTA CLARA",,
82165158,2022,2023-09-08,4316,2022-03-28,0800,11388,52,1,5,6,4316,0,0,0,,0,005,"FREMONT AVENUE","SUNNYVALE SARATOGA ROAD",268.00,W,N,B,-,N,,,,,,,,,,N,3,0,1,2,A,-,17,22517,,N,B,G,A,B,H,-,A,D,0,,Y,,,Y,,A,01,0,1,0,0,0,0,1,0,0,"- ","- ",,,"SANTA CLARA",SUNNYVALE,-122.03337097167969,37.352035522460938
82165201,2023,2023-09-08,4316,2023-08-22,1335,18656,62,2,5,6,4316,0,0,0,,0,006,"HOMESTEAD RD","HERON AV",0.00,,Y,A,-,N,,,,,,,,,,Y,3,0,1,2,A,-,09,21801,A,N,D,C,A,A,H,-,A,A,0,,,,,Y,,A,07,0,1,0,0,0,0,0,0,0,"- ","- ",,,"SANTA CLARA",SUNNYVALE,,
82165596,2023,2023-09-08,4307,2023-08-17,1027,S106,LG100,4,5,4,4307,0,0,0,,0,001,"BICKNELL RD","MICHELLE DR",0.00,,Y,A,-,N,,,,,,,,,,Y,2,0,1,1,A,-,00,1,,M,B,C,A,A,D,-,A,D,0,,,,,Y,,D,22,1,0,0,0,0,0,0,0,0,"- ","- ",37.250228881835938,-121.98722076416016,"SANTA CLARA","LOS GATOS",,
82168729,2023,2023-09-13,4314,2023-08-24,1719,B4591,43471,4,5,6,4314,0,0,0,,0,001,"LOCHINVAR AVE","BURBANK DR",0.00,,Y,A,-,N,,,,,,,,,,N,4,0,1,2,A,-,09,21802,A,N,D,C,A,A,H,-,A,D,0,,,,,Y,,A,01,0,0,1,0,0,0,0,0,0,"- ","- ",,,"SANTA CLARA","SANTA CLARA",,
82173100,2023,2023-09-20,4314,2023-09-16,1643,G0381,,6,5,6,4314,0,0,0,,0,,"HOMESTEAD RD","LAS PALMAS DR",0.00,,Y,A,-,N,,,,,,,,,,Y,3,0,1,2,A,-,03,22350,,N,C,C,A,A,H,-,A,A,0,,,Y,,Y,,C,02,0,1,0,0,0,0,0,0,1,"- ","- ",37.339550018310547,-121.97244262695312,"SANTA CLARA","SANTA CLARA",,
82175543,2023,2023-09-22,4316,2023-07-09,1653,16080,16,7,5,6,4316,0,0,0,,0,001,"SUNNYVALE AVENUE","HENDY AVENUE",0.00,,Y,A,-,N,,,,,,,,,,N,3,0,1,2,A,-,10,21950,A,N,G,B,B,A,H,-,A,A,0,Y,,,,Y,,A,01,0,1,0,0,1,0,0,0,0,"- ","- ",,,"SANTA CLARA",SUNNYVALE,,
82176629,2023,2023-09-25,4302,2023-08-07,2203,82,4302,1,5,4,4302,0,0,0,,0,003,"SAN TOMAS EXPWY","BUDD AVE",0.00,,Y,A,-,N,,,,,,,,,,Y,4,0,3,2,A,-,09,21453,C,N,D,C,A,A,H,-,E,A,0,,,,,Y,,A,01,0,0,3,0,0,0,0,0,0,"- ","- ",,,"SANTA CLARA",CAMPBELL,,
82177761,2023,2023-09-25,4316,2023-09-05,"805 ",16850,51,2,5,6,4316,0,0,0,,0,005,"MARY AV","FREMONT AV",218.00,N,N,A,-,N,,,,,,,,,,N,3,0,3,2,A,-,08,21460,5,N,D,D,A,A,H,-,A,D,0,,,,,Y,,A,01,0,1,2,0,0,0,0,0,0,"- ","- ",37.352188110351562,-122.05092620849609,"SANTA CLARA",SUNNYVALE,-122.05052947998047,37.352828979492188
82189651,2023,2023-10-04,4302,2023-08-31,1259,77,4302,4,5,4,4302,0,0,0,,0,003,"WINCHESTER BLVD","RINCON AVE",167.00,N,N,A,-,N,,,,,,,,,,Y,3,0,1,2,A,-,08,22107,,N,B,E,A,A,H,-,A,D,0,,,Y,,Y,,C,02,0,1,0,0,0,0,0,0,1,"- ","- ",,,"SANTA CLARA",CAMPBELL,-121.94985198974609,37.285358428955078
82191623,2023,2023-10-05,4308,2023-09-13,"531 ",337,,3,5,5,4308,0,0,0,,0,005,"300-BLK MCCARTHY",CA-237,0.00,,Y,A,-,Y,SCL,,237," ",R,9.127,H,,R,Y,3,0,1,2,A,-,12,21453,A,N,D,C,A,A,H,-,C,A,0,,,,,Y,,A,01,0,1,0,0,0,0,0,0,0,"- ","- ",37.423091888427734,-121.92299652099609,"SANTA CLARA",MILPITAS,-121.92304992675781,37.423198699951172
82191627,2023,2023-10-05,4308,2023-09-23,2232,353,,6,5,5,4308,0,0,0,,0,003,"CALIFORNIA CIR","FAIRVIEW WAY",50.00,E,N,A,-,N,,,,,,,,,,Y,3,0,1,1,A,-,03,22350,,N,E,I,A,A,H,-,C,D,0,,,,,Y,,A,01,0,1,0,0,0,0,0,0,0,"- ","- ",37.44696044921875,-121.91631317138672,"SANTA CLARA",MILPITAS,-121.91655731201172,37.446971893310547
82193740,2023,2023-10-09,4308,2023-09-16,1335,329,,6,5,5,4308,0,0,0,,0,005,"TASMAN DR","SB 880 TO UD GREAT MALL",0.00,,Y,-,-,N,,,,,,,,,,Y,3,0,2,2,A,-,12,21453,A,N,D,C,A,A,H,-,A,A,0,,,,,Y,,-,"- ",0,2,0,0,0,0,0,0,0,"- ","- ",37.415290832519531,-121.913330078125,"SANTA CLARA",MILPITAS,,
82199264,2023,2023-10-16,4308,2023-09-28,1922,323,,4,5,5,4308,0,0,0,,0,003,"N HILLVIEW DR","DE ANZA CT",55.00,S,N,A,-,N,,,,,,,,,,Y,2,0,1,1,B,-,22,,,N,F,A,A,A,H,-,C,D,0,,,Y,,Y,,C,02,1,0,0,0,0,0,0,0,1,"- ","- ",37.446159362792969,-121.89395141601562,"SANTA CLARA",MILPITAS,-121.89389038085938,37.446186065673828
82203050,2023,2023-10-19,4316,2023-10-01,2022,19833,56,7,5,6,4316,0,0,0,,0,005,"HOMESTEAD RD","ONTARIO DR",0.00,,Y,A,-,N,,,,,,,,,,N,4,0,1,2,A,-,08,22107,,F,D,C,A,A,H,-,C,A,0,,,,,Y,Y,A,01,0,0,1,0,0,0,0,0,0,"- ","- ",37.337528228759766,-122.03977203369141,"SANTA CLARA",SUNNYVALE,,
82203058,2023,2023-10-19,4314,2023-10-05,1929,K7040,43471,4,5,6,4314,0,0,0,,0,005,"COLEMAN AVE","BROKAW RD",13.00,N,N,A,-,N,,,,,,,,,,Y,3,0,3,2,A,-,08,22107,,N,B,C,A,A,H,-,C,A,0,,,,,Y,,A,07,0,3,0,0,0,0,0,0,0,"- ","- ",37.356861114501953,-121.93473815917969,"SANTA CLARA","SANTA CLARA",-121.93473052978516,37.356868743896484
82206682,2023,2023-10-24,4314,2023-10-15,"906 ",F6214,43471,7,5,6,4314,0,0,0,,0,005,"SAN TOMAS EXPY","SCOTT BLVD",0.00,,Y,A,-,N,,,,,,,,,,Y,3,0,2,2,A,-,12,21453,A,N,D,C,A,A,H,-,A,A,0,,,,,Y,,-,"- ",0,2,0,0,0,0,0,0,0,"- ","- ",37.377738952636719,-121.96488189697266,"SANTA CLARA","SANTA CLARA",,
82208870,2023,2023-10-26,4314,2023-10-24,1457,R0514,43471,2,5,6,4314,0,0,0,,0,004,"KIFER RD",BOWERS,100.00,W,N,A,-,N,,,,,,,,,,N,4,0,1,2,A,-,09,21801,A,N,D,C,A,A,H,-,A,D,0,,,,,Y,,D,22,0,0,1,0,0,0,0,0,0,"- ","- ",,,"SANTA CLARA","SANTA CLARA",-121.97817230224609,37.374118804931641
82223876,2023,2023-10-31,4308,2023-10-17,1842,323,,2,5,5,4308,0,0,0,,0,OOJ,"T/R JACKLIN RD TO I-680 SB","JACKLIN RD",985.00,S,N,A,-,Y,SCL,,680," ",M,8.317,H,,L,Y,3,0,2,2,A,-,03,22350,,N,C,C,A,A,H,-,B,A,0,,,,,Y,,A,01,0,2,0,0,0,0,0,0,0,"- ","- ",37.444240570068359,-121.89109039306641,"SANTA CLARA",MILPITAS,-121.89084625244141,37.444271087646484
82229615,2023,2023-11-07,4314,2023-10-18,"908 ",G1027,43471,3,5,6,4314,0,0,0,,0,004,"MACHADO AVE","MONROE ST",0.00,,Y,A,-,N,,,,,,,,,,N,3,0,1,2,A,-,05,21651,B,N,D,G,A,A,H,-,A,A,0,,Y,,,Y,,L,04,0,1,0,0,0,0,1,0,0,"- ","- ",,,"SANTA CLARA","SANTA CLARA",,
82229617,2023,2023-11-07,4314,2023-10-23,"620 ",C5706,43471,1,5,6,4314,0,0,0,,0,,"LAWRENCE EXPY","MONROE ST",0.00,,Y,A,-,N,,,,,,,,,,N,3,0,1,2,A,-,10,21950,A,M,G,B,B,A,H,-,A,A,0,Y,,,,Y,,-,99,0,1,0,0,1,0,0,0,0,"- ","- ",37.366668701171875,-121.99622344970703,"SANTA CLARA","SANTA CLARA",,
82229706,2023,2023-11-07,4308,2023-10-20,1515,323,,5,5,5,4308,0,0,0,,0,001,"W CALAVERAS BLVD","BUTLER ST",154.00,W,N,A,-,Y,SCL,,237," ",T,9.798,H,,R,N,3,0,1,2,A,-,08,22107,,N,C,C,A,A,H,-,A,D,0,,,Y,,Y,,A,07,0,1,0,0,0,0,0,0,1,"- ","- ",37.428909301757812,-121.90988159179688,"SANTA CLARA",MILPITAS,-121.90993499755859,37.428916931152344
82230611,2023,2023-11-08,4316,2023-10-18,1212,15203,27,3,5,6,4316,0,0,0,,0,002,"LAWRENCE EX","ARQUES AV",770.00,S,N,A,-,N,,,,,,,,,,Y,4,0,1,3,A,-,03,22350,,N,C,C,A,A,H,-,A,A,0,,,,,Y,,A,01,0,0,1,0,0,0,0,0,0,"- ","- ",37.380561828613281,-121.99603271484375,"SANTA CLARA",SUNNYVALE,-121.99585723876953,37.378314971923828
82230633,2023,2023-11-08,4314,2023-11-03,1415,G1027,43471,5,5,6,4314,0,0,0,,0,003,"BELLOMY ST","MONROE ST",0.00,,Y,A,-,N,,,,,,,,,,N,3,0,1,2,A,-,12,21453,A,N,D,G,A,A,H,-,A,A,0,,Y,,,Y,,L,04,0,1,0,0,0,0,1,0,0,"- ","- ",37.343730926513672,-121.94529724121094,"SANTA CLARA","SANTA CLARA",,
82235141,2023,2023-11-14,4302,2023-10-23,1700,112,4302,1,5,4,4302,0,0,0,,0,002,"STEINWAY AVE","VIRGINIA AVE (S)",0.00,,Y,A,-,N,,,,,,,,,,N,2,0,1,1,B,-,22,,,N,E,A,A,A,H,-,A,D,0,,Y,,,Y,,L,04,1,0,0,0,0,0,1,0,0,"- ","- ",,,"SANTA CLARA",CAMPBELL,,
82235183,2023,2023-11-14,4316,2023-10-06,1158,16553,,5,5,6,4316,0,0,0,,0,006,"EL CAMINO REAL","POPLAR AV",100.00,W,N,A,-,Y,SCL,,82," "," ",14.949,H,,R,Y,3,0,3,3,A,-,03,22350,,N,A,C,A,A,H,-,A,A,0,,,,,Y,,A,01,0,1,2,0,0,0,0,0,0,"- ","- ",37.352359771728516,-122.00923156738281,"SANTA CLARA",SUNNYVALE,-122.00923156738281,37.352275848388672
82236296,2023,2023-11-15,4314,2023-11-11,1525,W3160,43471,6,5,6,4314,0,0,0,,0,006,"BOWERS AVE","US HWY 101 NBOFF/R",0.00,,Y,A,-,N,,,,,,,,,,Y,3,0,1,2,A,-,12,21453,A,N,D,C,A,A,H,-,A,A,0,,,,,Y,,A,01,0,1,0,0,0,0,0,0,0,"- ","- ",37.387611389160156,-121.97530364990234,"SANTA CLARA","SANTA CLARA",,
82237363,2023,2023-11-16,4302,2023-10-01,"951 ",83,4302,7,5,4,4302,0,0,0,,0,002,"HAMILTON AVE","DARRYL DR",0.00,,Y,A,-,N,,,,,,,,,,Y,3,0,1,2,A,-,12,21453,A,N,A,C,A,A,H,-,A,A,0,,,,,Y,,A,01,0,1,0,0,0,0,0,0,0,"- ","- ",,,"SANTA CLARA",CAMPBELL,,
82241268,2023,2023-11-21,4316,2023-10-22,2018,16911,31,7,5,6,4316,0,0,0,,0,003,"BERNARDO AV","MC KINLEY AV",58.00,S,N,A,-,N,,,,,,,,,,Y,3,0,1,2,A,-,01,23152,A,N,C,E,A,A,H,-,C,D,0,,,,,Y,,A,07,0,1,0,0,0,0,0,0,0,"- ","- ",37.378768920898438,-122.05454254150391,"SANTA CLARA",SUNNYVALE,-122.05472564697266,37.378555297851562
82242378,2023,2023-11-22,4314,2023-11-14,1742,B0411,43471,2,5,6,4314,0,0,0,,0,003,"KIELY BLVD","EL CAMINO REAL",40.00,S,N,A,-,N,,,,,,,,,,N,3,0,1,2,A,-,09,21804,A,N,D,G,A,A,H,-,B,D,0,,Y,,,Y,,M,91,0,1,0,0,0,0,1,0,0,"- ","- ",37.352390289306641,-121.97776031494141,"SANTA CLARA","SANTA CLARA",-121.9776611328125,37.352210998535156
82242670,2023,2023-11-22,4307,2023-08-30,1450,S040,LG203,3,5,4,4307,0,0,0,,0,002,"BLOSSOM HILL RD","LOS GATOS BLVD",0.00,,Y,A,-,N,,,,,,,,,,N,4,0,1,2,A,-,00,21461,,N,H,G,A,A,H,-,A,A,0,,Y,,,Y,,L,04,0,0,1,0,0,0,1,0,0,"- ","- ",37.235618591308594,-121.96295928955078,"SANTA CLARA","LOS GATOS",,
82243677,2023,2023-11-24,4316,2023-11-06,"530 ",17209,16,1,5,6,4316,0,0,0,,0,001,"CALIFORNIA AV","FRANCES ST",50.00,E,N,B,-,N,,,,,,,,,,Y,3,0,1,2,A,-,08,22107,,N,A,C,A,B,H,-,C,D,0,,,,,Y,,A,01,0,1,0,0,0,0,0,0,0,"- ","- ",37.381179809570312,-122.02954864501953,"SANTA CLARA",SUNNYVALE,-122.029541015625,37.381454467773438
82244033,2023,2023-11-27,4314,2023-11-19,2230,S8766,43471,7,5,6,4314,0,0,0,,0,005,"EL CAMINO REAL","MORSE LN",0.00,,Y,B,-,N,,,,,,,,,,N,4,0,1,2,A,-,09,21801,A,M,D,G,A,A,H,-,C,A,0,,Y,,,Y,,L,04,0,0,1,0,0,0,1,0,0,"- ","- ",37.352531433105469,-121.97064208984375,"SANTA CLARA","SANTA CLARA",,
82248501,2023,2023-11-30,4316,2023-10-27,"816 ",16080,53,5,5,6,4316,0,0,0,,0,005,"THE DALLES","SAMEDRA ST",0.00,,Y,A,-,N,,,,,,,,,,Y,4,0,1,2,A,-,09,21802,A,N,D,C,A,A,H,-,A,A,0,,,,,Y,,A,01,0,0,1,0,0,0,0,0,0,"- ","- ",37.344921112060547,-122.05091857910156,"SANTA CLARA",SUNNYVALE,,
82248517,2023,2023-11-30,4316,2023-11-10,1018,16080,42,5,5,6,4316,0,0,0,,0,004,"MARIA LN","EL CAMINO REAL",40.00,N,N,A,-,Y,,,,,,,,,,N,4,0,3,2,A,-,09,21453,B,N,D,C,A,A,H,-,A,A,0,,,,,Y,,A,01,0,0,3,0,0,0,0,0,0,"- ","- ",37.355400085449219,-122.01820373535156,"SANTA CLARA",SUNNYVALE,-122.01767730712891,37.355976104736328
82250360,2023,2023-12-04,4312,2023-10-16,"907 ",809090,80600,1,5,5,4312,0,0,0,,0,PA2,"MIDDLEFIELD RD","FOREST AVE",0.00,,Y,A,-,N,,,,,,,,,,Y,3,0,1,2,A,-,09,21802,A,N,D,C,A,A,H,-,A,D,0,,,,,Y,,A,01,0,1,0,0,0,0,0,0,0,"- ","- ",,,"SANTA CLARA","PALO ALTO",,
82252125,2023,2023-12-04,4307,2023-11-05,2310,S102,LG105,7,5,4,4307,0,0,0,,0,001,"UNIVERSITY AVE","ROBERTS RD",0.00,,Y,C,-,N,,,,,,,,,,Y,3,0,2,2,A,-,01,23152,B,N,C,C,A,B,H,-,C,D,0,,,,,Y,Y,A,01,0,2,0,0,0,0,0,0,0,"- ","- ",37.233238220214844,-121.9771728515625,"SANTA CLARA","LOS GATOS",,
82256836,2023,2023-12-11,4314,2023-11-16,1137,R0514,43471,4,5,6,4314,0,0,0,,0,003,"EL CAMINO REAL","SAN TOMAS EXPY",0.00,,Y,A,-,Y,,,,,,,,,,Y,3,0,4,4,A,-,09,21806,A,N,D,D,A,A,H,-,A,A,0,,,,,Y,,A,01,0,4,0,0,0,0,0,0,0,"- ","- ",37.351909637451172,-121.96839141845703,"SANTA CLARA","SANTA CLARA",,
82259531,2023,2023-12-12,4308,2023-11-25,1740,350,1,6,5,5,4308,0,0,0,,0,001,"W/B W CALAVERAS BL","S/B I-880 TO W/B I-237 TRANSITION ROAD",0.00,,Y,A,-,Y,SCL,,237," ",R,9.289,H,,L,Y,3,0,1,2,A,-,12,21453,A,N,D,C,A,A,H,-,B,A,0,,,,,Y,,-,"- ",0,1,0,0,0,0,0,0,0,"- ","- ",37.425380706787109,-121.91789245605469,"SANTA CLARA",MILPITAS,-121.91790008544922,37.425395965576172