CASE_ID,ACCIDENT_YEAR,PROC_DATE,JURIS,COLLISION_DATE,COLLISION_TIME,OFFICER_ID,REPORTING_DISTRICT,DAY_OF_WEEK,CHP_SHIFT,POPULATION,CNTY_CITY_LOC,SPECIAL_COND,BEAT_TYPE,CHP_BEAT_TYPE,CITY_DIVISION_LAPD,CHP_BEAT_CLASS,BEAT_NUMBER,PRIMARY_RD,SECONDARY_RD,DISTANCE,DIRECTION,INTERSECTION,WEATHER_1,WEATHER_2,STATE_HWY_IND,CALTRANS_COUNTY,CALTRANS_DISTRICT,STATE_ROUTE,ROUTE_SUFFIX,POSTMILE_PREFIX,POSTMILE,LOCATION_TYPE,RAMP_INTERSECTION,SIDE_OF_HWY,TOW_AWAY,COLLISION_SEVERITY,NUMBER_KILLED,NUMBER_INJURED,PARTY_COUNT,PRIMARY_COLL_FACTOR,PCF_CODE_OF_VIOL,PCF_VIOL_CATEGORY,PCF_VIOLATION,PCF_VIOL_SUBSECTION,HIT_AND_RUN,TYPE_OF_COLLISION,MVIW,PED_ACTION,ROAD_SURFACE,ROAD_COND_1,ROAD_COND_2,LIGHTING,CONTROL_DEVICE,CHP_ROAD_TYPE,PEDESTRIAN_ACCIDENT,BICYCLE_ACCIDENT,MOTORCYCLE_ACCIDENT,TRUCK_ACCIDENT,NOT_PRIVATE_PROPERTY,ALCOHOL_INVOLVED,STWD_VEHTYPE_AT_FAULT,CHP_VEHTYPE_AT_FAULT,COUNT_SEVERE_INJ,COUNT_VISIBLE_INJ,COUNT_COMPLAINT_PAIN,COUNT_PED_KILLED,COUNT_PED_INJURED,COUNT_BICYCLIST_KILLED,COUNT_BICYCLIST_INJURED,COUNT_MC_KILLED,COUNT_MC_INJURED,PRIMARY_RAMP,SECONDARY_RAMP,LATITUDE,LONGITUDE,COUNTY,CITY,POINT_X,POINT_Y
91801872,2022,2022-06-23,9340,2022-06-13,1750,022332,,1,2,7,4313,0,1,3,,2,083,"SR-85 S/B","ALMADEN EXPY",2500.00,N,N,A,-,Y,SCL,,85,,,7.013,H,,L,N,3,0,1,2,A,-,03,22350,,N,C,C,A,A,H,-,A,D,0,,,,,Y,,A,01,0,1,0,0,0,0,0,0,0,"- ","- ",37.251338958740234,-121.89031982421875,"SANTA CLARA","SAN JOSE",-121.89030456542969,37.251300811767578
91802700,2022,2022-06-24,9340,2022-06-17,1725,021885,,5,2,6,4314,0,1,2,,2,120,"US-101 SOUTHBOUND","SAN TOMAS EXPY",100.00,S,N,A,-,Y,SCL,,101,,,41.969,H,,L,Y,4,0,3,3,A,-,03,22350,,N,C,C,A,A,H,-,A,D,0,,,,,Y,,A,01,0,0,3,0,0,0,0,0,0,"- ","- ",37.381908416748047,-121.96385192871094,"SANTA CLARA","SANTA CLARA",-121.9638671875,37.381874084472656
91802912,2022,2022-06-24,9340,2022-06-17,0835,022756,,5,1,7,4313,0,1,3,,2,087,"SR-87 N/B","ALMA AVE",1215.00,N,N,A,-,Y,SCL,,87,,,4.303,H,,R,Y,4,0,2,2,A,-,03,22350,,N,C,C,A,A,H,-,A,D,0,,,,,Y,,A,01,0,0,2,0,0,0,0,0,0,"- ","- ",37.313041687011719,-121.88552093505859,"SANTA CLARA","SAN JOSE",-121.88558197021484,37.313003540039062
91803023,2022,2022-06-24,9340,2022-06-17,1500,022825,,5,2,5,4303,0,1,1,,2,282,"I-280 S/B","WOLFE RD",150.00,S,N,A,-,Y,SCL,,280,,,8.166,H,,L,N,4,0,1,3,A,-,03,22350,,N,C,C,A,A,H,-,A,D,0,,,,,Y,,A,07,0,0,1,0,0,0,0,0,0,"- ","- ",37.328838348388672,-122.01116180419922,"SANTA CLARA",CUPERTINO,-122.01121520996094,37.328773498535156
91804748,2022,2022-06-28,9340,2022-06-17,1800,022825,,5,2,7,4313,0,1,1,,2,282,"I-280 S/B","WINCHESTER BLVD",1690.00,N,N,A,-,Y,SCL,,280,,,4.872,H,,L,N,4,0,1,3,A,-,03,22350,,N,C,C,A,A,H,-,A,D,0,,,,,Y,,A,07,0,0,1,0,0,0,0,0,0,"- ","- ",37.316509246826172,-121.95606231689453,"SANTA CLARA","SAN JOSE",-121.9560546875,37.316440582275391
91807144,2022,2022-06-30,9340,2022-06-21,0821,018680,,2,1,7,4313,0,1,3,,2,240,"SR-237 W/B","N 1ST STREET",1200.00,E,N,A,-,Y,SCL,,237,,,7.250,H,,L,Y,2,0,1,2,A,-,07,21658,A,N,C,C,A,A,H,-,A,A,0,,,Y,,Y,,D,22,1,0,0,0,0,0,0,0,1,"- ","- ",37.419460296630859,-121.9532470703125,"SANTA CLARA","SAN JOSE",-121.9532470703125,37.419475555419922
91807148,2022,2022-06-30,9725,2022-06-22,0655,021529,,3,1,9,4300,0,3,5,,2,001,"FOOTHILL AVE","SAN MARTIN AVENUE",2227.00,N,N,A,-,N,,,,,,,,,,N,3,0,1,1,A,-,08,22107,,N,F,A,A,A,H,-,A,D,0,,,,,Y,,D,22,0,1,0,0,0,0,0,0,0,"- ","- ",37.115699768066406,-121.59400177001953,"SANTA CLARA",UNINCORPORATED,-121.58475494384766,37.100669860839844
91810092,2022,2022-07-05,9725,2022-06-22,1555,021785,,3,2,9,4300,0,2,4,,1,020,"UVAS RD","WATSONVILLE RD",0.00,,Y,A,-,N,,,,,,,,,,Y,3,0,1,2,A,-,09,21802,A,N,D,C,A,A,H,-,A,D,0,,,Y,,Y,,A,08,0,1,0,0,0,0,0,0,1,"- ","- ",37.054481506347656,-121.66294097900391,"SANTA CLARA",UNINCORPORATED,-121.66287994384766,37.059478759765625
91812303,2022,2022-07-07,9340,2022-06-25,2100,022819,,6,2,6,4316,0,1,2,,2,120,"US-101 N/B","FAIR OAKS AVE",1100.00,S,N,A,-,Y,SCL,,101,,,44.611,H,,R,N,4,0,1,2,A,-,01,23152,A,N,B,C,A,A,H,-,D,D,0,,,,,Y,Y,A,01,0,0,1,0,0,0,0,0,0,"- ","- ",37.394981384277344,-122.00892639160156,"SANTA CLARA",SUNNYVALE,-122.00895690917969,37.394920349121094
91812350,2022,2022-07-07,9340,2022-06-26,1035,022541,,7,1,9,4300,0,1,3,,2,035,SR-35,"WARD RD",7920.00,N,N,A,-,Y,SCL,,35,,,16.636,H,,R,N,3,0,1,2,A,-,03,22350,,N,C,2,A,A,H,-,A,D,0,,,Y,,Y,,C,03,0,1,0,0,0,0,0,0,1,"- ","- ",37.281139373779297,-122.14874267578125,"SANTA CLARA",UNINCORPORATED,-122.1488037109375,37.2811279296875
91813289,2022,2022-07-08,9340,2022-06-26,0447,022685,,7,3,7,4313,0,1,2,,2,110,"US-101 S/B","TAYLOR STREET",640.00,N,N,B,-,Y,SCL,,101,,,37.068,H,,L,Y,3,0,2,3,A,-,08,22107,,F,B,C,A,A,H,-,D,D,0,,,,,Y,,A,01,0,2,0,0,0,0,0,0,0,"- ","- ",37.361591339111328,-121.87973785400391,"SANTA CLARA","SAN JOSE",-121.87974548339844,37.361579895019531
91814652,2022,2022-07-11,9340,2022-06-27,1801,022681,,1,2,7,4313,0,1,2,,2,110,"US-101 S/B","CAPITOL EXPY",3168.00,N,N,A,-,Y,SCL,,101,,,32.340,H,,L,Y,4,0,2,3,A,-,01,23152,A,F,C,C,A,A,H,-,A,D,0,,,,,Y,,A,01,0,0,2,0,0,0,0,0,0,"- ","- ",37.310470581054688,-121.82389068603516,"SANTA CLARA","SAN JOSE",-121.82398986816406,37.310409545898438
91815308,2022,2022-07-12,9725,2022-07-05,1205,022869,,2,1,4,4310,0,2,4,,1,020,"WATSONVILLE ROAD","UVAS RD",320.00,E,N,A,-,N,,,,,,,,,,N,3,0,1,1,A,-,08,22107,,N,E,I,A,A,H,-,A,D,0,,,,,Y,,A,01,0,1,0,0,0,0,0,0,0,"- ","- ",37.060420989990234,-121.66285705566406,"SANTA CLARA","MORGAN HILL",-121.66265869140625,37.058620452880859
91815346,2022,2022-07-12,9340,2022-07-01,0830,022660,,5,1,7,4313,0,1,2,,2,110,"US101 N/B","OAKLAND RD",726.00,S,N,A,-,Y,SCL,,101,,,37.268,H,,R,Y,3,0,1,3,A,-,03,22350,,N,C,C,A,A,H,-,A,D,0,,,,,Y,,A,08,0,1,0,0,0,0,0,0,0,"- ","- ",37.362220764160156,-121.88327026367188,"SANTA CLARA","SAN JOSE",-121.88327026367188,37.362220764160156
91815875,2022,2022-07-13,9330,2022-06-24,1500,022595,,5,2,5,4312,0,1,2,,2,078,"US-101 S/B","SAN ANTONIO RD.",2640.00,N,N,A,-,Y,SCL,,101,,,50.862,H,,L,Y,4,0,4,3,A,-,03,22350,,N,C,C,A,A,H,-,A,D,0,,,,,Y,,A,01,0,0,4,0,0,0,0,0,0,"- ","- ",37.434291839599609,-122.10782623291016,"SANTA CLARA","PALO ALTO",-122.10783386230469,37.434288024902344
91816969,2022,2022-07-14,9725,2022-07-03,0100,022608,,7,3,9,4300,0,1,2,,2,015,"US-101 NORTHBOUND FROM BLOSSOM HILL ROAD EASTBOUND","BLOSSOM HILL ROAD",82.00,S,N,B,-,Y,,,,,,,,,,Y,3,0,1,1,A,-,01,23152,A,N,E,J,A,A,H,-,C,D,0,,,Y,,Y,Y,C,02,0,1,0,0,0,0,0,0,1,"- ","- ",37.256710052490234,-121.793212890625,"SANTA CLARA",UNINCORPORATED,-121.79574584960938,37.256984710693359
91817383,2022,2022-07-14,9340,2022-07-02,0510,022712,,6,3,7,4313,0,1,2,,2,110,"US-101 S/B","CAPITOL EXPY.",2435.00,N,N,A,-,Y,SCL,,101,,,32.159,H,,L,Y,3,0,1,2,A,-,08,22107,,N,C,C,A,A,H,-,B,D,0,,,,,Y,,A,01,0,1,0,0,0,0,0,0,0,"- ","- ",37.308300018310547,-121.82205200195312,"SANTA CLARA","SAN JOSE",-121.82197570800781,37.308345794677734
91817878,2022,2022-07-15,9340,2022-07-02,2112,021885,,6,2,7,4313,0,1,1,,2,282,"I-280 N/B","SARATOGA AVE",470.40,S,N,A,-,Y,,,,,,,,,,N,2,0,1,2,A,-,11,21954,A,N,G,B,E,A,H,-,E,D,0,Y,,,,Y,Y,N,60,1,0,0,0,1,0,0,0,0,"- ","- ",37.317001342773438,-121.97296905517578,"SANTA CLARA","SAN JOSE",-121.97303009033203,37.316722869873047
91817895,2022,2022-07-15,9340,2022-07-05,0100,022688,,2,3,7,4313,0,1,2,,2,110,"US-101 S/B","HELLYER AVENUE",1790.00,S,N,A,-,Y,SCL,,101,,,29.722,H,,L,Y,4,0,1,2,A,-,03,22350,,N,C,C,A,A,H,-,D,D,0,,,,,Y,Y,A,01,0,0,1,0,0,0,0,0,0,"- ","- ",37.276988983154297,-121.80548858642578,"SANTA CLARA","SAN JOSE",-121.8055419921875,37.276969909667969
91817974,2022,2022-07-15,9330,2022-07-05,1650,022960,,2,2,5,4312,0,1,2,,2,078,"US-101 SOUTHBOUND","SAN ANTONIO ROAD",1584.00,N,N,A,-,Y,SCL,,101,,,50.625,H,,L,N,4,0,2,3,A,-,03,22350,,N,C,C,A,A,H,-,A,D,0,,,,,Y,,A,01,0,0,2,0,0,0,0,0,0,"- ","- ",37.431598663330078,-122.10516357421875,"SANTA CLARA","PALO ALTO",-122.10508728027344,37.431648254394531
91818027,2022,2022-07-15,9340,2022-07-04,2305,022712,,1,3,7,4313,0,1,2,,2,110,"US-101 N/B","BLOSSOM HILL RD",1935.00,N,N,A,-,Y,SCL,,101,,R,28.999,H,,R,Y,3,0,3,3,A,-,01,23152,A,N,B,C,A,A,H,-,C,D,0,,,Y,,Y,Y,C,02,0,3,0,0,0,0,0,0,1,"- ","- ",37.261829376220703,-121.79994964599609,"SANTA CLARA","SAN JOSE",-121.80000305175781,37.261810302734375
91819112,2022,2022-07-18,9340,2022-07-04,1400,022779,,1,2,7,4313,0,1,2,,2,120,"US-101 S/B TO I-880 N/B","N 10TH ST",800.00,N,N,A,-,Y,,,,,,,,,,Y,4,0,1,1,A,-,03,22350,,N,E,I,A,A,H,-,A,A,0,,,,,Y,,A,01,0,0,1,0,0,0,0,0,0,"- ","- ",37.363201141357422,-121.90099334716797,"SANTA CLARA","SAN JOSE",-121.90099334716797,37.363201141357422
91819210,2022,2022-07-18,9340,2022-07-06,1245,017225,,3,1,7,4313,0,1,2,,2,120,"US-101 S/B","DE LA CRUZ BLVD",700.00,S,N,A,-,Y,SCL,,101,,,40.583,H,,L,N,3,0,2,2,A,-,08,22107,,N,B,C,A,A,H,-,A,D,0,,,,,Y,,A,01,0,2,0,0,0,0,0,0,0,"- ","- ",37.376251220703125,-121.93972015380859,"SANTA CLARA","SAN JOSE",-121.93972015380859,37.376258850097656
91819254,2022,2022-07-18,9330,2022-07-07,1830,022960,,4,2,5,4311,0,1,2,,2,078,"US-101 N/B","SHORELINE BOULEVARD",3696.00,S,N,A,-,Y,SCL,,101,,,47.864,H,,R,Y,3,0,1,2,A,-,03,22350,,N,C,C,A,A,H,-,A,D,0,,,,,Y,,A,01,0,1,0,0,0,0,0,0,0,"- ","- ",37.407569885253906,-122.06587982177734,"SANTA CLARA","MOUNTAIN VIEW",-122.06584930419922,37.407646179199219
91820293,2022,2022-07-19,9340,2022-07-08,1323,017225,,5,1,6,4316,0,1,3,,2,230,"SR-237 E/B","LAWRENCE EXPRESSWAY",1600.00,E,N,A,-,Y,SCL,,237,,R,4.910,H,,R,Y,3,0,1,3,A,-,03,22350,,N,C,C,A,A,H,-,A,D,0,,,,,Y,,A,07,0,1,0,0,0,0,0,0,0,"- ","- ",37.410350799560547,-121.99324035644531,"SANTA CLARA",SUNNYVALE,-121.99323272705078,37.410327911376953
91820593,2022,2022-07-19,9340,2022-07-07,1115,022877,,4,1,7,4313,0,1,2,,2,110,"US-101 N/B","TULLY RD.",1750.00,N,N,A,-,Y,SCL,,101,,,33.371,H,,R,Y,3,0,1,1,A,-,08,22107,,N,E,I,A,A,H,-,A,D,0,,,,,Y,Y,A,07,0,1,0,0,0,0,0,0,0,"- ","- ",37.322418212890625,-121.83515930175781,"SANTA CLARA","SAN JOSE",-121.83517456054688,37.322414398193359
91820613,2022,2022-07-19,9340,2022-07-08,2345,022601,,5,3,7,4313,0,1,2,,2,120,"US-101 S/B","N. 10TH ST",150.00,N,N,A,-,Y,SCL,,101,,,38.112,H,,L,Y,3,0,1,2,A,-,08,22107,,F,B,C,A,A,H,-,C,D,0,,,,,Y,,-,99,0,1,0,0,0,0,0,0,0,"- ","- ",37.363540649414062,-121.8984375,"SANTA CLARA","SAN JOSE",-121.89844512939453,37.363525390625
91821087,2022,2022-07-20,9340,2022-07-08,0005,022684,,5,3,6,4316,0,1,2,,2,120,"US-101 S/B TO SR-237",SR-237,200.00,S,N,A,-,Y,,,,,,,,,,Y,3,0,1,1,A,-,08,22107,,N,F,J,A,A,H,-,D,D,0,,,,,Y,,A,01,0,1,0,0,0,0,0,0,0,"- ","- ",37.400161743164062,-122.03513336181641,"SANTA CLARA",SUNNYVALE,-122.03513336181641,37.400161743164062
91821116,2022,2022-07-20,9340,2022-07-09,0305,022868,,6,3,7,4313,0,1,3,,2,240,"SR-237 W/B","N. FIRST ST",2605.00,E,N,A,-,Y,SCL,,237,,,7.407,H,,L,Y,4,0,1,1,A,-,01,23152,A,N,E,I,A,A,H,-,D,D,0,,,,,Y,Y,A,01,0,0,1,0,0,0,0,0,0,"- ","- ",37.419391632080078,-121.95037841796875,"SANTA CLARA","SAN JOSE",-121.95037841796875,37.419460296630859
91821289,2022,2022-07-20,9340,2022-07-07,1120,022921,,4,1,5,4308,0,1,1,,2,089,"S/B I-880","DIXON LANDING RD",1870.00,S,N,A,-,Y,SCL,,880,,,10.063,H,,R,Y,4,0,1,3,A,-,03,22350,,M,C,C,A,A,H,-,A,D,0,,,Y,Y,Y,,C,02,0,0,1,0,0,0,0,0,1,"- ","- ",37.449058532714844,-121.92214202880859,"SANTA CLARA",MILPITAS,-121.92185211181641,37.449092864990234
91821317,2022,2022-07-20,9340,2022-07-09,1355,022759,,6,1,5,4308,0,1,1,,2,089,"I-880 N/B","DIXON LANDING RD",1580.00,S,N,A,-,Y,SCL,,880,,,10.024,H,,R,Y,4,0,1,2,A,-,07,21658,A,N,B,C,A,A,H,-,A,D,0,,,,,Y,,A,01,0,0,1,0,0,0,0,0,0,"- ","- ",37.448558807373047,-121.92160034179688,"SANTA CLARA",MILPITAS,-121.9217529296875,37.448543548583984
91822458,2022,2022-07-21,9340,2022-06-26,0008,022447,,7,3,9,4300,0,1,3,,2,171,"SR-17 S/B","SUMMIT RD",1180.00,N,N,A,-,Y,SCL,,17,,,0.323,H,,L,Y,2,0,1,1,A,-,01,23152,A,N,E,I,A,A,H,-,D,D,0,,,,,Y,Y,A,01,1,0,0,0,0,0,0,0,0,"- ","- ",37.147369384765625,-121.98802185058594,"SANTA CLARA",UNINCORPORATED,-121.98792266845703,37.147396087646484
91822961,2022,2022-07-22,9340,2022-07-12,0800,018680,,2,1,5,4303,0,1,1,,2,282,"I-280 N/B","DE ANZA BLVD",800.00,S,N,A,-,Y,SCL,,280,,,9.174,H,,R,N,3,0,1,3,A,-,03,22350,,N,C,C,A,A,H,-,A,D,0,,,,,Y,,A,07,0,1,0,0,0,0,0,0,0,"- ","- ",37.334751129150391,-122.02761077880859,"SANTA CLARA",CUPERTINO,-122.02761077880859,37.334541320800781
91822975,2022,2022-07-22,9340,2022-07-12,0850,022697,,2,1,7,4313,0,1,1,,2,281,"I-280 N/B","7TH ST",850.00,S,N,A,-,Y,SCL,,280,,R,1.459,H,,R,N,4,0,1,2,A,-,03,22350,,M,C,C,A,A,H,-,A,D,0,,,,,Y,,-,99,0,0,1,0,0,0,0,0,0,"- ","- ",37.328151702880859,-121.87393188476562,"SANTA CLARA","SAN JOSE",-121.87393188476562,37.328144073486328
91823256,2022,2022-07-22,9340,2022-07-13,0800,022877,,3,1,5,4308,0,1,3,,2,230,"W/B SR-237","MCCARTHY BLVD",1001.00,W,N,A,-,Y,SCL,,237,,R,8.875,H,,R,Y,4,0,1,3,A,-,03,22350,,N,C,C,A,A,H,-,A,D,0,,,,,Y,,-,"- ",0,0,1,0,0,0,0,0,0,"- ","- ",37.422771453857422,-121.92681884765625,"SANTA CLARA",MILPITAS,-121.92679595947266,37.422557830810547
91824386,2022,2022-07-25,9330,2022-06-22,1500,022793,,3,2,5,4312,0,1,2,,2,078,"US-101 S/B","EMBARCADERO ROAD",845.00,N,N,A,-,Y,SCL,,101,,,52.343,H,,L,Y,4,0,1,2,A,-,07,21658,A,N,C,C,A,A,H,-,A,D,0,,,Y,,Y,,A,01,0,0,1,0,0,0,0,0,1,"- ","- ",37.450778961181641,-122.12509155273438,"SANTA CLARA","PALO ALTO",-122.12515258789062,37.450733184814453
91824526,2022,2022-07-25,9340,2022-07-13,1950,022963,,3,2,7,4313,0,1,2,,2,120,"US 101 S/B","DE LA CRUZ BOULEVARD",1330.00,S,N,A,-,Y,SCL,,101,,,40.432,H,,L,Y,3,0,2,1,A,-,08,22107,,N,E,J,A,A,H,-,B,D,0,,,,,Y,,A,01,0,2,0,0,0,0,0,0,0,"- ","- ",37.375839233398438,-121.93710327148438,"SANTA CLARA","SAN JOSE",-121.9371337890625,37.375743865966797
91825083,2022,2022-07-26,9725,2022-07-18,1155,022869,,1,1,9,4300,0,2,4,,1,019,"MONTEREY ROAD","HIGHLAND AVENUE",980.00,N,N,A,-,N,,,,,,,,,,N,3,0,1,1,A,-,08,22107,,N,E,I,A,A,H,-,A,B,0,,,,,Y,,A,07,0,1,0,0,0,0,0,0,0,"- ","- ",37.076908111572266,-121.60581207275391,"SANTA CLARA",UNINCORPORATED,-121.60566711425781,37.076930999755859
91825140,2022,2022-07-26,9340,2022-07-14,1910,020324,,4,2,7,4313,0,1,3,,2,230,"SR-237 E/B","N. FIRST ST.",50.00,W,N,A,-,Y,SCL,,237,,,6.904,H,,R,Y,4,0,1,3,A,-,03,22350,,N,C,C,A,A,H,-,A,D,0,,,,,Y,,A,01,0,0,1,0,0,0,0,0,0,"- ","- ",37.419139862060547,-121.95928192138672,"SANTA CLARA","SAN JOSE",-121.95928192138672,37.419139862060547
91826076,2022,2022-07-27,9340,2022-07-16,0131,022938,,6,3,7,4313,0,1,1,,2,089,"I-880 N/B","BROKAW RD",2300.00,S,N,A,-,Y,SCL,,880,,,4.877,H,,R,Y,3,0,1,1,A,-,01,23152,A,M,E,I,A,A,H,-,D,D,0,,,,,Y,Y,A,01,0,1,0,0,0,0,0,0,0,"- ","- ",37.375480651855469,-121.90283966064453,"SANTA CLARA","SAN JOSE",-121.90275573730469,37.375492095947266
91826416,2022,2022-07-27,9725,2022-07-24,1440,022827,,7,2,9,4300,0,1,2,,2,012,"US-101 N/B","TENNANT AVE",2640.00,S,N,A,-,Y,SCL,,101,,R,14.283,H,,R,N,3,0,1,2,A,-,03,22350,,N,C,C,A,A,H,-,A,D,0,,,,,Y,,A,01,0,1,0,0,0,0,0,0,0,"- ","- ",37.110019683837891,-121.61820983886719,"SANTA CLARA",UNINCORPORATED,-121.61818695068359,37.110038757324219
91827378,2022,2022-07-28,9340,2022-07-17,1850,022825,,7,2,9,4300,0,3,5,,2,010,SR-130,"GRANT RD",9500.00,E,N,A,-,Y,SCL,,130,,,14.296,H,,R,N,3,0,1,1,A,-,08,22107,,N,F,A,A,A,H,-,A,D,0,,,,,Y,,A,01,0,1,0,0,0,0,0,0,0,"- ","- ",37.331951141357422,-121.68744659423828,"SANTA CLARA",UNINCORPORATED,-121.68748474121094,37.331981658935547
91830117,2022,2022-08-01,9330,2022-07-26,1740,022969,,2,2,5,4311,0,1,2,,2,078,"US-101 N/B","ELLIS ST",1900.00,S,N,A,-,Y,SCL,,101,,,46.670,H,,R,N,4,0,1,2,A,-,03,22350,,N,C,C,A,A,H,-,A,D,0,,,,,Y,,A,07,0,0,1,0,0,0,0,0,0,"- ","- ",37.402870178222656,-122.04498291015625,"SANTA CLARA","MOUNTAIN VIEW",-122.04499816894531,37.402816772460938
91830385,2022,2022-08-01,9340,2022-07-25,1720,020574,,1,2,7,4313,0,1,2,,2,120,"US-101 N/B TO I-880 S/B",I-880,331.00,N,N,A,-,Y,,,,,,,,,,Y,3,0,1,1,A,-,03,22350,,N,E,I,A,A,H,-,A,D,0,,,,,Y,,A,01,0,1,0,0,0,0,0,0,0,"- ","- ",37.365028381347656,-121.90284729003906,"SANTA CLARA","SAN JOSE",-121.90284729003906,37.365028381347656
91831728,2022,2022-08-02,9725,2022-07-24,2000,022836,,7,2,9,4300,0,2,4,,1,020,"UVAS ROAD","OAK GLEN AVENUE",0.00,,Y,A,-,N,,,,,,,,,,Y,3,0,2,2,A,-,01,23152,A,N,D,C,A,A,H,-,B,A,0,,,,,Y,Y,A,07,0,2,0,0,0,0,0,0,0,"- ","- ",37.126529693603516,-121.73330688476562,"SANTA CLARA",UNINCORPORATED,-121.73332977294922,37.126529693603516
91832433,2022,2022-08-03,9725,2022-07-27,1700,022873,,3,2,9,4300,0,3,5,,2,003,"SANTA TERESA BOULEVARD","WEST SAN MARTIN AVENUE",0.00,,Y,A,-,N,,,,,,,,,,N,3,0,1,3,A,-,09,21801,A,N,D,C,A,A,H,-,A,A,0,,,,,Y,,D,22,0,1,0,0,0,0,0,0,0,"- ","- ",37.080299377441406,-121.62271118164062,"SANTA CLARA",UNINCORPORATED,-121.62271118164062,37.080287933349609
91832921,2022,2022-08-04,9725,2022-07-27,2255,022882,,3,3,9,4300,0,1,2,,2,012,"US-101 N/B","TENNANT AVENUE",1584.00,N,N,A,-,Y,SCL,,101,,R,15.389,H,,R,Y,2,0,1,1,A,-,08,22107,,N,F,A,A,A,H,-,C,D,0,,,Y,,Y,,C,02,1,0,0,0,0,0,0,0,1,"- ","- ",37.123569488525391,-121.62856292724609,"SANTA CLARA",UNINCORPORATED,-121.62863922119141,37.123538970947266
91833156,2022,2022-08-04,9340,2022-07-26,1415,022969,,2,2,6,4316,0,1,2,,2,120,"US-101 N/B","LAWRENCE EXPY",600.00,N,N,A,-,Y,SCL,,101,,,43.986,H,,R,Y,4,0,4,3,A,-,07,21658,A,N,C,2,A,A,H,-,A,D,0,,,,,Y,,-,"- ",0,0,4,0,0,0,0,0,0,"- ","- ",37.392021179199219,-121.99817657470703,"SANTA CLARA",SUNNYVALE,-121.99820709228516,37.391956329345703
91833176,2022,2022-08-04,9330,2022-07-29,1745,022244,,5,2,4,4305,0,1,1,,2,074,"I-280 SOUTHBOUND","FOOTHILL BOULEVARD",5808.00,N,N,A,-,Y,SCL,,280,,,12.576,H,,L,N,4,0,1,3,A,-,03,22350,,N,C,C,A,A,H,-,A,D,0,,,,,Y,,D,22,0,0,1,0,0,0,0,0,0,"- ","- ",37.338809967041016,-122.08631896972656,"SANTA CLARA","LOS ALTOS",-122.08631134033203,37.338817596435547
91833324,2022,2022-08-04,9340,2022-07-27,1740,022806,,3,2,7,4313,0,1,2,,2,110,"US-101 S/B FROM TULLY ROAD W/B","TULLY RD",120.00,N,N,A,-,Y,SCL,,101,,,33.070,H,,L,N,3,0,1,3,A,-,03,22350,,N,C,C,A,A,H,-,A,A,0,,,,,Y,,A,01,0,1,0,0,0,0,0,0,0,"- ","- ",37.318641662597656,-121.83226013183594,"SANTA CLARA","SAN JOSE",-121.83203887939453,37.318771362304688
91833339,2022,2022-08-04,9340,2022-07-29,1655,021885,,5,2,7,4313,0,1,1,,2,282,"I-280 S/B","TANTAU AVE",500.00,S,N,A,-,Y,SCL,,280,,,7.741,H,,L,N,4,0,1,2,A,-,03,22350,,N,C,C,A,A,H,-,A,D,0,,,,,Y,,D,22,0,0,1,0,0,0,0,0,0,"- ","- ",37.325481414794922,-122.00473022460938,"SANTA CLARA","SAN JOSE",-122.00478363037109,37.325416564941406
91833816,2022,2022-08-05,9340,2022-07-27,1630,021560,,3,2,4,4307,0,1,3,,2,085,"SR-85 N/B","WINCHESTER BLVD",1950.00,N,N,A,-,Y,SCL,,85,,R,11.376,H,,R,Y,4,0,2,3,A,-,08,22107,,M,B,C,A,A,H,-,A,D,0,,,,,Y,,-,99,0,0,2,0,0,0,0,0,0,"- ","- ",37.260730743408203,-121.97068023681641,"SANTA CLARA","LOS GATOS",-121.97071075439453,37.260684967041016