CASE_ID,ACCIDENT_YEAR,PROC_DATE,JURIS,COLLISION_DATE,COLLISION_TIME,OFFICER_ID,REPORTING_DISTRICT,DAY_OF_WEEK,CHP_SHIFT,POPULATION,CNTY_CITY_LOC,SPECIAL_COND,BEAT_TYPE,CHP_BEAT_TYPE,CITY_DIVISION_LAPD,CHP_BEAT_CLASS,BEAT_NUMBER,PRIMARY_RD,SECONDARY_RD,DISTANCE,DIRECTION,INTERSECTION,WEATHER_1,WEATHER_2,STATE_HWY_IND,CALTRANS_COUNTY,CALTRANS_DISTRICT,STATE_ROUTE,ROUTE_SUFFIX,POSTMILE_PREFIX,POSTMILE,LOCATION_TYPE,RAMP_INTERSECTION,SIDE_OF_HWY,TOW_AWAY,COLLISION_SEVERITY,NUMBER_KILLED,NUMBER_INJURED,PARTY_COUNT,PRIMARY_COLL_FACTOR,PCF_CODE_OF_VIOL,PCF_VIOL_CATEGORY,PCF_VIOLATION,PCF_VIOL_SUBSECTION,HIT_AND_RUN,TYPE_OF_COLLISION,MVIW,PED_ACTION,ROAD_SURFACE,ROAD_COND_1,ROAD_COND_2,LIGHTING,CONTROL_DEVICE,CHP_ROAD_TYPE,PEDESTRIAN_ACCIDENT,BICYCLE_ACCIDENT,MOTORCYCLE_ACCIDENT,TRUCK_ACCIDENT,NOT_PRIVATE_PROPERTY,ALCOHOL_INVOLVED,STWD_VEHTYPE_AT_FAULT,CHP_VEHTYPE_AT_FAULT,COUNT_SEVERE_INJ,COUNT_VISIBLE_INJ,COUNT_COMPLAINT_PAIN,COUNT_PED_KILLED,COUNT_PED_INJURED,COUNT_BICYCLIST_KILLED,COUNT_BICYCLIST_INJURED,COUNT_MC_KILLED,COUNT_MC_INJURED,PRIMARY_RAMP,SECONDARY_RAMP,LATITUDE,LONGITUDE,COUNTY,CITY,POINT_X,POINT_Y
91990548,2023,2023-02-09,9340,2023-01-28,1009,023161,,6,1,9,4300,0,3,5,,2,010,"KIRK AVENUE","SUMMIT AVENUE",160.00,N,N,A,-,N,,,,,,,,,,Y,4,0,2,3,A,-,03,22350,,N,B,2,A,A,H,-,A,D,0,,,,,Y,,A,07,0,0,2,0,0,0,0,0,0,"- ","- ",37.379001617431641,-121.82679748535156,"SANTA CLARA",UNINCORPORATED,-121.82674407958984,37.378959655761719
91991751,2023,2023-02-10,9340,2023-01-29,"235 ",022618,,7,3,6,4314,0,1,3,,2,230,"SR-237 E/B","GREAT AMERICA PARKWAY",943.00,W,N,B,-,Y,SCL,,237," ",R,5.657,H,,R,Y,2,0,1,1,A,-,01,23152,A,N,E,I,A,A,H,-,D,D,0,,,,,Y,Y,A,07,1,0,0,0,0,0,0,0,0,"- ","- ",37.414131164550781,-121.98069000244141,"SANTA CLARA","SANTA CLARA",-121.98076629638672,37.414241790771484
91992871,2023,2023-02-13,9340,2023-02-03,2200,022968,,5,3,9,4300,0,3,5,,2,020,"EAST HILLS DR","S WHITE RD",530.00,E,N,A,-,N,,,,,,,,,,Y,3,0,1,2,A,-,09,21804,A,N,D,C,A,A,H,-,C,D,0,,,,,Y,,A,08,0,1,0,0,0,0,0,0,0,"- ","- ",37.363349914550781,-121.82328796386719,"SANTA CLARA",UNINCORPORATED,-121.82337188720703,37.363227844238281
91993239,2023,2023-02-13,9340,2023-02-06,1710,021745,,1,2,7,4313,0,1,1,,2,281,"I-280 S/B","BIRD AVE",1000.00,N,N,A,-,Y,SCL,,280," ",R,3.050,H,,L,N,4,0,1,3,A,-,03,22350,,N,C,C,A,A,H,-,B,D,0,,,,,Y,,A,07,0,0,1,0,0,0,0,0,0,"- ","- ",37.320510864257812,-121.90065765380859,"SANTA CLARA","SAN JOSE",-121.90061950683594,37.320484161376953
91993378,2023,2023-02-13,9725,2023-02-01,1705,022882,,3,2,9,4300,0,3,5,,2,003,"COUNTRY VIEW DRIVE","MCKEAN ROAD",1056.00,E,N,A,-,N,,,,,,,,,,Y,3,0,1,1,A,-,01,23152,G,M,E,I,A,A,H,-,A,D,0,,,,,Y,Y,D,22,0,1,0,0,0,0,0,0,0,"- ","- ",37.190181732177734,-121.78701019287109,"SANTA CLARA",UNINCORPORATED,-121.78498077392578,37.188098907470703
91994461,2023,2023-02-14,9340,2023-02-06,1700,022682,,1,2,7,4313,0,1,3,,2,083,"SR-85 S/B","S BASCOM AVE",1970.00,S,N,A,-,Y,SCL,,85," "," ",10.020,H,,L,Y,4,0,1,3,A,-,07,21658,A,N,B,C,A,A,H,-,A,D,0,,,Y,,Y,,A,07,0,0,1,0,0,0,0,0,1,"- ","- ",37.253208160400391,-121.94457244873047,"SANTA CLARA","SAN JOSE",-121.944580078125,37.253181457519531
91996086,2023,2023-02-16,9340,2023-02-07,1825,023075,,2,2,7,4313,0,1,1,,2,281,"I-280 N/B","FIRST ST",120.00,N,N,A,-,Y,SCL,,280," ",R,2.086,H,,R,N,4,0,1,2,A,-,03,22350,,N,C,C,A,A,H,-,C,D,0,,,,,Y,,A,01,0,0,1,0,0,0,0,0,0,"- ","- ",37.325698852539062,-121.88475799560547,"SANTA CLARA","SAN JOSE",-121.88474273681641,37.325675964355469
91997014,2023,2023-02-17,9725,2023-02-08,"945 ",021529,,3,1,4,4310,0,1,2,,2,012,"US-101 SB TO TENNANT AVE","TENNANT AVENUE",10.00,N,N,A,-,Y,,,,,,,,,,N,4,0,1,2,A,-,03,22350,,N,C,C,A,A,H,-,A,A,0,,,,,Y,,A,07,0,0,1,0,0,0,0,0,0,"- ","- ",37.118549346923828,-121.62854766845703,"SANTA CLARA","MORGAN HILL",-121.62854766845703,37.118549346923828
91997066,2023,2023-02-17,9340,2023-02-06,"40  ",022921,,1,3,7,4313,0,1,2,,2,110,"US-101 N/B","STORY RD",1795.00,S,N,A,-,Y,SCL,,101," "," ",34.252,H,,R,Y,2,0,2,1,A,-,01,23152,A,N,E,I,A,A,H,-,D,D,0,,,,,Y,Y,A,01,1,1,0,0,0,0,0,0,0,"- ","- ",37.332668304443359,-121.84480285644531,"SANTA CLARA","SAN JOSE",-121.84495544433594,37.332572937011719
91998413,2023,2023-02-20,9340,2023-02-08,1955,022685,,3,2,7,4313,0,1,2,,2,120,"US-101 S/B","BROKAW ROAD",1825.00,N,N,A,-,Y,SCL,,101," "," ",39.821,H,,L,N,3,0,1,5,A,-,08,22107,,M,B,C,A,A,H,-,C,D,0,,,,,Y,,-,99,0,1,0,0,0,0,0,0,0,"- ","- ",37.373291015625,-121.92617034912109,"SANTA CLARA","SAN JOSE",-121.92618560791016,37.373245239257812
91998970,2023,2023-02-21,9725,2023-02-13,2035,020120,,1,2,9,4300,0,1,3,,1,160,SR-152,"LOVERS LANE",5280.00,W,N,A,-,Y,SCL,,152," ",R,17.837,H,,R,Y,2,0,1,4,A,-,05,21460,A,N,A,C,A,A,H,-,D,D,0,,,,Y,Y,,A,01,1,0,0,0,0,0,0,0,0,"- ","- ",36.984668731689453,-121.44126892089844,"SANTA CLARA",UNINCORPORATED,-121.4412841796875,36.984653472900391
91999120,2023,2023-02-21,9725,2023-02-14,1448,022882,,2,2,9,4300,0,3,5,,2,003,"BERNAL ROAD","US-101 S/B",180.00,W,N,B,-,Y,,,,,,,,,,N,4,0,2,2,A,-,03,22350,,N,C,C,A,B,H,-,A,D,0,,,,,Y,,A,07,0,0,2,0,0,0,0,0,0,"- ","- ",37.240951538085938,-121.77271270751953,"SANTA CLARA",UNINCORPORATED,-121.77288055419922,37.244319915771484
92001053,2023,2023-02-23,9330,2023-02-08,1740,023133,,3,2,5,4311,0,1,2,,2,078,"US-101 S/B","ELLIS STREET",1584.00,N,N,A,-,Y,SCL,,101," "," ",47.335,H,,L,N,4,0,2,3,A,-,03,22350,,N,C,C,A,A,H,-,B,D,0,,,,,Y,,A,01,0,0,2,0,0,0,0,0,0,"- ","- ",37.405410766601562,-122.056640625,"SANTA CLARA","MOUNTAIN VIEW",-122.056640625,37.405410766601562
92001557,2023,2023-02-23,9725,2023-02-13,1710,022777,,1,2,9,4300,0,1,2,,2,012,"US-101 SOUTHBOUND TO TENNANT AVE","TENNANT AVE",0.00,,Y,A,-,Y,,,,,,,,,,N,4,0,1,2,A,-,03,22350,,N,C,C,A,A,H,-,A,A,0,,,,,Y,,A,01,0,0,1,0,0,0,0,0,0,"- ","- ",37.11859130859375,-121.62863159179688,"SANTA CLARA",UNINCORPORATED,,
92004860,2023,2023-02-28,9725,2023-02-15,"450 ",022873,,3,3,9,4300,0,1,3,,1,170,"SR-152 W/B",SR-156,1584.00,E,N,A,-,Y,SCL,,152," ",R,22.363,H,,L,Y,3,0,1,3,A,-,03,22350,,N,C,2,A,A,H,-,D,D,0,,,,,Y,,A,07,0,1,0,0,0,0,0,0,0,"- ","- ",36.974281311035156,-121.38200378417969,"SANTA CLARA",UNINCORPORATED,-121.3819580078125,36.974273681640625
92007799,2023,2023-03-02,9340,2023-02-17,1615,023024,,5,2,7,4313,0,1,3,,2,172,"SR-17 N/B TO I-280 N/B",I-280,150.00,N,N,A,-,Y,,,,,,,,,,N,3,0,1,1,A,-,08,22107,,N,E,I,A,A,H,-,A,D,0,,,,,Y,,A,01,0,1,0,0,0,0,0,0,0,"- ","- ",37.31842041015625,-121.93910980224609,"SANTA CLARA","SAN JOSE",-121.93910980224609,37.31842041015625
92008328,2023,2023-03-02,9340,2023-02-18,1655,023020,,6,2,6,4316,0,1,2,,2,120,"US-101 N/B","FAIR OAKS AVE",2276.00,S,N,A,-,Y,SCL,,101," "," ",44.391,H,,R,N,2,0,1,1,A,-,08,22107,,N,E,I,A,A,H,-,A,D,0,,,,,Y,,A,07,1,0,0,0,0,0,0,0,0,"- ","- ",37.393848419189453,-122.00518798828125,"SANTA CLARA",SUNNYVALE,-122.00515747070312,37.393932342529297
92008920,2023,2023-03-03,9725,2023-02-20,"212 ",022985,,1,3,4,4304,0,1,2,,1,010,"US-101 NORTHBOUND",SR-25,1320.00,N,N,B,-,Y,SCL,,101," "," ",3.440,H,,R,Y,3,0,1,2,A,-,08,22107,,M,B,C,A,A,H,-,D,D,0,,,,,Y,,-,99,0,1,0,0,0,0,0,0,0,"- ","- ",36.965129852294922,-121.55197143554688,"SANTA CLARA",GILROY,-121.55195617675781,36.965133666992188
92009459,2023,2023-03-03,9340,2023-02-19,1430,023075,,7,2,7,4313,0,1,3,,2,087,"SR-87 N/B","WILLOW ST",260.00,N,N,A,-,Y,SCL,,87," "," ",4.574,H,,R,N,3,0,3,2,A,-,03,22350,,N,C,C,A,A,H,-,A,D,0,,,,,Y,,A,01,0,2,1,0,0,0,0,0,0,"- ","- ",37.316120147705078,-121.88839721679688,"SANTA CLARA","SAN JOSE",-121.88845062255859,37.316097259521484
92010764,2023,2023-03-06,9725,2023-02-28,1225,021529,,2,1,9,4300,0,1,2,,2,013,"US-101 NORTHBOUND","BURNETT AVE",1250.00,N,N,C,-,Y,SCL,,101," ",R,19.269,H,,R,Y,4,0,1,2,A,-,03,22350,,N,D,C,A,B,H,-,A,D,0,,,,,Y,,A,01,0,0,1,0,0,0,0,0,0,"- ","- ",37.169139862060547,-121.66887664794922,"SANTA CLARA",UNINCORPORATED,-121.66893005371094,37.169113159179688
92011659,2023,2023-03-07,9340,2023-02-25,1250,022680,,6,1,7,4313,0,1,2,,2,110,"US-101 S/B",I-280,780.00,N,N,A,-,Y,SCL,,101," "," ",35.035,H,,L,N,4,0,2,2,A,-,03,22350,,N,C,C,A,A,H,-,A,D,0,,,,,Y,,A,01,0,0,2,0,0,0,0,0,0,"- ","- ",37.341411590576172,-121.85399627685547,"SANTA CLARA","SAN JOSE",-121.85395812988281,37.341434478759766
92012610,2023,2023-03-08,9330,2023-02-24,1816,023032,,5,2,5,4311,0,1,2,,2,078,"US-101 NB","OREGON EXPRESSWAY",1056.00,S,N,A,-,Y,SCL,,101," "," ",51.415,H,,R,N,4,0,1,2,A,-,03,22350,,M,C,C,A,A,H,-,B,D,0,,,,,Y,,-,99,0,0,1,0,0,0,0,0,0,"- ","- ",37.440528869628906,-122.11416625976562,"SANTA CLARA","MOUNTAIN VIEW",-122.11412048339844,37.440563201904297
92012984,2023,2023-03-08,9340,2023-02-27,1630,022688,,1,2,7,4313,0,1,2,,2,110,"US-101 S/B","YERBA BUENA  RD",397.00,S,N,C,-,Y,SCL,,101," "," ",30.912,H,,L,N,4,0,1,2,A,-,03,22350,,N,C,C,A,B,H,-,A,D,0,,,,,Y,,A,01,0,0,1,0,0,0,0,0,0,"- ","- ",37.293399810791016,-121.80992889404297,"SANTA CLARA","SAN JOSE",-121.81003570556641,37.29339599609375
92013793,2023,2023-03-09,9340,2023-02-27,1307,022227,,1,1,7,4313,0,1,1,,2,282,"I-280 N/B","SARATOGA AVE",590.00,N,N,C,-,Y,SCL,,280," "," ",6.044,H,,R,Y,4,0,2,2,A,-,03,22350,,N,E,8,A,B,H,-,A,D,0,,,,,Y,,A,01,0,0,2,0,0,0,0,0,0,"- ","- ",37.317718505859375,-121.97659301757812,"SANTA CLARA","SAN JOSE",-121.97657775878906,37.317741394042969
92014084,2023,2023-03-09,9340,2023-02-28,2213,023170,,2,3,7,4313,0,1,3,,2,087,"SR-87 S/B","TAYLOR ST",433.00,N,N,B,C,Y,SCL,,87," "," ",6.995,H,,L,N,4,0,2,1,A,-,08,22107,,N,E,8,A,B,H,-,C,D,0,,,,,Y,,A,07,0,0,2,0,0,0,0,0,0,"- ","- ",37.347511291503906,-121.90603637695312,"SANTA CLARA","SAN JOSE",-121.906005859375,37.347564697265625
92015873,2023,2023-03-13,9340,2023-03-01,1517,022635,,3,2,7,4313,0,1,1,,2,282,"I-280 S/B","STEVENS CREEK BLVD",367.00,N,N,A,-,Y,SCL,,280," "," ",7.519,H,,L,Y,3,0,1,3,A,-,03,22350,,N,B,C,A,A,H,-,A,D,0,,,Y,,Y,,C,02,0,1,0,0,0,0,0,0,1,"- ","- ",37.323719024658203,-122.00131225585938,"SANTA CLARA","SAN JOSE",-122.00136566162109,37.323654174804688
92015994,2023,2023-03-13,9725,2023-03-01,1520,022985,,3,2,9,4300,0,1,3,,1,160,"SR-152 EASTBOUND","LOVERS LANE",6600.00,W,N,A,-,Y,SCL,,152," ",R,17.756,H,,R,N,4,0,1,2,A,-,03,22350,,N,C,C,A,A,H,-,A,D,0,,,,,Y,,A,01,0,0,1,0,0,0,0,0,0,"- ","- ",36.985359191894531,-121.44254302978516,"SANTA CLARA",UNINCORPORATED,-121.44254302978516,36.985359191894531
92016113,2023,2023-03-13,9340,2023-03-04,1300,023059,,6,1,7,4313,0,1,3,,2,087,"SR-87 S/B","PARK AVE",238.00,N,N,C,-,Y,SCL,,87," "," ",5.625,H,,L,N,4,0,1,1,A,-,03,22350,,N,E,I,A,B,H,-,A,D,0,,,,,Y,,A,01,0,0,1,0,0,0,0,0,0,"- ","- ",37.329929351806641,-121.89615631103516,"SANTA CLARA","SAN JOSE",-121.89627838134766,37.329891204833984
92016401,2023,2023-03-13,9340,2023-03-01,1745,022247,,3,2,7,4313,0,1,3,,2,083,"SR-85 S/B","BLOSSOM HILL RD",2690.00,N,N,A,-,Y,SCL,,85," "," ",4.481,H,,L,Y,4,0,1,2,A,-,07,21658,A,N,B,C,A,A,H,-,A,D,0,,,,,Y,,A,01,0,0,1,0,0,0,0,0,0,"- ","- ",37.254631042480469,-121.84542083740234,"SANTA CLARA","SAN JOSE",-121.84543609619141,37.254592895507812
92016669,2023,2023-05-10,9330,2023-03-01,1045,023165,,3,1,5,4311,0,1,2,,2,078,"US-101 NB","ELLIS STREET",10.00,S,N,A,-,Y,SCL,,101," "," ",46.958,H,,R,N,4,0,1,5,A,-,03,22350,,N,C,C,A,A,H,-,A,D,0,,,,,Y,,A,07,0,0,1,0,0,0,0,0,0,"- ","- ",37.403911590576172,-122.050048828125,"SANTA CLARA","MOUNTAIN VIEW",-122.05004119873047,37.403934478759766
92017770,2023,2023-03-14,9340,2023-03-08,"750 ",018665,,3,1,7,4313,0,1,1,,2,282,"I-280 N/B","WINCHESTER BL.",244.00,S,N,B,C,Y,SCL,,280," ",L,5.899,H,,R,N,4,0,2,2,A,-,03,22350,,N,C,C,A,B,H,-,A,D,0,,,,,Y,,A,01,0,0,2,0,0,0,0,0,0,"- ","- ",37.316848754882812,-121.94914245605469,"SANTA CLARA","SAN JOSE",-121.94914245605469,37.316879272460938
92019786,2023,2023-03-16,9340,2023-03-06,1005,022227,,1,1,7,4313,0,1,1,,2,088,"I-880 S/B","N. FIRST ST",550.00,S,N,B,-,Y,,,,,,,,,,Y,4,0,1,3,A,-,03,22350,,N,C,2,A,B,H,-,A,D,0,,,,,Y,,D,22,0,0,1,0,0,0,0,0,0,"- ","- ",35.357128143310547,-121.9085693359375,"SANTA CLARA","SAN JOSE",-121.90842437744141,37.357219696044922
92020775,2023,2023-03-17,9330,2023-03-07,"750 ",022409,,2,1,5,4312,0,1,2,,2,078,"US 101 SB","OREGON EXPRESSWAY",1580.00,S,N,A,-,Y,SCL,,101," "," ",51.692,H,,L,N,4,0,1,3,A,-,07,21658,A,N,C,C,A,B,H,-,A,D,0,,,,,Y,,A,01,0,0,1,0,0,0,0,0,0,"- ","- ",37.443550109863281,-122.11752319335938,"SANTA CLARA","PALO ALTO",-122.11761474609375,37.443485260009766
92023280,2023,2023-03-21,9725,2023-03-10,2020,020120,,5,2,9,4300,0,1,3,,1,170,SR-152,"DINOSAUR POINT RD",11088.00,W,N,B,C,Y,SCL,,152," "," ",32.678,H,,R,Y,4,0,1,1,A,-,03,22350,,N,E,8,A,B,H,-,D,D,0,,,,,Y,,A,01,0,0,1,0,0,0,0,0,0,"- ","- ",37.052490234375,-121.25360107421875,"SANTA CLARA",UNINCORPORATED,-121.25357818603516,37.052455902099609
92023435,2023,2023-03-21,9725,2023-03-15,1735,020120,,3,2,9,4300,0,1,3,,1,160,"SR-152 E/B","BLOOMFIELD AVE.",1056.00,E,N,A,-,Y,SCL,,152," "," ",15.093,H,,R,Y,4,0,1,3,A,-,03,22350,,N,C,C,A,A,H,-,A,D,0,,,,Y,Y,,G,25,0,0,1,0,0,0,0,0,0,"- ","- ",36.987251281738281,-121.48764801025391,"SANTA CLARA",UNINCORPORATED,-121.48764801025391,36.987247467041016
92023628,2023,2023-03-21,9725,2023-03-20,1920,020120,,1,2,9,4300,0,2,4,,1,018,"LEAVESLEY RD.","NEW AVE.",0.00,,Y,B,-,N,,,,,,,,,,Y,4,0,1,2,A,-,09,21802,A,N,D,C,A,A,H,-,B,A,0,,,,,Y,,D,22,0,0,1,0,0,0,0,0,0,"- ","- ",37.033618927001953,-121.53752136230469,"SANTA CLARA",UNINCORPORATED,,
92023937,2023,2023-03-21,9330,2023-02-15,2131,023133,,3,2,5,4312,0,1,2,,2,078,"US 101 N/B","OREGON EXPRESSWAY",528.00,S,N,A,-,Y,SCL,,101," "," ",51.818,H,,R,N,4,0,1,1,A,-,03,22350,,N,F,A,A,A,H,-,D,D,0,,,Y,,Y,,C,02,0,0,1,0,0,0,0,0,1,"- ","- ",37.445148468017578,-122.11865997314453,"SANTA CLARA","PALO ALTO",-122.11882019042969,37.445041656494141
92025015,2023,2023-03-22,9340,2023-03-10,"300 ",023170,,5,3,7,4313,0,1,3,,2,240,"SR-237 W/B","ZANKER RD",1072.00,E,N,B,C,Y,SCL,,237," "," ",8.205,H,,L,N,4,0,1,1,A,-,08,22107,,N,E,I,A,B,F,-,C,D,0,,,,,Y,,A,01,0,0,1,0,0,0,0,0,0,"- ","- ",37.421150207519531,-121.93614196777344,"SANTA CLARA","SAN JOSE",-121.93616485595703,37.421215057373047
92025188,2023,2023-03-22,9340,2023-03-10,1530,023054,,5,2,7,4313,0,1,1,,2,281,"I-280 N/B","FIRST ST",41.00,N,N,B,-,Y,SCL,,280," ",R,1.995,H,,R,N,4,0,3,2,A,-,03,22350,,N,C,C,A,B,H,-,A,D,0,,,,,Y,,A,08,0,0,3,0,0,0,0,0,0,"- ","- ",37.326328277587891,-121.88330078125,"SANTA CLARA","SAN JOSE",-121.88327789306641,37.326301574707031
92025330,2023,2023-03-22,9340,2023-03-14,"900 ",022135,,2,1,4,4305,0,1,3,,2,172,"SR-17 S/B","LARK AVE",1200.00,N,N,C,-,Y,SCL,,17," "," ",9.129,H,,L,N,4,0,1,1,A,-,03,22350,,N,E,I,A,B,H,-,A,D,0,,,,,Y,,A,01,0,0,1,0,0,0,0,0,0,"- ","- ",37.252891540527344,-121.95800018310547,"SANTA CLARA","LOS ALTOS",-121.95785522460938,37.252841949462891
92025821,2023,2023-03-22,9340,2023-03-13,1750,022688,,1,2,7,4313,0,1,1,,2,282,"I-280 N/B TO LAWRENCE EXPY","LAWRENCE EXPY",408.00,S,N,B,-,Y,SCL,,280," "," ",7.054,H,,R,N,4,0,1,3,A,-,03,22350,,N,C,C,A,A,H,-,A,D,0,,,,,Y,,A,01,0,0,1,0,0,0,0,0,0,"- ","- ",37.320468902587891,-121.99407958984375,"SANTA CLARA","SAN JOSE",-121.9942626953125,37.320247650146484
92026864,2023,2023-03-23,9725,2023-03-13,1600,020120,,1,2,9,4300,0,1,2,,1,010,"US-101 S/B","MONTEREY ST.",672.00,N,N,A,-,Y,SCL,,101," ",R,5.091,H,,L,Y,3,0,5,6,A,-,03,22350,,M,C,C,A,A,H,-,A,D,0,,,,,Y,,A,01,0,1,4,0,0,0,0,0,0,"- ","- ",36.988899230957031,-121.55816650390625,"SANTA CLARA",UNINCORPORATED,-121.55821228027344,36.988906860351562
92027124,2023,2023-03-23,9340,2023-03-11,1220,023222,,6,1,9,4300,0,3,5,,2,050,"STEVENS CANYON ROAD","MONTEBELLO RD",1214.00,S,N,A,-,N,,,,,,,,,,N,3,0,1,1,A,-,03,22350,,N,F,A,A,A,H,-,A,D,0,,Y,,,Y,,L,04,0,1,0,0,0,0,1,0,0,"- ","- ",37.292621612548828,-122.08216094970703,"SANTA CLARA",UNINCORPORATED,-122.08203125,37.293392181396484
92027275,2023,2023-08-23,9340,2023-03-18,1000,023174,,6,1,7,4313,0,1,2,,2,110,"US-101 S/B","E. CAPITOL EXPRESSWAY",2942.00,N,N,A,-,Y,SCL,,101," "," ",32.272,H,,L,N,4,0,2,4,A,-,01,23152,A,N,B,2,A,A,H,-,A,D,0,,,,,Y,Y,A,07,0,0,2,0,0,0,0,0,0,"- ","- ",37.309608459472656,-121.82327270507812,"SANTA CLARA","SAN JOSE",-121.82323455810547,37.30963134765625
92027986,2023,2023-03-24,9340,2023-03-16,1015,018333,,4,1,7,4313,0,1,2,,2,120,"US-101 N/B","10TH ST.",50.00,S,N,A,-,Y,SCL,,101," "," ",38.075,H,,R,N,4,0,2,2,A,-,03,22350,,N,C,C,A,A,H,-,A,D,0,,,,,Y,,E,22,0,0,2,0,0,0,0,0,0,"- ","- ",37.36376953125,-121.89791107177734,"SANTA CLARA","SAN JOSE",-121.89791870117188,37.363685607910156
92028853,2023,2023-03-27,9340,2023-03-15,1310,023149,,3,1,7,4313,0,1,2,,2,110,"US-101 S/B","OLD OAKLAND ROAD",450.00,S,N,A,-,Y,SCL,,101," "," ",37.578,H,,L,N,4,0,2,2,A,-,08,22107,,M,B,C,A,A,H,-,A,D,0,,,,,Y,,-,99,0,0,2,0,0,0,0,0,0,"- ","- ",37.362678527832031,-121.88886260986328,"SANTA CLARA","SAN JOSE",-121.88887023925781,37.362644195556641
92029786,2023,2023-03-27,9340,2023-03-20,1505,022635,,1,2,7,4313,0,1,1,,2,282,"I-280 S/B","LAWRENCE EXPY",65.00,S,N,A,-,Y,SCL,,280," "," ",7.119,H,,L,N,4,0,1,2,A,-,03,22350,,N,C,C,A,A,H,-,A,D,0,,,,,Y,,A,01,0,0,1,0,0,0,0,0,0,"- ","- ",37.320541381835938,-121.99517059326172,"SANTA CLARA","SAN JOSE",-121.99522399902344,37.320472717285156
92030533,2023,2023-03-28,9340,2023-03-16,2215,022684,,4,3,4,4302,0,1,3,,2,172,"SR-17 N/B TO CREEKSIDE WAY","HAMILTON AVE",100.00,S,N,A,-,Y,,,,,,,,,,Y,4,0,1,1,A,-,03,22350,,N,E,I,A,A,H,-,E,D,0,,,,,Y,,A,01,0,0,1,0,0,0,0,0,0,"- ","- ",37.293109893798828,-121.93698120117188,"SANTA CLARA",CAMPBELL,-121.93698120117188,37.293109893798828
92031463,2023,2023-03-29,9340,2023-03-19,"15  ",023175,,7,3,9,4300,0,1,3,,2,171,"SR-17 N/B","HEBARD RD",1560.00,N,N,C,-,Y,SCL,,17," "," ",3.048,H,,R,Y,4,0,1,1,A,-,03,22350,,N,E,I,A,B,H,-,D,D,0,,,,,Y,,A,01,0,0,1,0,0,0,0,0,0,"- ","- ",37.175941467285156,-121.99581909179688,"SANTA CLARA",UNINCORPORATED,-121.9959716796875,37.1759033203125
92031692,2023,2023-03-29,9330,2023-03-27,"700 ",023254,,1,1,5,4311,0,1,2,,2,078,"US-101 N/B","RENGSTOFF AVE",276.00,N,N,A,-,Y,SCL,,101," "," ",49.679,H,,R,N,4,0,1,2,A,-,03,22350,,N,C,C,A,A,H,-,A,D,0,,,,,Y,,A,07,0,0,1,0,0,0,0,0,0,"- ","- ",37.421749114990234,-122.0933837890625,"SANTA CLARA","MOUNTAIN VIEW",-122.09335327148438,37.421775817871094
92032342,2023,2023-03-30,9340,2023-03-18,"210 ",023170,,6,3,9,4300,0,3,5,,2,020,"MOUNT PLEASANT RD","KLEIN RD",33.00,S,N,A,-,N,,,,,,,,,,Y,3,0,1,1,A,-,03,22350,,N,E,8,A,A,H,-,D,D,0,,,,,Y,,A,01,0,1,0,0,0,0,0,0,0,"- ","- ",37.344470977783203,-121.78083801269531,"SANTA CLARA",UNINCORPORATED,-121.78086853027344,37.344528198242188
92035311,2023,2023-04-03,9330,2023-04-02,"230 ",022933,,7,3,5,4311,0,1,3,,2,076,"US-101 N/B FROM SR-85 N/B","MOFFETT BOULEVARD",1637.00,N,N,B,-,Y,SCL,,85," ",R,23.794,H,,R,Y,2,0,1,1,A,-,08,22107,,N,E,8,A,A,H,-,D,D,0,,,,,Y,Y,A,01,1,0,0,0,0,0,0,0,0,"- ","- ",37.407428741455078,-122.06980895996094,"SANTA CLARA","MOUNTAIN VIEW",-122.06969451904297,37.407436370849609