CASE_ID,ACCIDENT_YEAR,PROC_DATE,JURIS,COLLISION_DATE,COLLISION_TIME,OFFICER_ID,REPORTING_DISTRICT,DAY_OF_WEEK,CHP_SHIFT,POPULATION,CNTY_CITY_LOC,SPECIAL_COND,BEAT_TYPE,CHP_BEAT_TYPE,CITY_DIVISION_LAPD,CHP_BEAT_CLASS,BEAT_NUMBER,PRIMARY_RD,SECONDARY_RD,DISTANCE,DIRECTION,INTERSECTION,WEATHER_1,WEATHER_2,STATE_HWY_IND,CALTRANS_COUNTY,CALTRANS_DISTRICT,STATE_ROUTE,ROUTE_SUFFIX,POSTMILE_PREFIX,POSTMILE,LOCATION_TYPE,RAMP_INTERSECTION,SIDE_OF_HWY,TOW_AWAY,COLLISION_SEVERITY,NUMBER_KILLED,NUMBER_INJURED,PARTY_COUNT,PRIMARY_COLL_FACTOR,PCF_CODE_OF_VIOL,PCF_VIOL_CATEGORY,PCF_VIOLATION,PCF_VIOL_SUBSECTION,HIT_AND_RUN,TYPE_OF_COLLISION,MVIW,PED_ACTION,ROAD_SURFACE,ROAD_COND_1,ROAD_COND_2,LIGHTING,CONTROL_DEVICE,CHP_ROAD_TYPE,PEDESTRIAN_ACCIDENT,BICYCLE_ACCIDENT,MOTORCYCLE_ACCIDENT,TRUCK_ACCIDENT,NOT_PRIVATE_PROPERTY,ALCOHOL_INVOLVED,STWD_VEHTYPE_AT_FAULT,CHP_VEHTYPE_AT_FAULT,COUNT_SEVERE_INJ,COUNT_VISIBLE_INJ,COUNT_COMPLAINT_PAIN,COUNT_PED_KILLED,COUNT_PED_INJURED,COUNT_BICYCLIST_KILLED,COUNT_BICYCLIST_INJURED,COUNT_MC_KILLED,COUNT_MC_INJURED,PRIMARY_RAMP,SECONDARY_RAMP,LATITUDE,LONGITUDE,COUNTY,CITY,POINT_X,POINT_Y
9380802,2022,2022-01-27,4312,2022-01-04,1631,808002,80500,2,5,5,4312,0,0,0,,0,PA2,"UNIVERSITY AV","FLORENCE ST",20.00,W,N,A,-,N,,,,,,,,,,N,3,0,1,2,A,-,00,23103,A,N,C,C,A,A,H,-,A,A,0,,,,,Y,,A,07,0,1,0,0,0,0,0,0,0,"- ","- ",37.446510314941406,-121.8389892578125,"SANTA CLARA","PALO ALTO",-122.16103363037109,37.446495056152344
9388683,2022,2022-01-28,4313,2022-01-01,0023,4887,FOOTH,6,5,7,4313,0,0,0,,0,0M5,"CAPITOL EXPWY","S CAPITOL AV",180.00,W,N,A,-,N,,,,,,,,,,Y,4,0,3,4,A,-,05,21651,,N,A,C,A,A,H,-,C,D,0,,,,,Y,,-,,0,0,3,0,0,0,0,0,0,"- ","- ",37.211898803710938,-121.4951171875,"SANTA CLARA","SAN JOSE",-121.83151245117188,37.355503082275391
9389069,2022,2022-01-28,4312,2022-01-08,1502,807113,81900,6,5,5,4312,0,0,0,,0,PA1,"CALIFORNIA AV","EL CAMINO REAL",0.00,,Y,A,-,N,,,,,,,,,,N,3,0,1,2,C,-,18,,,N,C,C,A,A,H,-,A,A,0,,,,,Y,,-,"- ",0,1,0,0,0,0,0,0,0,"- ","- ",37.425010681152344,-122.14589691162109,"SANTA CLARA","PALO ALTO",-122.14591979980469,37.424995422363281
9392230,2022,2022-02-11,4313,2022-01-05,0940,4985,X-RAY,3,5,7,4313,0,0,0,,0,0X5,"MONTEREY RD","BRANHAM LN E",210.00,S,N,A,-,N,,,,,,,,,,N,4,0,1,2,A,-,03,22350,,N,C,C,A,A,H,-,A,D,0,,,,,Y,,-,,0,0,1,0,0,0,0,0,0,"- ","- ",37.162849426269531,-121.49192047119141,"SANTA CLARA","SAN JOSE",-121.82199859619141,37.267501831054688
9392235,2022,2022-02-11,4313,2022-01-09,1346,4971,WESTE,7,5,7,4313,0,0,0,,0,0S6,"ALMADEN EX","LA ROSSA CL",0.00,,Y,A,-,N,,,,,,,,,,Y,2,0,3,2,A,-,09,21801,A,N,D,-,A,A,H,-,A,-,0,,,,,Y,,-,,1,1,1,0,0,0,0,0,0,"- ","- ",37.183460235595703,-121.52429962158203,"SANTA CLARA","SAN JOSE",-121.87860870361328,37.309707641601562
9395696,2022,2022-02-03,4313,2022-01-14,1720,5011,SOUTH,5,5,7,4313,0,0,0,,0,0T3,"ALMADEN EXPWY","CANOAS GARDEN AV",0.00,,Y,A,-,N,,,,,,,,,,Y,4,0,2,2,A,-,03,22350,,N,C,C,A,A,H,-,C,D,0,,,,,Y,,-,,0,0,2,0,0,0,0,0,0,"- ","- ",37.174278259277344,-121.52361297607422,"SANTA CLARA","SAN JOSE",-121.87673950195312,37.295963287353516
9395698,2022,2022-02-03,4313,2022-01-15,2112,4503,LINCO,6,5,7,4313,0,0,0,,0,005,"MONTEREY RD","RANCHO DR",0.00,,Y,A,-,N,,,,,,,,,,Y,4,0,1,2,B,-,22,,,F,D,C,A,A,H,-,C,A,0,,,,,Y,,A,01,0,0,1,0,0,0,0,0,0,"- ","- ",,,"SANTA CLARA","SAN JOSE",-121.83911895751953,37.281654357910156
9395743,2022,2022-02-08,4313,2022-01-07,1327,3967,D-N,5,5,7,4313,0,0,0,,0,0N1,"SOUTH DE ANZA BL","S DE ANZA BL 1196",0.00,,Y,B,-,N,,,,,,,,,,Y,3,0,1,3,A,-,12,21453,,N,B,C,A,A,H,-,A,A,0,,,,,Y,,-,,0,1,0,0,0,0,0,0,0,"- ","- ",,,"SANTA CLARA","SAN JOSE",-122.03240203857422,37.322803497314453
9395748,2022,2022-02-08,4313,2022-01-17,1645,4626,ROBER,1,5,7,4313,0,0,0,,0,0R2,"MCKAY DR","TEA ROSE WY",0.00,,Y,A,-,N,,,,,,,,,,Y,3,0,1,2,A,-,09,21801,A,N,D,C,A,A,H,-,A,D,0,,,,,Y,Y,-,,0,1,0,0,0,0,0,0,0,"- ","- ",,,"SANTA CLARA","SAN JOSE",-121.89472198486328,37.387989044189453
9395749,2022,2022-02-08,4313,2022-01-18,1726,5017,DISTR,2,5,7,4313,0,0,0,,0,0P2,"QUIMBY RD","EASTRIDGE BL",0.00,,Y,A,-,N,,,,,,,,,,,2,0,1,2,A,-,12,21453,A,F,A,C,A,A,H,-,B,A,0,,,,,Y,,-,,1,0,0,0,0,0,0,0,0,"- ","- ",,,"SANTA CLARA","SAN JOSE",-121.81118011474609,37.323253631591797
9395750,2022,2022-02-08,4313,2022-01-16,1048,4261,DC,7,5,7,4313,0,0,0,,0,0C4,"JACKSON AV","STORY RD",0.00,,Y,A,-,N,,,,,,,,,,N,2,0,1,2,A,-,17,21200,,N,G,G,A,A,H,-,A,A,0,,Y,,,Y,,L,04,1,0,0,0,0,0,1,0,0,"- ","- ",,,"SANTA CLARA","SAN JOSE",-121.83271789550781,37.347049713134766
9395755,2022,2022-02-08,4313,2022-01-10,0547,4683,WESTE,1,5,7,4313,0,0,0,,0,0L3,"TULLY RD","MCLAUGHLIN AV",237.00,W,N,B,-,N,,,,,,,,,,Y,2,0,1,2,A,-,11,21954,A,N,A,B,D,A,H,-,C,D,0,Y,,,,Y,,N,60,1,0,0,0,1,0,0,0,0,"- ","- ",37.185459136962891,-121.50115966796875,"SANTA CLARA","SAN JOSE",-121.83718109130859,37.314823150634766
9400058,2022,2022-02-14,4304,2022-01-18,1448,173,4304,2,5,4,4304,0,0,0,,0,002,"1ST ST","ROSANNA ST",0.00,,Y,A,-,N,,,,,,,,,,,3,0,2,2,A,-,09,21802,A,N,D,C,A,A,H,-,A,A,0,,,,,Y,,A,07,0,2,0,0,0,0,0,0,0,"- ","- ",,,"SANTA CLARA",GILROY,-121.57582855224609,37.013641357421875
9403489,2022,2022-03-18,4313,2022-02-25,1553,4990,KING,5,5,7,4313,0,0,0,,0,0K1,"N 5TH ST","E ST JOHN ST",0.00,,Y,A,-,N,,,,,,,,,,N,4,0,1,2,A,-,09,21801,A,N,C,C,A,A,H,-,A,A,0,,,Y,,Y,,A,01,0,0,1,0,0,0,0,0,1,"- ","- ",,,"SANTA CLARA","SAN JOSE",-121.88742065429688,37.339668273925781
9403499,2022,2022-03-18,4313,2022-02-18,1241,4769,EDWAR,5,5,7,4313,0,0,0,,0,0E2,"N 1ST ST","W JULIAN ST",0.00,,Y,A,-,N,,,,,,,,,,N,4,0,1,3,A,-,21,22106,,F,C,C,A,A,H,-,A,A,0,,,,,Y,,-,,0,0,1,0,0,0,0,0,0,"- ","- ",37.202590942382812,-121.53379058837891,"SANTA CLARA","SAN JOSE",-121.8939208984375,37.34051513671875
9403857,2022,2022-03-29,4313,2022-02-24,1220,5012,KING,4,5,7,4313,0,0,0,,0,0K5,"S 10TH ST","RT 280",0.00,,Y,A,-,Y,SCL,4,280,-,R,1.587,R,4,N,N,4,0,1,2,A,-,10,21950,,N,G,B,B,A,H,-,A,A,0,Y,,,,Y,,-,,0,0,1,0,1,0,0,0,0,"- ",NO,37.194339752197266,-121.52198028564453,"SANTA CLARA","SAN JOSE",-121.87621307373047,37.327907562255859
9403858,2022,2022-03-16,4313,2022-02-24,0810,4917,FRANK,4,5,7,4313,0,0,0,,0,004,"MARTIN AV","PARK AV",0.00,,Y,A,-,N,,,,,,,,,,N,3,0,1,2,A,-,09,21801,A,N,H,G,A,A,-,-,A,D,0,,Y,,,Y,,-,,0,1,0,0,0,0,1,0,0,"- ","- ",37.194129943847656,-121.55155944824219,"SANTA CLARA","SAN JOSE",-121.91703033447266,37.328128814697266
9405291,2022,2022-02-23,4313,2022-01-11,0820,4827,FOOTH,2,5,7,4313,0,0,0,,0,0P2,"QUIMBY RD","REMINGTON WY",0.00,,Y,A,-,N,,,,,,,,,,N,4,0,1,2,A,-,03,22350,,N,C,C,A,A,H,-,A,D,0,,,,,Y,,-,,0,0,1,0,0,0,0,0,0,"- ","- ",,,"SANTA CLARA","SAN JOSE",-121.78704071044922,37.324855804443359
9405293,2022,2022-04-08,4313,2022-01-11,1434,4976,CENTR,2,5,7,4313,0,0,0,,0,0V2,"N 21ST ST","21ST ST",21.00,W,N,A,-,N,,,,,,,,,,N,4,0,1,2,A,-,05,21650,1,N,A,C,A,A,H,-,A,D,0,,,Y,,Y,,C,02,0,0,1,0,0,0,0,0,1,"- ","- ",,,"SANTA CLARA","SAN JOSE",-121.87065887451172,37.345706939697266
9405294,2022,2022-02-23,4313,2022-01-10,0650,4938,PAUL,1,5,7,4313,0,0,0,,0,0P2,"E CAPITOL EXPWY","QUIMBY RD",0.00,,Y,A,-,N,,,,,,,,,,Y,3,0,1,2,A,-,12,21453,,N,D,D,A,A,H,-,A,A,0,,,,,Y,,-,,0,1,0,0,0,0,0,0,0,"- ","- ",,,"SANTA CLARA","SAN JOSE",-121.80857849121094,37.323883056640625
9405295,2022,2022-03-07,4313,2022-01-10,1437,4810,KING,1,5,7,4313,0,0,0,,0,002,"E SANTA CLARA ST","N 10TH ST",0.00,,-,A,-,N,,,,,,,,,,Y,4,0,1,2,A,-,03,22350,,N,C,C,A,A,H,-,A,D,0,,,,,Y,,-,,0,0,1,0,0,0,0,0,0,"- ","- ",,,"SANTA CLARA","SAN JOSE",-121.88104248046875,37.340713500976562
9405423,2022,2022-02-24,4313,2022-01-28,1600,4588,DA,5,5,7,4313,0,0,0,,0,0A5,"WINFIELD BL","WINFIELD BL 6099",0.00,,Y,A,-,N,,,,,,,,,,N,3,0,1,2,-,-,"- ",,,F,B,G,A,A,H,-,A,D,0,,Y,,,Y,,-,"- ",0,1,0,0,0,0,1,0,0,"- ","- ",,,"SANTA CLARA","SAN JOSE",,
9405741,2022,2022-02-24,4313,2022-01-06,1755,4408,CHARL,4,5,7,4313,0,0,0,,0,0C3,"TULLY RD","HURAN DR",0.00,,-,A,-,N,,,,,,,,,,N,4,0,2,2,A,-,03,22350,,N,C,C,A,A,H,-,C,A,0,,,,,Y,,-,,0,0,2,0,0,0,0,0,0,"- ","- ",37.192569732666016,-121.49256896972656,"SANTA CLARA","SAN JOSE",-121.82379913330078,37.323883056640625
9405742,2022,2022-03-25,4313,2022-01-04,1235,5012,PAUL,2,5,7,4313,0,0,0,,0,0P4,"SILVER CREEK RD","LEXANN AV",152.00,S,N,A,-,N,,,,,,,,,,N,4,0,1,2,A,-,08,22107,,N,G,B,D,A,H,-,A,D,0,Y,,,,Y,,-,,0,0,1,0,1,0,0,0,0,"- ","- ",37.182750701904297,-121.48455810546875,"SANTA CLARA","SAN JOSE",-121.81221771240234,37.308635711669922
9406423,2022,2022-02-23,4313,2022-02-02,1620,4082,FOOTH,3,5,7,4313,0,0,0,,0,0W2,"GOLZIO CT","GOLZIO CT 2515",0.00,,Y,A,-,N,,,,,,,,,,N,3,0,1,2,A,-,03,22350,,N,A,E,A,A,H,-,A,-,0,,,,,Y,,-,,0,1,0,0,0,0,0,0,0,"- ","- ",,,"SANTA CLARA","SAN JOSE",,
9406430,2022,2022-02-23,4313,2022-02-04,0956,4610,XRAY,5,5,7,4313,0,0,0,,0,0X1,"SNELL AV","BRANHAM LN",0.00,,Y,A,-,N,,,,,,,,,,Y,3,0,1,1,A,-,08,22107,,N,E,I,A,A,H,-,A,A,0,,,,,Y,,-,,0,1,0,0,0,0,0,0,0,"- ","- ",,,"SANTA CLARA","SAN JOSE",-121.83116149902344,37.266048431396484
9406443,2022,2022-02-24,4313,2022-02-10,1515,4876,DX,4,5,7,4313,0,0,0,,0,0X4,"LEAN AV","HAYES AV",0.00,,Y,A,-,N,,,,,,,,,,Y,4,0,2,2,B,-,22,,,N,C,-,A,A,H,-,A,A,0,,,,,Y,,-,,0,0,2,0,0,0,0,0,0,"- ","- ",37.152290344238281,-121.49347686767578,"SANTA CLARA","SAN JOSE",-121.81755828857422,37.256389617919922
9406453,2022,2022-02-24,4313,2022-02-12,0040,4885,SOUTH,6,5,7,4313,0,0,0,,0,0Y3,"MONTEREY RD","MONTEREY RD 6050",0.00,,Y,A,-,N,,,,,,,,,,Y,4,0,1,2,A,-,03,22350,,F,A,C,A,A,H,-,C,A,0,,,,,Y,,-,,0,0,1,0,0,0,0,0,0,"- ","- ",,,"SANTA CLARA","SAN JOSE",-121.80037689208984,37.254295349121094
9407008,2022,2022-03-15,4313,2022-02-05,1242,4737,SOUTH,6,5,7,4313,0,0,0,,0,0T3,"LINCOLN AV","MALONE RD",0.00,,N,A,-,N,,,,,,,,,,Y,4,0,3,2,A,-,12,21453,A,N,A,C,A,A,H,-,A,A,0,,,,,Y,,-,,0,0,3,0,0,0,0,0,0,"- ","- ",,,"SANTA CLARA","SAN JOSE",-121.89012908935547,37.293445587158203
9407009,2022,2022-03-15,4313,2022-02-16,1437,4754,ROBER,3,5,7,4313,0,0,0,,0,001,"OTOOLE AV","OTOOLE AV 2132",0.00,,N,A,-,N,,,,,,,,,,,4,0,1,2,A,-,09,21804,,N,D,C,A,A,H,-,A,D,0,,,,,Y,,-,,0,0,1,0,0,0,0,0,0,"- ","- ",,,"SANTA CLARA","SAN JOSE",-121.90579986572266,37.385269165039062
9407018,2022,2022-03-24,4313,2022-02-16,1515,3817,SOUTH,3,5,7,4313,0,0,0,,0,0T1,"CAMDEN AV","BASCOM AV",0.00,,Y,A,-,N,,,,,,,,,,Y,3,0,2,2,A,-,12,21453,,N,-,C,A,A,H,-,A,A,0,,,,,Y,,-,,0,1,1,0,0,0,0,0,0,"- ","- ",,,"SANTA CLARA","SAN JOSE",-121.94105529785156,37.266120910644531
9407529,2022,2022-03-10,4313,2022-02-19,1111,4689,ROBER,6,5,7,4313,0,0,0,,0,0R1,"MCCARTHY BL","MCCARTHY BL 4600",0.00,,Y,A,-,N,,,,,,,,,,Y,3,0,1,1,A,-,03,22350,,N,F,J,A,A,H,-,A,A,0,,,,,Y,,-,,0,1,0,0,0,0,0,0,0,"- ","- ",,,"SANTA CLARA","SAN JOSE",-121.92414093017578,37.426303863525391
9407530,2022,2022-03-21,4313,2022-02-19,0231,4088,EASTE,6,5,7,4313,0,0,0,,0,0P6,"SILVER CREEK VALLEY RD","COUNTRY CLUB PKWY",0.00,,Y,A,-,N,,,,,,,,,,Y,3,0,1,2,A,-,08,22107,,N,E,I,A,A,H,-,C,A,0,,,,,Y,,-,,0,1,0,0,0,0,0,0,0,"- ","- ",37.164279937744141,-121.46331787109375,"SANTA CLARA","SAN JOSE",-121.77593231201172,37.278621673583984
9407536,2022,2022-03-10,4313,2022-02-17,1444,4368,FOOTH,4,5,7,4313,0,0,0,,0,0P5,"QUIMBY RD","QUIMBY RD 3300",0.00,,Y,A,-,N,,,,,,,,,,N,3,0,1,2,A,-,05,21650,,N,D,G,A,A,H,-,A,A,0,,Y,,,Y,,L,04,0,1,0,0,0,0,1,0,0,"- ","- ",,,"SANTA CLARA","SAN JOSE",-121.82089233398438,37.326934814453125
9407540,2022,2022-03-10,4313,2022-02-22,0717,4718,DM,2,5,7,4313,0,0,0,,0,0M4,"LAVONNE AV","LAVONNE AV 1929",0.00,,Y,C,-,N,,,,,,,,,,Y,4,0,1,5,A,-,05,21651,B,F,-,E,A,B,H,-,C,-,0,,,,,Y,,-,,0,0,1,0,0,0,0,0,0,"- ","- ",,,"SANTA CLARA","SAN JOSE",,
9407743,2022,2022-03-11,4313,2022-02-06,1522,4691,SOUTH,7,5,7,4313,0,0,0,,0,0T5,"HILLSDALE AV","CHERRY AV",0.00,,Y,A,-,N,,,,,,,,,,Y,3,0,1,4,A,-,04,21703,,N,C,C,A,A,H,-,A,A,0,,,,,Y,,-,,0,1,0,0,0,0,0,0,0,"- ","- ",,,"SANTA CLARA","SAN JOSE",-121.8892822265625,37.272518157958984
9408179,2022,2022-03-22,4304,2022-01-22,1451,169,,6,5,4,4304,0,0,0,,0,004,"MURRAY AV","LEAVESLEY RD",75.00,N,N,A,-,N,,,,,,,,,,N,4,0,2,3,A,-,03,22350,,N,C,C,A,A,H,-,A,A,0,,,,,Y,,J,48,0,0,2,0,0,0,0,0,0,"- ","- ",,,"SANTA CLARA",GILROY,-121.56929779052734,37.021549224853516
9408748,2022,2022-03-09,4304,2022-02-04,1448,156,,5,5,4,4304,0,0,0,,0,002,"CARMEL ST","4TH ST",0.00,,Y,A,-,N,,,,,,,,,,Y,3,0,2,2,A,-,09,21801,,N,D,C,A,A,H,-,A,A,0,,,,,Y,,-,,0,1,1,0,0,0,0,0,0,"- ","- ",,,"SANTA CLARA",GILROY,-121.57738494873047,37.007854461669922
9409790,2022,2022-04-01,4302,2022-02-04,0723,114,4302,5,5,4,4302,0,0,0,,0,,"HAMILTON AV","DARRYL DR",0.00,,Y,A,-,N,,,,,,,,,,Y,4,0,2,2,D,-,00,,,N,D,C,A,A,H,-,A,A,0,,,,,Y,,-,"- ",0,0,2,0,0,0,0,0,0,"- ","- ",,,"SANTA CLARA",CAMPBELL,-121.96314239501953,37.294300079345703
9410103,2022,2022-03-14,4302,2022-01-09,1805,94,,7,5,4,4302,0,0,0,,0,,"CREEKSIDE WY","E HAMILTON AV",3.00,S,N,A,-,N,,,,,,,,,,N,4,0,1,2,A,-,03,22350,,N,C,C,A,A,H,-,C,A,0,,,,,Y,,A,01,0,0,1,0,0,0,0,0,0,"- ","- ",,,"SANTA CLARA",CAMPBELL,-121.93547821044922,37.294300079345703
9410982,2022,2022-03-08,4313,2022-01-09,1543,4716,VICTO,7,5,7,4313,0,0,0,,0,0V3,"N 13TH ST","E JULIAN ST",0.00,,Y,A,-,N,,,,,,,,,,Y,4,0,1,2,A,-,12,21453,A,N,D,C,A,A,H,-,A,A,0,,,,,Y,,-,,0,0,1,0,0,0,0,0,0,"- ","- ",,,"SANTA CLARA","SAN JOSE",-121.88137817382812,37.346462249755859
9410989,2022,2022-03-15,4313,2022-01-19,1014,4920,CENTR,3,5,7,4313,0,0,0,,0,0R3,"JUNCTION AV","HARTOG DR",0.00,,-,A,-,N,,,,,,,,,,Y,4,0,1,1,A,-,03,22350,,N,E,I,A,A,H,-,A,D,0,,,,,Y,,-,,0,0,1,0,0,0,0,0,0,"- ","- ",37.225261688232422,-121.54358673095703,"SANTA CLARA","SAN JOSE",-121.90991973876953,37.381282806396484
9410994,2022,2022-03-07,4313,2022-01-14,1552,4455,DP,5,5,7,4313,0,0,0,,0,0P1,"TULLY RD","EASTRIDGE LN",10.00,E,N,A,-,N,,,,,,,,,,Y,3,0,5,2,A,-,12,21453,A,N,D,C,A,A,H,-,A,A,0,,,,,Y,,-,,0,1,4,0,0,0,0,0,0,"- ","- ",37.194499969482422,-121.48570251464844,"SANTA CLARA","SAN JOSE",-121.81583404541016,37.329296112060547
9410995,2022,2022-03-07,4313,2022-01-18,1941,4655,SAM,2,5,7,4313,0,0,0,,0,0S1,"SOUTH BASCOM AV","S BASCOM AV 914",0.00,,-,A,-,N,,,,,,,,,,Y,4,0,2,2,A,-,05,21460,,N,D,C,A,A,H,-,C,D,0,,,,,Y,,-,,0,0,2,0,0,0,0,0,0,"- ","- ",37.183570861816406,-121.55541229248047,"SANTA CLARA","SAN JOSE",-121.95184326171875,37.25384521484375
9411433,2022,2022-02-18,4313,2022-02-07,1152,3629,DM,1,5,7,4313,0,0,0,,0,0M3,"SOUTH KING RD","E SAN ANTONIO ST",0.00,,Y,A,-,N,,,,,,,,,,N,4,0,1,2,A,-,00,20001,,N,A,E,A,A,-,-,A,D,0,,,,,Y,,-,"- ",0,0,1,0,0,0,0,0,0,"- ","- ",37.205940246582031,-121.51970672607422,"SANTA CLARA","SAN JOSE",-121.85267639160156,37.349845886230469
9411438,2022,2022-02-18,4313,2022-02-05,1036,4724,ROBER,6,5,7,4313,0,0,0,,0,0R4,"RINGWOOD AV","SAJAK AV",0.00,,Y,A,-,N,,,,,,,,,,Y,3,0,1,2,A,-,01,23152,B,N,C,E,A,A,H,-,A,D,0,,,,,Y,Y,-,,0,1,0,0,0,0,0,0,0,"- ","- ",,,"SANTA CLARA","SAN JOSE",-121.88797760009766,37.3819580078125
9411439,2022,2022-02-18,4313,2022-02-05,1849,4530,WESTE,6,5,7,4313,0,0,0,,0,0S3,"DELMAS AV","FULLER AV",0.00,,Y,A,-,N,,,,,,,,,,Y,4,0,1,2,A,-,12,22450,A,N,D,C,A,A,H,-,C,D,0,,,,,Y,,-,,0,0,1,0,0,0,0,0,0,"- ","- ",,,"SANTA CLARA","SAN JOSE",-121.89307403564453,37.317787170410156
9412031,2022,2022-02-23,4313,2022-01-14,1813,4816,EDWAR,5,5,7,4313,0,0,0,,0,001,"COLEMAN AV","AUTUMN PKWY",0.00,,Y,A,-,N,,,,,,,,,,N,3,0,1,2,A,-,08,22107,,N,H,I,A,A,H,-,C,A,0,,,,,Y,,-,,0,1,0,0,0,0,0,0,0,"- ","- ",,,"SANTA CLARA","SAN JOSE",-121.90355682373047,37.341018676757812
9412033,2022,2022-02-23,4313,2022-01-19,0412,4683,WESTE,3,5,7,4313,0,0,0,,0,0L4,"MONTEREY RD","STAUFFER BL",728.00,S,N,A,-,N,,,,,,,,,,Y,3,0,1,2,A,-,08,22107,,N,C,C,A,A,H,-,C,D,0,,,,,Y,,-,,0,1,0,0,0,0,0,0,0,"- ","- ",,,"SANTA CLARA","SAN JOSE",-121.86446380615234,37.306789398193359
9412038,2022,2022-02-23,4313,2022-01-24,2142,4460,DF,1,5,7,4313,0,0,0,,0,0F5,"MERIDIAN AV","PARKMOOR AV",0.00,,Y,A,-,N,,,,,,,,,,Y,4,0,1,2,A,-,12,21453,,N,A,C,A,A,H,-,C,A,0,,,,,Y,,-,,0,0,1,0,0,0,0,0,0,"- ","- ",,,"SANTA CLARA","SAN JOSE",-121.91450500488281,37.316627502441406
9412782,2022,2022-03-08,4313,2022-01-30,1955,4646,LINCO,7,5,7,4313,0,0,0,,0,0L2,"STORY RD","MCLAUGHLIN AV",110.00,W,N,A,-,N,,,,,,,,,,N,4,0,1,3,A,-,03,22350,,N,C,C,A,A,H,-,C,A,0,,,,,Y,,-,,0,0,1,0,0,0,0,0,0,"- ","- ",,,"SANTA CLARA","SAN JOSE",-121.85405731201172,37.332572937011719
9412988,2022,2022-03-08,4313,2022-02-16,0705,3249,FOOTH,3,5,7,4313,0,0,0,,0,0C4,"E CAPITOL EXPWY","OCALA AV",0.00,,Y,A,-,N,,,,,,,,,,Y,4,0,2,2,A,-,00,16028,A,N,D,C,A,A,H,-,A,D,0,,,,,Y,,-,,0,0,2,0,0,0,0,0,0,"- ","- ",37.202659606933594,-121.49124145507812,"SANTA CLARA","SAN JOSE",-121.82018280029297,37.340675354003906
9413447,2022,2022-03-23,4313,2022-02-16,1718,4754,ROBER,3,5,7,4313,0,0,0,,0,001,"NORTECH CT","N 1ST ST",0.00,,Y,A,-,N,,,,,,,,,,N,4,0,1,2,A,-,03,22350,A,N,C,C,A,-,H,-,A,A,0,,,,,Y,,-,,0,0,1,0,0,0,0,0,0,"- ","- ",,,"SANTA CLARA","SAN JOSE",-121.96427154541016,37.422161102294922
9413448,2022,2022-04-18,4313,2022-02-13,1225,4691,SOUTH,7,5,7,4313,0,0,0,,0,0T5,"WEST CAPITOL EXPWY","RT 87",0.00,,-,A,-,Y,SCL,4,87,-,-,1.536,R,4,S,N,4,0,1,2,A,-,08,22107,,N,B,C,A,A,H,-,A,A,0,,,,,Y,,-,,0,0,1,0,0,0,0,0,0,"- ","- ",37.162868499755859,-121.51493835449219,"SANTA CLARA","SAN JOSE",-121.86393737792969,37.277015686035156
9413455,2022,2022-03-28,4313,2022-02-18,0838,4496,ADAM,5,5,7,4313,0,0,0,,0,0A5,"BRANHAM LN","SPEAK LN",0.00,,-,A,-,N,,,,,,,,,,N,4,0,1,2,A,-,10,21950,A,N,G,B,B,A,H,-,A,A,0,Y,,,,Y,,-,,0,0,1,0,1,0,0,0,0,"- ","- ",37.154380798339844,-121.52468872070312,"SANTA CLARA","SAN JOSE",-121.87965393066406,37.262187957763672
9413459,2022,2022-05-19,4313,2022-02-19,1003,4813,EDWAR,6,5,7,4313,0,0,0,,0,0E3,"S 2ND ST","E SAN FERNANDO ST",0.00,,Y,A,-,N,,,,,,,,,,N,3,0,1,2,A,-,10,21950,A,N,G,G,A,A,-,-,A,A,0,,Y,,,Y,,-,,0,1,0,0,0,0,1,0,0,"- ","- ",,,"SANTA CLARA","SAN JOSE",-121.88812255859375,37.334815979003906
9413797,2022,2022-03-04,4308,2022-01-09,2144,339,,7,5,5,4308,0,0,0,,0,005,"RT 237","ZANKER RD",1380.00,E,N,A,-,Y,SCL,4,237,-,-,8.213,R,2,W,Y,4,0,1,1,A,-,01,23152,A,N,A,J,A,A,H,-,D,A,0,,,,,Y,Y,A,01,0,0,1,0,0,0,0,0,0,"- ","- ",,,"SANTA CLARA",MILPITAS,-121.93601989746094,37.421249389648438
9414304,2022,2022-07-21,4313,2022-03-01,0610,4963,PAUL,2,5,7,4313,0,0,0,,0,0P2,"S WHITE RD","QUIMBY RD",0.00,,Y,A,-,N,,,,,,,,,,Y,4,0,1,1,A,-,03,22350,,N,A,I,A,A,H,-,C,A,0,,,,,Y,,D,22,0,0,1,0,0,0,0,0,0,"- ","- ",,,"SANTA CLARA","SAN JOSE",-121.79698944091797,37.32489013671875
9414558,2022,2022-03-25,4300,2022-01-28,1214,1906,S5,5,5,4,4315,0,0,0,,0,1V58,"BIG BASIN WY","3RD ST",352.00,N,N,A,-,Y,SCL,4,9,-,R,7.340,H,-,N,N,4,0,1,2,A,-,09,21801,A,N,D,G,A,A,H,-,A,D,0,,Y,,,Y,,A,01,0,0,1,0,0,0,1,0,0,"- ","- ",37.257369995117188,-122.03395080566406,"SANTA CLARA",SARATOGA,-122.03310394287109,37.258205413818359
9414629,2022,2022-02-24,4308,2022-01-11,1638,268,,2,5,5,4308,0,0,0,,0,005,"BELLEW DR","CYPRESS DR",0.00,,Y,A,-,N,,,,,,,,,,Y,3,0,2,2,A,-,12,21453,A,N,D,C,A,A,H,-,B,A,0,,,,,Y,,A,07,0,1,1,0,0,0,0,0,0,"- ","- ",37.421409606933594,-121.92098236083984,"SANTA CLARA",MILPITAS,-121.92091369628906,37.421333312988281
9414630,2022,2022-02-24,4308,2022-01-07,1144,252,,5,5,5,4308,0,0,0,,0,001,"W CALAVERAS BL","S ABBOTT AV",0.00,,Y,B,-,N,,,,,,,,,,N,4,0,3,2,D,-,00,,,N,D,C,A,A,H,-,A,A,0,,,,,Y,,-,"- ",0,0,3,0,0,0,0,0,0,"- ","- ",37.426738739013672,-121.91240692138672,"SANTA CLARA",MILPITAS,-121.91263580322266,37.426822662353516