CASE_ID,ACCIDENT_YEAR,PROC_DATE,JURIS,COLLISION_DATE,COLLISION_TIME,OFFICER_ID,REPORTING_DISTRICT,DAY_OF_WEEK,CHP_SHIFT,POPULATION,CNTY_CITY_LOC,SPECIAL_COND,BEAT_TYPE,CHP_BEAT_TYPE,CITY_DIVISION_LAPD,CHP_BEAT_CLASS,BEAT_NUMBER,PRIMARY_RD,SECONDARY_RD,DISTANCE,DIRECTION,INTERSECTION,WEATHER_1,WEATHER_2,STATE_HWY_IND,CALTRANS_COUNTY,CALTRANS_DISTRICT,STATE_ROUTE,ROUTE_SUFFIX,POSTMILE_PREFIX,POSTMILE,LOCATION_TYPE,RAMP_INTERSECTION,SIDE_OF_HWY,TOW_AWAY,COLLISION_SEVERITY,NUMBER_KILLED,NUMBER_INJURED,PARTY_COUNT,PRIMARY_COLL_FACTOR,PCF_CODE_OF_VIOL,PCF_VIOL_CATEGORY,PCF_VIOLATION,PCF_VIOL_SUBSECTION,HIT_AND_RUN,TYPE_OF_COLLISION,MVIW,PED_ACTION,ROAD_SURFACE,ROAD_COND_1,ROAD_COND_2,LIGHTING,CONTROL_DEVICE,CHP_ROAD_TYPE,PEDESTRIAN_ACCIDENT,BICYCLE_ACCIDENT,MOTORCYCLE_ACCIDENT,TRUCK_ACCIDENT,NOT_PRIVATE_PROPERTY,ALCOHOL_INVOLVED,STWD_VEHTYPE_AT_FAULT,CHP_VEHTYPE_AT_FAULT,COUNT_SEVERE_INJ,COUNT_VISIBLE_INJ,COUNT_COMPLAINT_PAIN,COUNT_PED_KILLED,COUNT_PED_INJURED,COUNT_BICYCLIST_KILLED,COUNT_BICYCLIST_INJURED,COUNT_MC_KILLED,COUNT_MC_INJURED,PRIMARY_RAMP,SECONDARY_RAMP,LATITUDE,LONGITUDE,COUNTY,CITY,POINT_X,POINT_Y
9442967,2022,2022-05-03,4313,2022-04-16,2058,4455,DL,6,5,7,4313,0,0,0,,0,0L6,"E CAPITOL EXPWY","MCLAUGHLIN AV",0.00,,Y,A,-,N,,,,,,,,,,Y,3,0,1,3,A,-,03,22350,,N,C,C,A,A,H,-,C,D,0,,,,,Y,Y,-,,0,1,0,0,0,0,0,0,0,"- ","- ",,,"SANTA CLARA","SAN JOSE",-121.821044921875,37.300399780273438
9443473,2022,2022-05-12,4313,2022-04-28,2108,5037,SAM,4,5,7,4313,0,0,0,,0,003,"PAULA ST","LINCOLN AV",0.00,,Y,A,-,N,,,,,,,,,,Y,3,0,2,3,A,-,07,21658,,N,D,C,A,A,H,-,C,A,0,,,,,Y,Y,-,,0,1,1,0,0,0,0,0,0,"- ","- ",,,"SANTA CLARA","SAN JOSE",-121.90544891357422,37.314243316650391
9443479,2022,2022-05-12,4313,2022-04-15,1243,4616,ADAM,5,5,7,4313,0,0,0,,0,004,"BLOSSOM HILL RD","SANTA TERESA BL",0.00,,Y,A,-,N,,,,,,,,,,Y,4,0,2,2,A,-,09,21800,A,N,-,C,A,A,H,-,A,D,0,,,,,Y,,-,,0,0,2,0,0,0,0,0,0,"- ","- ",,,"SANTA CLARA","SAN JOSE",-121.85887908935547,37.250289916992188
9443482,2022,2022-05-12,4313,2022-04-30,1038,4862,"X RAY",6,5,7,4313,0,0,0,,0,004,"HAYES AV","CARLS CT",0.00,,Y,A,-,N,,,,,,,,,,Y,4,0,1,2,A,-,09,21804,,N,D,C,A,A,H,-,A,D,0,,,,,Y,Y,-,,0,0,1,0,0,0,0,0,0,"- ","- ",,,"SANTA CLARA","SAN JOSE",-121.80923461914062,37.256416320800781
9443491,2022,2022-05-12,4313,2022-04-23,1713,4435,LINCO,6,5,7,4313,0,0,0,,0,0L3,"LUCRETIA AV","DEER MEADOW CT",0.00,,Y,A,-,N,,,,,,,,,,Y,4,0,1,2,A,-,07,21658,A,N,D,C,A,A,H,-,A,D,0,,,,,Y,,-,,0,0,1,0,0,0,0,0,0,"- ","- ",,,"SANTA CLARA","SAN JOSE",-121.84439086914062,37.316978454589844
9443718,2022,2022-06-17,4313,2022-03-26,1655,5025,SAM,6,5,7,4313,0,0,0,,0,003,"COE AV","CLINTONIA AV",0.00,,Y,A,-,N,,,,,,,,,,Y,3,0,1,2,A,-,08,22107,,N,D,C,A,A,H,-,A,D,0,,,,,Y,,-,,0,1,0,0,0,0,0,0,0,"- ","- ",,,"SANTA CLARA","SAN JOSE",-121.89945983886719,37.314430236816406
9443736,2022,2022-05-09,4313,2022-03-31,0651,5002,XRAY,4,5,7,4313,0,0,0,,0,0X3,"SENTER RD","SYLVANDALE AV",0.00,,Y,A,-,N,,,,,,,,,,N,4,0,1,2,A,-,09,21804,,N,A,G,A,A,H,-,A,D,0,,Y,,,Y,,A,01,0,0,1,0,0,0,1,0,0,"- ","- ",,,"SANTA CLARA","SAN JOSE",-121.82785797119141,37.287757873535156
9444344,2022,2022-06-03,4313,2022-05-03,0825,5031,PAUL,2,5,7,4313,0,0,0,,0,0P1,"EASTRIDGE LOOP","INTERLUDE ST",72.00,E,N,A,-,N,,,,,,,,,,Y,4,0,1,2,A,-,09,21801,A,N,A,-,A,A,H,-,A,-,0,,,,,Y,,-,,0,0,1,0,0,0,0,0,0,"- ","- ",,,"SANTA CLARA","SAN JOSE",-121.81407928466797,37.322761535644531
9444345,2022,2022-06-03,4313,2022-05-03,1850,4794,VICTO,2,5,7,4313,0,0,0,,0,0V3,"JACKSON ST","3RD ST",0.00,,Y,A,-,N,,,,,,,,,,N,3,0,1,1,A,-,17,21229,,N,E,J,A,A,A,B,B,A,0,,,,,Y,Y,-,"- ",0,1,0,0,0,0,0,0,0,"- ","- ",,,"SANTA CLARA","SAN JOSE",-121.89649963378906,37.347957611083984
9444349,2022,2022-06-03,4313,2022-05-01,1850,4561,ROBER,7,5,7,4313,0,0,0,,0,0R3,"N 4TH ST","ARCHER ST",0.00,,Y,A,-,N,,,,,,,,,,N,4,0,1,2,A,-,12,22450,A,F,D,C,A,A,H,-,A,D,0,,,,,Y,,-,,0,0,1,0,0,0,0,0,0,"- ","- ",37.220138549804688,-121.54326629638672,"SANTA CLARA","SAN JOSE",-121.90904235839844,37.366722106933594
9444834,2022,2022-05-31,4313,2022-04-04,2109,4946,FOOTH,1,5,7,4313,0,0,0,,0,0P2,"S WHITE RD","NORWOOD AV",0.00,,Y,A,-,N,,,,,,,,,,Y,3,0,1,1,A,-,03,22350,,N,E,I,A,A,H,-,C,D,0,,,,,Y,,-,,0,1,0,0,0,0,0,0,0,"- ","- ",,,"SANTA CLARA","SAN JOSE",-121.79837799072266,37.328662872314453
9445249,2022,2022-05-18,4313,2022-04-30,2335,4820,FOOTH,6,5,7,4313,0,0,0,,0,0W1,"OLD PIEDMONT RD","TUMBLE WY",0.00,,-,A,-,N,,,,,,,,,,Y,4,0,1,2,A,-,07,21658,,F,B,E,A,A,H,-,C,D,0,,,,,Y,,-,,0,0,1,0,0,0,0,0,0,"- ","- ",,,"SANTA CLARA","SAN JOSE",-121.84713745117188,37.406852722167969
9445514,2022,2022-06-21,4311,2022-04-20,1533,53589,5412,3,5,5,4311,0,0,0,,0,MV4,"MIDDLEFIELD RD","RT 237 SERVICE RD",0.00,,Y,A,-,Y,SCL,4,237,-,M,1.585,R,4,W,N,3,0,2,3,A,-,12,21453,A,N,D,C,A,A,H,-,A,A,0,,,,,Y,,A,01,0,2,0,0,0,0,0,0,0,"- ","- ",,,"SANTA CLARA","MOUNTAIN VIEW",-122.04981231689453,37.392704010009766
9445572,2022,2022-05-24,4308,2022-04-05,1615,268,,2,5,5,4308,0,0,0,,0,005,"MCCARTHY BL","MORTAGUE EXPRESSWAY",0.00,,Y,A,-,N,,,,,,,,,,N,4,0,2,2,A,-,03,22350,,N,C,C,A,A,H,-,A,A,0,,,,,Y,,D,22,0,0,2,0,0,0,0,0,0,"- ","- ",37.398151397705078,-121.91313171386719,"SANTA CLARA",MILPITAS,-121.91310119628906,37.398086547851562
9445618,2022,2022-05-25,4308,2022-04-05,0757,279,,2,5,5,4308,0,0,0,,0,004,"N PARK VICTORIA DR","KENNEDY DR",0.00,,Y,A,-,N,,,,,,,,,,N,4,0,1,2,A,-,09,21802,A,N,D,G,A,A,H,-,A,A,0,,Y,,,Y,,A,01,0,0,1,0,0,0,1,0,0,"- ","- ",,,"SANTA CLARA",MILPITAS,-121.88632202148438,37.441871643066406
9445855,2022,2022-06-30,4313,2022-03-29,1855,4522,WESTE,2,5,7,4313,0,0,0,,0,0F5,"MERIDIAN AV","PARKMOOR AV",0.00,,Y,A,-,N,,,,,,,,,,N,3,0,1,1,A,-,03,22350,A,N,E,J,A,A,H,-,A,A,0,,,,,Y,,-,,0,1,0,0,0,0,0,0,0,"- ","- ",37.191688537597656,-121.54482269287109,"SANTA CLARA","SAN JOSE",-121.91450500488281,37.316627502441406
9447896,2022,2022-09-23,4313,2022-09-02,0911,4667,NORA,5,5,7,4313,0,0,0,,0,005,"CHIVAS PL","PAYNE AV",0.00,,-,A,-,N,,,,,,,,,,Y,3,0,1,2,A,-,08,22107,,N,B,E,A,A,H,-,A,D,0,,,,,Y,,-,,0,1,0,0,0,0,0,0,0,"- ","- ",37.185520172119141,-121.57991027832031,"SANTA CLARA","SAN JOSE",-121.95272064208984,37.301551818847656
9447899,2022,2022-10-27,4313,2022-09-01,0840,4952,MARY,4,5,7,4313,0,0,0,,0,004,"ALUM ROCK AV","SOUTH JACKSON AV",0.00,,Y,A,-,N,,,,,,,,,,,4,0,1,2,A,-,09,21800,,N,A,C,A,A,H,-,A,A,0,,,,,Y,,-,,0,0,1,0,0,0,0,0,0,"- ","- ",,,"SANTA CLARA","SAN JOSE",-121.84346771240234,37.358451843261719
9447963,2022,2022-10-12,4313,2022-08-27,1810,4633,WESTE,6,5,7,4313,0,0,0,,0,0S6,"ALMADEN RD","ALMADEN EXPWY",0.00,,Y,A,-,N,,,,,,,,,,,4,0,1,2,A,-,12,21453,,N,D,C,A,A,H,-,A,A,0,,,,,Y,,-,,0,0,1,0,0,0,0,0,0,"- ","- ",,,"SANTA CLARA","SAN JOSE",-121.87862396240234,37.309329986572266
9447969,2022,2022-10-12,4313,2022-08-18,2333,4920,WESTE,4,5,7,4313,0,0,0,,0,0N3,"SAN TOMAS EXPWY","WILLIAMS RD",0.00,,Y,A,-,N,,,,,,,,,,Y,4,0,1,2,A,-,12,21453,,N,D,C,A,A,H,-,C,A,0,,,,,Y,,-,,0,0,1,0,0,0,0,0,0,"- ","- ",,,"SANTA CLARA","SAN JOSE",-121.96351623535156,37.308761596679688
9447976,2022,2022-09-14,4313,2022-08-25,1319,4901,TOM,4,5,7,4313,0,0,0,,0,0T3,"KOCH LN","PLUMMER AV",0.00,,Y,A,-,N,,,,,,,,,,N,4,0,2,2,A,-,03,22350,,N,D,C,A,A,H,-,A,D,0,,,,,Y,,-,,0,0,2,0,0,0,0,0,0,"- ","- ",,,"SANTA CLARA","SAN JOSE",-121.89559173583984,37.277587890625
9447982,2022,2022-09-14,4313,2022-08-26,0825,5064,WESTE,5,5,7,4313,0,0,0,,0,0T4,"LINCOLN AV","MALONE RD",15.00,S,N,A,-,N,,,,,,,,,,Y,3,0,2,2,A,-,09,21800,,N,A,C,A,A,H,-,A,A,0,,,,,Y,,-,,0,1,1,0,0,0,0,0,0,"- ","- ",37.173641204833984,-121.53246307373047,"SANTA CLARA","SAN JOSE",-121.89010620117188,37.293403625488281
9447984,2022,2022-09-14,4313,2022-08-28,1721,4998,YELLO,7,5,7,4313,0,0,0,,0,003,"SENTER RD","CITY POLE K595L",36.00,S,N,A,-,N,,,,,,,,,,N,3,0,1,2,A,-,08,22107,,N,D,B,A,A,H,-,A,-,0,,Y,,,Y,,-,,0,1,0,0,0,0,1,0,0,"- ","- ",,,"SANTA CLARA","SAN JOSE",,
9449637,2022,2022-06-03,4310,2022-05-13,1955,264,43635,5,5,4,4310,0,0,0,,0,003,"MONTEREY RD","SAN PEDRO AV",0.00,,Y,A,-,N,,,,,,,,,,Y,3,0,3,2,A,-,01,23152,A,N,D,C,A,A,H,-,B,D,0,,,,,Y,Y,A,01,0,2,1,0,0,0,0,0,0,"- ","- ",37.121181488037109,-121.64768981933594,"SANTA CLARA","MORGAN HILL",-121.64765930175781,37.121212005615234
9450209,2022,2022-06-20,4311,2022-04-01,2311,55081,5325,5,5,5,4311,0,0,0,,0,MV2,"CALIFORNIA ST","CHIQUITA AV",0.00,,Y,A,-,N,,,,,,,,,,Y,2,0,1,2,A,-,12,22450,A,N,D,C,A,A,H,-,C,D,0,,,,,Y,Y,A,07,1,0,0,0,0,0,0,0,0,"- ","- ",,,"SANTA CLARA","MOUNTAIN VIEW",-122.09089660644531,37.395397186279297
9450878,2022,2022-11-01,4313,2022-05-22,2258,4807,XRAY,7,5,7,4313,0,0,0,,0,0X4,"EAGLES LN","BLOSSOM HILL RD",0.00,,Y,A,-,N,,,,,,,,,,N,4,0,2,2,A,-,05,21651,B,N,B,C,A,A,H,-,C,D,0,,,,,Y,,-,,0,0,2,0,0,0,0,0,0,"- ","- ",,,"SANTA CLARA","SAN JOSE",-121.82180786132812,37.2513427734375
9450897,2022,2022-06-20,4313,2022-05-18,0934,4399,LINCO,3,5,7,4313,0,0,0,,0,0L6,"GASSMANN DR","APOLLO DR",0.00,,Y,A,-,N,,,,,,,,,,N,4,0,1,2,A,-,10,21950,A,F,A,B,B,A,H,-,A,D,0,Y,,,,Y,,-,,0,0,1,0,1,0,0,0,0,"- ","- ",,,"SANTA CLARA","SAN JOSE",-121.83682250976562,37.308124542236328
9450899,2022,2022-07-13,4313,2022-05-19,1645,4686,WESTE,4,5,7,4313,0,0,0,,0,0L4,"SENTER RD","LEWIS RD",0.00,,Y,A,-,N,,,,,,,,,,N,4,0,1,2,A,-,10,21950,,F,G,-,C,A,H,-,A,A,0,Y,,,,Y,,-,,0,0,1,0,1,0,0,0,0,"- ","- ",,,"SANTA CLARA","SAN JOSE",-121.83760833740234,37.297691345214844
9450902,2022,2022-06-17,4313,2022-05-26,0144,4795,DN,4,5,7,4313,0,0,0,,0,0N3,"SARATOGA AV","DE MILLE DR",0.00,,Y,A,-,N,,,,,,,,,,Y,3,0,1,1,A,-,03,22350,,N,-,I,A,A,H,-,C,A,0,,,,,Y,Y,-,,0,1,0,0,0,0,0,0,0,"- ","- ",,,"SANTA CLARA","SAN JOSE",-121.97830200195312,37.306285858154297
9450914,2022,2022-06-17,4312,2022-05-09,0024,808680,81900,1,5,5,4312,0,0,0,,0,PA1,"EL CAMINO REAL","PALO ALTO MEDICAL FOUNDATION",0.00,,Y,A,-,N,,,,,,,,,,Y,3,0,2,2,D,-,00,,,N,B,C,A,A,H,-,C,A,0,,,,,Y,,-,"- ",0,2,0,0,0,0,0,0,0,"- ","- ",37.440139770507812,-122.16133880615234,"SANTA CLARA","PALO ALTO",-122.14019012451172,37.422000885009766
9450916,2022,2022-06-17,4312,2022-05-13,1130,808239,80600,5,5,5,4312,0,0,0,,0,PA2,"MIDDLEFIELD RD","FOREST AV",0.00,,Y,A,-,N,,,,,,,,,,N,3,0,1,2,D,-,00,,,N,D,C,A,A,H,-,A,A,0,,,,,Y,,-,"- ",0,1,0,0,0,0,0,0,0,"- ","- ",,,"SANTA CLARA","PALO ALTO",-122.15428161621094,37.449153900146484
9450918,2022,2022-07-12,4312,2022-05-13,0819,808914,80100,5,5,5,4312,0,0,0,,0,PA2,"FABER PL","EMBARCADERO RD",1056.00,S,N,A,-,N,,,,,,,,,,N,3,0,1,2,D,-,00,,,N,B,-,A,A,H,-,A,D,0,,Y,,,Y,,-,"- ",0,1,0,0,0,0,1,0,0,"- ","- ",37.449729919433594,-122.11527252197266,"SANTA CLARA","PALO ALTO",-122.11556243896484,37.449371337890625
9450969,2022,2022-06-21,4312,2022-05-20,0828,806235,80600,5,5,5,4312,0,0,0,,0,PA2,"UNIVERSITY AV","WEBSTER ST",0.00,,Y,A,-,N,,,,,,,,,,Y,3,0,1,2,A,-,12,21453,A,N,D,G,A,A,H,-,A,A,0,,Y,,,Y,,L,04,0,1,0,0,0,0,1,0,0,"- ","- ",,,"SANTA CLARA","PALO ALTO",-122.15802001953125,37.449531555175781
9453194,2022,2022-06-22,4310,2022-05-16,1137,270,43635,1,5,4,4310,0,0,0,,0,,"MONTEREY RD","BURNETT AV",0.00,,Y,A,-,N,,,,,,,,,,Y,3,0,2,2,A,-,01,23152,A,F,D,C,A,A,H,-,A,A,0,,,,,Y,Y,A,01,0,1,1,0,0,0,0,0,0,"- ","- ",37.153800964355469,-121.67491149902344,"SANTA CLARA","MORGAN HILL",-121.67485046386719,37.153816223144531
9454258,2022,2022-07-26,4313,2022-07-01,0147,4692,CHARL,5,5,7,4313,0,0,0,,0,0C2,"STORY RD","SOUTH KING RD",0.00,,Y,A,-,N,,,,,,,,,,Y,3,0,2,2,A,-,01,23153,,N,D,C,A,A,H,-,C,A,0,,,,,Y,Y,A,01,0,2,0,0,0,0,0,0,0,"- ","- ",37.202358245849609,-121.50353240966797,"SANTA CLARA","SAN JOSE",-121.84323120117188,37.339939117431641
9454285,2022,2022-07-20,4313,2022-05-17,1535,4258,PAUL,2,5,7,4313,0,0,0,,0,0P4,"E CAPITOL EXPWY","SILVER CREEK RD",220.00,W,N,A,-,N,,,,,,,,,,N,4,0,1,2,A,-,04,21703,,N,C,C,A,A,H,-,A,-,0,,,,,Y,,A,01,0,0,1,0,0,0,0,0,0,"- ","- ",,,"SANTA CLARA","SAN JOSE",-121.81150054931641,37.306709289550781
9454286,2022,2022-07-29,4300,2022-03-12,1513,2252,S4,6,5,4,4315,0,0,0,,0,71S3,"PIERCE RD","SARAHILLS DR",31.00,S,N,A,-,N,,,,,,,,,,Y,4,0,2,1,A,-,08,22107,,N,E,I,A,A,H,-,A,D,0,,,,,Y,,A,01,0,0,2,0,0,0,0,0,0,"- ","- ",37.270259857177734,-122.04579162597656,"SANTA CLARA",SARATOGA,-122.04592895507812,37.270225524902344
9454436,2022,2022-12-20,4300,2022-03-29,1541,2213,S6,2,5,4,4315,0,0,0,,0,74S4,"SARATOGA AV","SHADOW OAKS WY",52.00,E,N,A,-,N,,,,,,,,,,N,3,0,1,3,A,-,03,22350,,N,C,C,A,A,H,-,A,D,0,,,,,Y,,D,22,0,1,0,0,0,0,0,0,0,"- ","- ",37.266471862792969,-122.02078247070312,"SANTA CLARA",SARATOGA,-122.02305603027344,37.264259338378906
9454452,2022,2022-12-20,4300,2022-03-16,1316,2095,C9,3,5,5,4303,0,0,0,,0,74C5,"TILSON AV","MORETTI DR",0.00,,Y,A,-,N,,,,,,,,,,N,4,0,1,2,A,-,09,21802,A,N,D,C,A,A,H,-,A,A,0,,,,,Y,,D,22,0,0,1,0,0,0,0,0,0,"- ","- ",37.316291809082031,-122.00222778320312,"SANTA CLARA",CUPERTINO,-122.00250244140625,37.316242218017578
9454679,2022,2022-07-05,4311,2022-04-07,1602,55788,5342,4,5,5,4311,0,0,0,,0,MV4,"CENTRAL EXPWY","MOFFETT BL",0.00,,Y,A,-,N,,,,,,,,,,N,4,0,1,2,A,-,08,22107,,M,D,C,A,A,G,-,A,A,0,,,,,Y,,D,22,0,0,1,0,0,0,0,0,0,"- ","- ",,,"SANTA CLARA","MOUNTAIN VIEW",-122.07772827148438,37.395637512207031
9454687,2022,2022-08-11,4311,2022-05-13,0932,53589,,5,5,5,4311,0,0,0,,0,MV1,"GRANT RD","EL CAMINO REAL",0.00,,Y,A,-,N,,,,,,,,,,Y,3,0,3,3,A,-,09,21801,A,N,D,C,A,A,H,-,A,A,0,,,,,Y,Y,A,01,0,1,2,0,0,0,0,0,0,"- ","- ",37.380401611328125,-122.07283782958984,"SANTA CLARA","MOUNTAIN VIEW",-122.07316589355469,37.380348205566406
9455684,2022,2022-06-30,4310,2022-05-19,0656,272,43635,4,5,4,4310,0,0,0,,0,003,"MONTEREY RD","JOHN WILSON WY",20.00,N,N,A,-,N,,,,,,,,,,Y,4,0,1,3,A,-,03,22350,,N,C,C,A,A,H,-,A,A,0,,,,,Y,,A,01,0,0,1,0,0,0,0,0,0,"- ","- ",37.105030059814453,-121.63096618652344,"SANTA CLARA","MORGAN HILL",-121.63099670410156,37.104972839355469
9456084,2023,2023-08-18,4313,2023-07-17,1720,4703,DISTR,1,5,7,4313,0,0,0,,0,0C5,"MCGINNESS AV","SUSSEX DR",0.00,,Y,A,-,N,,,,,,,,,,N,2,0,1,2,A,-,11,21954,A,N,D,B,D,A,H,-,A,D,0,Y,,,,Y,,N,60,1,0,0,0,1,0,0,0,0,"- ","- ",37.214309692382812,-121.492431640625,"SANTA CLARA","SAN JOSE",,
9456096,2023,2023-08-17,4313,2023-07-19,"924 ",4833,DN,3,5,7,4313,0,0,0,,0,0N3,"LAWRENCE EXP","MOORPARK AV",548.00,S,N,A,-,N,,,,,,,,,,N,4,0,1,2,A,-,03,22350,,N,C,D,A,A,H,-,B,D,0,,,,,Y,,-,,0,0,1,0,0,0,0,0,0,"- ","- ",37.182048797607422,-121.59464263916016,"SANTA CLARA","SAN JOSE",-121.99630737304688,37.308086395263672
9456102,2023,2023-08-29,4313,2023-07-26,1757,3716,FOOTH,3,5,7,4313,0,0,0,,0,0W2,"HOSTETTER RD","RT 680",0.00,,Y,A,-,Y,SCL,4,680,-,M,4.582,R,4,N,Y,4,0,1,2,A,-,12,21453,A,N,A,C,A,A,H,-,A,A,0,,,,,Y,,-,,0,0,1,0,0,0,0,0,0,"- ","- ",37.234409332275391,-121.52243041992188,"SANTA CLARA","SAN JOSE",-121.87164306640625,37.392688751220703
9456132,2023,2023-09-28,4313,2023-07-22,1850,4633,WESTE,6,5,7,4313,0,0,0,,0,0S4,"MINNESOTA AV","LINCOLN AV",0.00,,Y,A,-,N,,,,,,,,,,N,4,0,1,2,A,-,11,21456,B,N,G,B,B,A,H,-,A,A,0,Y,,,,Y,,N,60,0,0,1,0,1,0,0,0,0,"- ","- ",,,"SANTA CLARA","SAN JOSE",,
9456141,2023,2023-10-18,4313,2023-07-14,1818,4894,CHARL,5,5,7,4313,0,0,0,,0,0C1,"MCCREERY AV","STORY RD",0.00,,Y,A,-,N,,,,,,,,,,N,4,0,1,2,A,-,08,22107,,F,D,C,A,A,H,-,A,-,0,,,,,Y,,-,,0,0,1,0,0,0,0,0,0,"- ","- ",,,"SANTA CLARA","SAN JOSE",,
9456143,2023,2023-08-17,4313,2023-07-15,"950 ",4833,R3,6,5,7,4313,0,0,0,,0,0F2,"TISCH WY","HATTON ST",69.00,E,N,A,-,N,,,,,,,,,,N,3,0,1,2,A,-,08,22107,,M,B,G,A,A,H,-,A,A,0,,Y,,,Y,,-,,0,1,0,0,0,0,1,0,0,"- ","- ",37.191829681396484,-121.56462860107422,"SANTA CLARA","SAN JOSE",-121.94598388671875,37.31719970703125
9456145,2023,2023-10-18,4313,2023-07-16,"217 ",5024,CENTR,7,5,7,4313,0,0,0,,0,0K4,"E SANTA CLARA ST","CITY POLE #11L-1068",58.00,E,N,A,-,N,,,,,,,,,,Y,4,0,1,2,A,-,03,22350,,N,C,C,A,A,H,-,C,A,0,,,,,Y,Y,-,,0,0,1,0,0,0,0,0,0,"- ","- ",37.204910278320312,-121.52401733398438,"SANTA CLARA","SAN JOSE",,
9456153,2023,2023-11-09,4313,2023-07-24,1055,4747,SAM,1,5,7,4313,0,0,0,,0,005,"S 1ST ST","OAK ST",0.00,,Y,A,-,N,,,,,,,,,,Y,3,0,4,2,A,-,09,21801,,N,A,C,A,A,H,-,A,-,0,,,,,Y,,A,01,0,1,3,0,0,0,0,0,0,"- ","- ",37.192169189453125,-121.52491760253906,"SANTA CLARA","SAN JOSE",,
9456155,2023,2023-10-04,4313,2023-07-25,1710,5128,SOUTH,2,5,7,4313,0,0,0,,0,0X4,"BLOSSOM HILL RD","BLOSSOM HILL RD 195",0.00,,Y,A,-,N,,,,,,,,,,Y,3,0,1,1,A,-,08,22100,B,N,A,I,A,A,H,-,A,D,0,,,,,Y,,A,01,0,1,0,0,0,0,0,0,0,"- ","- ",,,"SANTA CLARA","SAN JOSE",,
9456590,2022,2022-06-23,4308,2022-04-05,1930,22758,,2,5,5,4308,0,0,0,,0,,"CALVAREAS BL","RT 880",10.00,E,N,A,-,Y,SCL,4,237,-,-,9.360,H,-,E,N,4,0,1,2,A,-,03,22350,,M,C,C,A,A,H,-,B,A,0,,,,,Y,Y,-,99,0,0,1,0,0,0,0,0,0,"- ","- ",37.426628112792969,-121.91277313232422,"SANTA CLARA",MILPITAS,-121.916015625,37.425693511962891
9457202,2022,2022-08-16,4313,2022-06-18,0200,4989,DX,6,5,7,4313,0,0,0,,0,0X1,"CAPITOL EXPWY","NARVAEZ AV",0.00,,Y,A,-,N,,,,,,,,,,,3,0,2,1,A,-,01,23152,,N,E,I,A,A,H,-,C,A,0,,,,,Y,Y,-,,0,1,1,0,0,0,0,0,0,"- ","- ",,,"SANTA CLARA","SAN JOSE",-121.86034393310547,37.274517059326172
9457206,2022,2022-06-30,4313,2022-06-22,2152,4336,FOOTH,3,5,7,4313,0,0,0,,0,0PN,"E CAPITOL EXP","TULLY RD",0.00,,Y,A,-,N,,,,,,,,,,Y,2,0,3,2,A,-,01,23153,A,N,-,C,A,A,H,-,C,A,0,,,,,Y,Y,-,,1,1,1,0,0,0,0,0,0,"- ","- ",37.195240020751953,-121.48461151123047,"SANTA CLARA","SAN JOSE",-121.81291961669922,37.331226348876953
9457208,2022,2022-08-16,4313,2022-06-23,1652,4639,WESTE,4,5,7,4313,0,0,0,,0,0S5,"GRANT ST","VINE ST",0.00,,Y,A,-,N,,,,,,,,,,Y,4,0,4,2,A,-,12,21453,A,N,D,C,A,A,H,-,A,A,0,,,,,Y,,-,,0,0,4,0,0,0,0,0,0,"- ","- ",,,"SANTA CLARA","SAN JOSE",-121.88748168945312,37.324115753173828
9457210,2022,2022-08-16,4313,2022-06-24,0639,4834,FOOTH,5,5,7,4313,0,0,0,,0,0P2,"S WHITE RD","CUNNINGHAM LAKE CT",0.00,,Y,A,-,N,,,,,,,,,,Y,4,0,2,2,A,-,12,21453,,N,D,C,A,A,H,-,A,A,0,,,,,Y,,-,,0,0,2,0,0,0,0,0,0,"- ","- ",,,"SANTA CLARA","SAN JOSE",-121.80587768554688,37.341556549072266
9457283,2022,2022-08-10,4313,2022-05-13,0800,4748,WILLI,5,5,7,4313,0,0,0,,0,001,"MCKEE RD","KIRK AV",0.00,,-,A,-,N,,,,,,,,,,Y,4,0,2,2,D,-,00,,,N,D,C,A,A,H,-,A,A,0,,,,,Y,,-,"- ",0,0,2,0,0,0,0,0,0,"- ","- ",,,"SANTA CLARA","SAN JOSE",-121.82805633544922,37.380222320556641
9457306,2022,2022-09-22,4313,2022-05-13,1726,4981,ADAM,5,5,7,4313,0,0,0,,0,001,"UNION AV","RONDA DR",0.00,,Y,A,-,N,,,,,,,,,,Y,3,0,1,2,A,-,09,21801,A,N,A,C,A,A,H,-,A,D,0,,,,,Y,,-,"- ",0,1,0,0,0,0,0,0,0,"- ","- ",37.145870208740234,-121.55528259277344,"SANTA CLARA","SAN JOSE",-121.93129730224609,37.249649047851562
9457311,2022,2022-08-16,4313,2022-05-11,0553,4659,ADAM,3,5,7,4313,0,0,0,,0,003,"ALMADEN EXPWY","CHERRY AV",0.00,,Y,A,-,N,,,,,,,,,,Y,4,0,2,2,A,-,03,22350,,N,A,C,A,A,H,-,A,A,0,,,,,Y,,-,,0,0,2,0,0,0,0,0,0,"- ","- ",,,"SANTA CLARA","SAN JOSE",-121.87612152099609,37.259063720703125
9458757,2022,2022-06-14,4313,2022-05-31,1907,4846,CENTR,2,5,7,4313,0,0,0,,0,0R3,"ZANKER RD","E BROKAW RD",0.00,,Y,A,-,N,,,,,,,,,,Y,4,0,1,2,A,-,12,21453,A,N,D,C,A,A,H,-,A,A,0,,,,,Y,,-,,0,0,1,0,0,0,0,0,0,"- ","- ",,,"SANTA CLARA","SAN JOSE",-121.91322326660156,37.377376556396484