CASE_ID,ACCIDENT_YEAR,PROC_DATE,JURIS,COLLISION_DATE,COLLISION_TIME,OFFICER_ID,REPORTING_DISTRICT,DAY_OF_WEEK,CHP_SHIFT,POPULATION,CNTY_CITY_LOC,SPECIAL_COND,BEAT_TYPE,CHP_BEAT_TYPE,CITY_DIVISION_LAPD,CHP_BEAT_CLASS,BEAT_NUMBER,PRIMARY_RD,SECONDARY_RD,DISTANCE,DIRECTION,INTERSECTION,WEATHER_1,WEATHER_2,STATE_HWY_IND,CALTRANS_COUNTY,CALTRANS_DISTRICT,STATE_ROUTE,ROUTE_SUFFIX,POSTMILE_PREFIX,POSTMILE,LOCATION_TYPE,RAMP_INTERSECTION,SIDE_OF_HWY,TOW_AWAY,COLLISION_SEVERITY,NUMBER_KILLED,NUMBER_INJURED,PARTY_COUNT,PRIMARY_COLL_FACTOR,PCF_CODE_OF_VIOL,PCF_VIOL_CATEGORY,PCF_VIOLATION,PCF_VIOL_SUBSECTION,HIT_AND_RUN,TYPE_OF_COLLISION,MVIW,PED_ACTION,ROAD_SURFACE,ROAD_COND_1,ROAD_COND_2,LIGHTING,CONTROL_DEVICE,CHP_ROAD_TYPE,PEDESTRIAN_ACCIDENT,BICYCLE_ACCIDENT,MOTORCYCLE_ACCIDENT,TRUCK_ACCIDENT,NOT_PRIVATE_PROPERTY,ALCOHOL_INVOLVED,STWD_VEHTYPE_AT_FAULT,CHP_VEHTYPE_AT_FAULT,COUNT_SEVERE_INJ,COUNT_VISIBLE_INJ,COUNT_COMPLAINT_PAIN,COUNT_PED_KILLED,COUNT_PED_INJURED,COUNT_BICYCLIST_KILLED,COUNT_BICYCLIST_INJURED,COUNT_MC_KILLED,COUNT_MC_INJURED,PRIMARY_RAMP,SECONDARY_RAMP,LATITUDE,LONGITUDE,COUNTY,CITY,POINT_X,POINT_Y
9589465,2023,2023-06-12,4313,2023-04-27,2020,5081,WESTE,4,5,7,4313,0,0,0,,0,0L1,"COTTAGE GROVE AV","MONTEREY RD",0.00,,Y,A,-,N,,,,,,,,,,Y,4,0,1,1,A,-,03,22350,A,N,E,I,A,A,H,-,C,A,0,,,,,Y,,-,,0,0,1,0,0,0,0,0,0,"- ","- ",,,"SANTA CLARA","SAN JOSE",,
9589767,2023,2023-07-31,4313,2023-05-25,1103,4281,PAUL,4,5,7,4313,0,0,0,,0,0P4,"WHITE RD","SJ LIGHT POLE 120020326",39.00,N,N,A,-,N,,,,,,,,,,N,4,0,1,2,D,-,00,,,N,-,G,A,A,H,-,A,D,0,,Y,,,Y,,-,"- ",0,0,1,0,0,0,1,0,0,"- ","- ",,,"SANTA CLARA","SAN JOSE",,
9589768,2023,2023-07-31,4313,2023-05-21,1350,5072,LINCO,7,5,7,4313,0,0,0,,0,004,MONTEREY,"MONTEREY RD 2000",0.00,,N,A,-,N,,,,,,,,,,Y,3,0,1,2,A,-,05,21651,A,N,B,D,A,A,H,-,A,D,0,,,,,Y,,A,07,0,1,0,0,0,0,0,0,0,"- ","- ",,,"SANTA CLARA","SAN JOSE",,
9589777,2023,2023-08-03,4313,2023-05-08,1417,5095,SAM,1,5,7,4313,0,0,0,,0,0S2,"LEIGH AV","STOKES ST",0.00,,Y,A,-,N,,,,,,,,,,N,4,0,1,2,A,-,17,21200,,N,-,G,A,A,H,-,A,D,0,,Y,,,Y,,L,04,0,0,1,0,0,0,0,0,0,"- ","- ",,,"SANTA CLARA","SAN JOSE",,
9589826,2023,2023-08-02,4313,2023-06-17,2048,5050,FRANK,6,5,7,4313,0,0,0,,0,005,"PARKMOOR AV","MENKER AV",0.00,,Y,A,-,N,,,,,,,,,,Y,4,0,1,2,A,-,12,22450,A,N,D,C,A,A,H,-,C,D,0,,,,,Y,,-,,0,0,1,0,0,0,0,0,0,"- ","- ",,,"SANTA CLARA","SAN JOSE",,
9589828,2023,2023-08-02,4313,2023-06-06,"930 ",3835,DA,2,5,7,4313,0,0,0,,0,0A2,"CAMDEN AV","KOOSER RD",0.00,,Y,B,-,Y,,,,,,,,,,Y,4,0,1,2,A,-,04,21703,,N,C,C,A,A,H,-,A,A,0,,,,,Y,,-,,0,0,1,0,0,0,0,0,0,"- ","- ",,,"SANTA CLARA","SAN JOSE",,
9590420,2023,2023-06-30,4311,2023-05-31,1838,53580,5410,3,5,5,4311,0,0,0,,0,MV2,"SHOWERS DR","LATHAM ST",440.00,N,N,A,-,N,,,,,,,,,,Y,3,0,1,2,A,-,09,21804,A,N,D,C,A,A,H,-,A,D,0,,,,,Y,,A,07,0,1,0,0,0,0,0,0,0,"- ","- ",,,"SANTA CLARA","MOUNTAIN VIEW",-122.10769653320312,37.401504516601562
9591958,2023,2023-07-05,4311,2023-06-04,1715,56312,5347,7,5,5,4311,0,0,0,,0,MV3,"RENGSTORFF AV","CENTRAL EXPWY",423.00,N,N,A,-,N,,,,,,,,,,N,3,0,1,2,A,-,03,22350,,N,C,C,A,A,H,-,A,D,0,,,,,Y,,A,01,0,1,0,0,0,0,0,0,0,"- ","- ",37.404361724853516,-122.09632110595703,"SANTA CLARA","MOUNTAIN VIEW",-122.09745025634766,37.403190612792969
9591959,2023,2023-07-13,4311,2023-06-19,2132,56131,5339,1,5,5,4311,0,0,0,,0,MV4,"MOFFETT BL","RT 85",0.00,,Y,A,-,Y,SCL,4,85,-,R,23.481,R,4,S,Y,3,0,3,2,A,-,09,21801,A,N,D,C,A,A,H,-,C,D,0,,,,,Y,,A,01,0,3,0,0,0,0,0,0,0,"- ",SO,37.402580261230469,-122.07018280029297,"SANTA CLARA","MOUNTAIN VIEW",-122.06996917724609,37.403247833251953
9592445,2023,2023-07-12,4313,2023-06-22,1245,4911,MARY,4,5,7,4313,0,0,0,,0,002,"JOSE FIGUERES AV","AMSTEL CT",0.00,,Y,A,-,N,,,,,,,,,,N,4,0,1,2,A,-,09,21801,,N,A,C,A,A,H,-,A,D,0,,,,,Y,,-,,0,0,1,0,0,0,0,0,0,"- ","- ",,,"SANTA CLARA","SAN JOSE",,
9592454,2023,2023-07-11,4313,2023-06-03,1852,4846,WESTE,6,5,7,4313,0,0,0,,0,0L6,"MCLAUGHLIN AV","SYLVIA DR",0.00,,Y,A,-,N,,,,,,,,,,Y,3,0,1,2,A,-,08,22107,,N,C,E,A,A,H,-,A,-,0,,,,,Y,,-,,0,1,0,0,0,0,0,0,0,"- ","- ",,,"SANTA CLARA","SAN JOSE",,
9592457,2023,2023-07-11,4313,2023-06-20,2107,3990,WESTE,2,5,7,4313,0,0,0,,0,0F1,"MOORPARK AV",EDEN,0.00,,N,A,-,N,,,,,,,,,,Y,3,0,1,2,A,-,08,22107,,N,-,C,A,A,H,-,C,D,0,,,Y,,Y,,C,02,0,1,0,0,0,0,0,0,1,"- ","- ",37.185691833496094,-121.57144165039062,"SANTA CLARA","SAN JOSE",,
9592460,2023,2023-07-11,4313,2023-06-20,1944,4684,LINCO,2,5,7,4313,0,0,0,,0,0L4,"CURTNER AV","COMMUNICATIONS HILL BL",50.00,E,N,A,-,N,,,,,,,,,,N,4,0,1,2,A,-,03,22350,,N,C,C,A,A,H,-,A,A,0,,,,,Y,,-,,0,0,1,0,0,0,0,0,0,"- ","- ",,,"SANTA CLARA","SAN JOSE",-121.86890411376953,37.298393249511719
9592473,2023,2023-07-25,4313,2023-06-19,1550,4822,EDWAR,1,5,7,4313,0,0,0,,0,002,"RYLAND ST","SANTA TERESA ST",0.00,,Y,A,-,N,,,,,,,,,,N,4,0,1,2,A,-,05,21202,,F,D,G,A,A,H,-,A,D,0,,Y,,,Y,,L,04,0,0,1,0,0,0,1,0,0,"- ","- ",37.202728271484375,-121.54261779785156,"SANTA CLARA","SAN JOSE",,
9592475,2023,2023-07-25,4313,2023-06-19,1435,4130,FOOTH,1,5,7,4313,0,0,0,,0,0M3,"MCKEE RD","N 34TH ST",135.00,W,N,A,-,N,,,,,,,,,,N,4,0,1,3,A,-,03,22350,,N,C,C,A,A,H,-,A,D,0,,,,,Y,,-,,0,0,1,0,0,0,0,0,0,"- ","- ",,,"SANTA CLARA","SAN JOSE",-121.86305236816406,37.356510162353516
9592992,2023,2023-07-10,4313,2023-06-23,1616,4849,FOOTH,5,5,7,4313,0,0,0,,0,0W1,"PIEDMONT RD","SIERRA RD",0.00,,Y,A,-,N,,,,,,,,,,N,4,0,2,4,A,-,03,22350,,N,C,C,A,A,H,-,A,A,0,,,,,Y,,A,01,0,0,2,0,0,0,0,0,0,"- ","- ",37.235919952392578,-121.50491333007812,"SANTA CLARA","SAN JOSE",,
9593102,2023,2023-10-09,4313,2023-06-20,1711,4891,VICTO,2,5,7,4313,0,0,0,,0,0V2,"N 11TH ST","E TAYLOR",0.00,,Y,A,-,N,,,,,,,,,,Y,3,0,1,3,A,-,12,21453,,N,D,C,A,A,H,-,A,D,0,,,,,Y,,-,,0,1,0,0,0,0,0,0,0,"- ","- ",,,"SANTA CLARA","SAN JOSE",,
9593308,2023,2023-07-28,4313,2023-06-03,2042,4894,CHARL,6,5,7,4313,0,0,0,,0,0C3,"SULLIVAN AV","SULLIVAN AV 2018",0.00,,Y,A,-,N,,,,,,,,,,N,2,0,1,2,A,-,03,22350,,F,G,B,D,A,H,-,A,-,0,Y,,,,Y,,-,,1,0,0,0,1,0,0,0,0,"- ","- ",37.202018737792969,-121.49569702148438,"SANTA CLARA","SAN JOSE",,
9593310,2023,2023-07-26,4313,2023-06-12,1151,4081,DISTR,1,5,7,4313,0,0,0,,0,0M1,"SCHULTE DR","CHECKERS DR",291.00,E,N,A,-,N,,,,,,,,,,Y,4,0,1,3,A,-,03,22350,,N,A,E,A,A,H,-,A,D,0,,,,,Y,,-,,0,0,1,0,0,0,0,0,0,"- ","- ",,,"SANTA CLARA","SAN JOSE",-121.85972595214844,37.363517761230469
9593315,2023,2023-08-18,4313,2023-06-12,"730 ",5110,SAM,1,5,7,4313,0,0,0,,0,005,"VINE ST","GRANT ST",0.00,,Y,A,-,N,,,,,,,,,,N,4,0,1,2,A,-,10,21950,A,N,G,B,B,A,H,-,A,A,0,Y,,,,Y,,B,01,0,0,1,0,1,0,0,0,0,"- ","- ",37.192680358886719,-121.53151702880859,"SANTA CLARA","SAN JOSE",,
9593318,2023,2023-07-26,4313,2023-06-08,1933,5029,ROBER,4,5,7,4313,0,0,0,,0,0R3,"E GISH RD","N 1ST ST",0.00,,Y,A,-,N,,,,,,,,,,N,4,0,1,2,A,-,12,21453,A,N,D,C,A,A,H,-,A,A,0,,,,,Y,,-,,0,0,1,0,0,0,0,0,0,"- ","- ",,,"SANTA CLARA","SAN JOSE",,
9593319,2023,2023-07-26,4313,2023-06-13,1705,4485,SAM,2,5,7,4313,0,0,0,,0,006,"S 1ST ST","MARTHA ST",0.00,,Y,A,-,N,,,,,,,,,,Y,3,0,2,2,A,-,09,21801,,N,D,C,A,A,H,-,A,A,0,,,,,Y,,-,,0,1,1,0,0,0,0,0,0,"- ","- ",,,"SANTA CLARA","SAN JOSE",,
9593599,2023,2023-07-13,4313,2023-05-23,1616,5099,CHARL,2,5,7,4313,0,0,0,,0,002,"TULLY RD","SEACLIFF WY",0.00,,N,A,-,N,,,,,,,,,,Y,4,0,1,2,A,-,09,21801,,N,A,C,A,A,H,-,A,A,0,,,,,Y,,-,,0,0,1,0,0,0,0,0,0,"- ","- ",,,"SANTA CLARA","SAN JOSE",,
9593928,2023,2023-09-20,4313,2023-07-05,1851,5133,DISTR,3,5,7,4313,0,0,0,,0,0C1,"SOUTH KING RD","STORY RD",0.00,,Y,A,-,N,,,,,,,,,,,4,0,2,2,A,-,00,23153,C,F,C,C,A,A,H,-,A,A,0,,,,,Y,,-,,0,0,2,0,0,0,0,0,0,"- ","- ",37.202358245849609,-121.50353240966797,"SANTA CLARA","SAN JOSE",,
9593936,2023,2023-09-20,4313,2023-07-02,"259 ",5125,SAM,7,5,7,4313,0,0,0,,0,005,"S 1ST ST","UNION ST",0.00,,Y,A,-,N,,,,,,,,,,N,2,0,1,2,A,-,03,22350,,F,G,B,E,A,H,-,C,D,0,Y,,,,Y,,-,,1,0,0,0,1,0,0,0,0,"- ","- ",,,"SANTA CLARA","SAN JOSE",,
9594164,2023,2023-07-10,4313,2023-05-24,"949 ",4747,LINCO,3,5,7,4313,0,0,0,,0,001,"S 7TH ST","E ALMA AV",36.00,N,N,A,-,N,,,,,,,,,,N,4,0,2,2,A,-,09,21800,,N,D,C,A,A,H,-,A,B,0,,,,,Y,,A,01,0,0,2,0,0,0,0,0,0,"- ","- ",,,"SANTA CLARA","SAN JOSE",-121.86878204345703,37.318466186523438
9594182,2023,2023-07-11,4313,2023-06-19,2011,5065,NORA,1,5,7,4313,0,0,0,,0,002,"SARATOGA AV","RT 280",0.00,,N,A,-,N,,,,,,,,,,,3,0,2,2,A,-,12,21453,,N,A,C,A,A,-,-,B,A,0,,,,,Y,,-,,0,1,1,0,0,0,0,0,0,"- ","- ",,,"SANTA CLARA","SAN JOSE",,
9594301,2023,2023-07-11,4313,2023-05-27,1005,4876,DX,6,5,7,4313,0,0,0,,0,0X2,"E CAPITOL EXPWY","SENTER RD",0.00,,Y,A,-,N,,,,,,,,,,Y,4,0,2,2,A,-,09,21453,C,N,A,C,A,A,H,-,A,A,0,,,,,Y,,-,,0,0,2,0,0,0,0,0,0,"- ","- ",,,"SANTA CLARA","SAN JOSE",,
9594302,2023,2023-07-12,4313,2023-05-27,1212,4616,VICTO,6,5,7,4313,0,0,0,,0,002,"N 13TH ST","VESTAL ST",0.00,,Y,A,-,N,,,,,,,,,,Y,4,0,2,2,A,-,09,21802,,N,D,C,A,A,H,-,A,A,0,,,,,Y,,A,01,0,0,2,0,0,0,0,0,0,"- ","- ",,,"SANTA CLARA","SAN JOSE",,
9594308,2023,2023-07-05,4313,2023-05-22,1006,4572,VICTO,1,5,7,4313,0,0,0,,0,0V3,"N 10TH ST","E JULIAN ST",0.00,,Y,A,-,N,,,,,,,,,,N,4,0,2,4,A,-,08,22107,,N,A,C,A,A,H,-,A,A,0,,,,,Y,,-,,0,0,2,0,0,0,0,0,0,"- ","- ",,,"SANTA CLARA","SAN JOSE",,
9594314,2023,2023-07-11,4313,2023-05-30,"950 ",5106,FOOTH,2,5,7,4313,0,0,0,,0,0C3,"HURAN DR","TULLY RD",0.00,,Y,A,-,N,,,,,,,,,,N,4,0,1,2,A,-,00,21960,,N,H,G,A,A,H,-,A,A,0,,Y,,,Y,,-,,0,0,1,0,0,0,1,0,0,"- ","- ",,,"SANTA CLARA","SAN JOSE",,
9595093,2023,2023-07-25,4313,2023-06-05,1658,5057,FRANK,1,5,7,4313,0,0,0,,0,003,"FOREST AV","CIRO AV",0.00,,Y,A,-,N,,,,,,,,,,Y,2,0,2,2,A,-,09,21801,,N,D,C,A,A,H,-,A,D,0,,,,,Y,,-,,1,1,0,0,0,0,0,0,0,"- ","- ",37.193729400634766,-121.56178283691406,"SANTA CLARA","SAN JOSE",,
9595094,2023,2023-07-21,4313,2023-06-19,1820,4749,DA,1,5,7,4313,0,0,0,,0,0A5,"CAMDEN AV","TRINIDAD DR",400.00,E,N,A,-,N,,,,,,,,,,N,3,0,1,2,A,-,10,21952,,N,G,B,F,A,H,-,A,D,0,Y,,,,Y,,-,,0,1,0,0,1,0,0,0,0,"- ","- ",,,"SANTA CLARA","SAN JOSE",-121.86396026611328,37.220741271972656
9595095,2023,2023-07-27,4313,2023-06-21,2315,4815,DT,3,5,7,4313,0,0,0,,0,0T4,"BRANHAM LN","VIA DE CABALLE",171.00,E,N,A,-,N,,,,,,,,,,Y,3,0,2,1,A,-,01,23152,A,N,E,I,A,A,H,-,C,D,0,,,,,Y,Y,-,,0,2,0,0,0,0,0,0,0,"- ","- ",37.152679443359375,-121.53395080566406,"SANTA CLARA","SAN JOSE",-121.89366912841797,37.257648468017578
9595100,2023,2023-07-21,4310,2023-06-24,1751,289,43635,6,5,4,4310,0,0,0,,0,002,"DUNNE AV","THOMAS GRADE AV",281.00,E,N,A,-,N,,,,,,,,,,Y,3,0,2,2,A,-,05,21460,A,N,A,C,A,A,H,-,A,D,0,,,,,Y,,A,01,0,2,0,0,0,0,0,0,0,"- ","- ",37.141738891601562,-121.60655212402344,"SANTA CLARA","MORGAN HILL",-121.6055908203125,37.141487121582031
9596101,2023,2023-07-06,4313,2023-06-01,1204,4253,DK,4,5,7,4313,0,0,0,,0,024,"E SAN ANTONIO ST","E SAN ANTONIO ST 1300",0.00,,-,A,-,N,,,,,,,,,,Y,4,0,1,2,A,-,09,21804,A,N,D,C,A,A,H,-,A,D,0,,,,,Y,,-,,0,0,1,0,0,0,0,0,0,"- ","- ",,,"SANTA CLARA","SAN JOSE",,
9598693,2023,2023-08-07,4313,2023-06-30,1046,4762,LINCO,5,5,7,4313,0,0,0,,0,0L1,"MCLAUGHLIN AV","LOUPE AV",0.00,,Y,A,-,N,,,,,,,,,,Y,3,0,1,2,A,-,12,22450,,N,D,-,A,A,-,-,A,D,0,,Y,,,Y,,-,,0,1,0,0,0,0,1,0,0,"- ","- ",,,"SANTA CLARA","SAN JOSE",,
9598694,2023,2023-07-27,4313,2023-06-04,1501,4496,VICTO,7,5,7,4313,0,0,0,,0,0V4,"E JULIAN ST","N 12TH ST",12.00,N,N,A,-,N,,,,,,,,,,Y,4,0,1,2,A,-,12,22450,,N,D,C,A,A,H,-,A,A,0,,,,,Y,,-,,0,0,1,0,0,0,0,0,0,"- ","- ",37.204559326171875,-121.52565002441406,"SANTA CLARA","SAN JOSE",-121.88228607177734,37.346035003662109
9598697,2023,2023-08-14,4313,2023-06-30,1935,4880,FOOTH,5,5,7,4313,0,0,0,,0,0C1,"KING RD","LIDO AV",0.00,,Y,A,-,Y,,,,,,,,,,N,4,0,1,3,A,-,03,22350,,N,-,D,A,-,H,-,A,A,0,,,,,Y,,A,07,0,0,1,0,0,0,0,0,0,"- ","- ",,,"SANTA CLARA","SAN JOSE",,
9598709,2023,2023-07-28,4313,2023-06-26,1616,4929,DISTR,1,5,7,4313,0,0,0,,0,0A2,"ALMADEN VALLEY DR","COLEMAN RD",0.00,,Y,A,-,N,,,,,,,,,,N,4,0,1,2,A,-,03,22350,A,N,C,C,A,A,H,-,A,D,0,,,,,Y,,-,,0,0,1,0,0,0,0,0,0,"- ","- ",,,"SANTA CLARA","SAN JOSE",,
9599380,2023,2023-08-14,4313,2023-06-25,2235,4749,DA,7,5,7,4313,0,0,0,,0,0A1,"CAMDEN AV","PRESTON DR",144.00,S,N,A,-,N,,,,,,,,,,Y,3,0,2,2,A,-,09,21801,A,N,H,C,A,A,H,-,C,-,0,,,Y,,Y,,A,01,0,1,1,0,0,0,0,0,1,"- ","- ",,,"SANTA CLARA","SAN JOSE",-121.90351867675781,37.232696533203125
9599625,2023,2023-08-22,4313,2023-07-05,1334,4500,CENTR,3,5,7,4313,0,0,0,,0,1334,"W HEDDING ST","GARDEN DR",0.00,,Y,A,-,N,,,,,,,,,,Y,4,0,1,2,A,-,12,22450,,N,D,C,A,A,H,-,A,A,0,,,,,Y,,A,07,0,0,1,0,0,0,0,0,0,"- ","- ",,,"SANTA CLARA","SAN JOSE",,
9599638,2023,2023-08-21,4313,2023-07-09,2250,4891,VICTO,7,5,7,4313,0,0,0,,0,002,"VESTAL ST","N 11TH ST",0.00,,Y,A,-,N,,,,,,,,,,Y,4,0,1,2,A,-,12,22450,,F,D,C,A,A,H,-,C,D,0,,,,,Y,,A,01,0,0,1,0,0,0,0,0,0,"- ","- ",,,"SANTA CLARA","SAN JOSE",,
9600684,2023,2023-09-14,4313,2023-07-09,1924,4767,FOOTH,7,5,7,4313,0,0,0,,0,0C5,"E CAPITOL EXPWY","OCALA AV",0.00,,Y,A,-,N,,,,,,,,,,N,4,0,1,2,A,-,08,22107,,N,-,G,A,A,H,-,A,A,0,,Y,,,Y,,A,01,0,0,1,0,0,0,1,0,0,"- ","- ",37.202659606933594,-121.49124145507812,"SANTA CLARA","SAN JOSE",,
9600688,2023,2023-08-04,4313,2023-07-14,1436,5073,YELLO,5,5,7,4313,0,0,0,,0,0Y3,"SANTA TERESA BL","BIGELOW CT",0.00,,Y,A,-,N,,,,,,,,,,N,3,0,1,2,A,-,09,21802,,N,C,B,E,A,H,-,A,D,0,Y,,,,Y,Y,-,,0,1,0,0,1,0,0,0,0,"- ","- ",,,"SANTA CLARA","SAN JOSE",,
9600767,2023,2023-08-15,4313,2023-07-07,2254,4793,DA,5,5,7,4313,0,0,0,,0,0A2,"MERIDIAN AV","PRINCETON DR",0.00,,Y,A,-,N,,,,,,,,,,Y,4,0,1,2,A,-,08,22107,,N,D,C,A,A,H,-,C,D,0,,,,,Y,,A,07,0,0,1,0,0,0,0,0,0,"- ","- ",,,"SANTA CLARA","SAN JOSE",,
9600768,2023,2023-08-11,4313,2023-07-07,2310,4994,WILLI,5,5,7,4313,0,0,0,,0,004,"N WHITE RD","POLE #9P35",75.00,S,N,A,-,N,,,,,,,,,,Y,4,0,1,4,A,-,03,22350,,N,B,C,A,A,H,-,C,D,0,,,,,Y,,A,01,0,0,1,0,0,0,0,0,0,"- ","- ",,,"SANTA CLARA","SAN JOSE",,
9600774,2023,2023-08-09,4313,2023-07-17,"54  ",4966,FOOTH,1,5,7,4313,0,0,0,,0,0C2,"STORY RD","POLE 110145",33.00,E,N,A,-,N,,,,,,,,,,Y,3,0,1,2,A,-,01,23152,A,N,D,E,A,A,H,-,C,-,0,,,,,Y,Y,-,,0,1,0,0,0,0,0,0,0,"- ","- ",,,"SANTA CLARA","SAN JOSE",,
9600777,2023,2023-08-09,4313,2023-07-21,"752 ",4808,FRANK,5,5,7,4313,0,0,0,,0,0F3,"W HEDDING ST","NORTH BASCOM AV",0.00,,Y,A,-,N,,,,,,,,,,Y,3,0,1,3,A,-,09,21804,,F,C,C,A,A,H,-,A,A,0,,,Y,,Y,Y,A,01,0,1,0,0,0,0,0,0,1,"- ","- ",,,"SANTA CLARA","SAN JOSE",,
9600783,2023,2023-08-04,4313,2023-07-21,1903,4857,ROBER,5,5,7,4313,0,0,0,,0,0R4,"E GISH RD","OLD BAYSHORE HWY",0.00,,Y,A,-,N,,,,,,,,,,Y,3,0,1,2,A,-,03,22350,,F,C,C,A,A,H,-,A,A,0,,,Y,,Y,Y,A,01,0,1,0,0,0,0,0,0,1,"- ","- ",,,"SANTA CLARA","SAN JOSE",,
9600787,2023,2023-08-09,4313,2023-07-13,1805,4343,WILLI,4,5,7,4313,0,0,0,,0,0W4,"ALUM ROCK AV","STEWART AV",0.00,,Y,A,-,N,,,,,,,,,,N,4,0,1,2,A,-,10,21950,,N,G,-,B,A,H,-,A,A,0,Y,,,,Y,,-,"- ",0,0,1,0,0,0,0,0,0,"- ","- ",37.21588134765625,-121.49378204345703,"SANTA CLARA","SAN JOSE",,
9600806,2023,2023-08-10,4313,2023-07-07,"641 ",4603,LINCO,5,5,7,4313,0,0,0,,0,0L3,"TULLY RD","LUCRETIA AV",0.00,,N,A,-,N,,,,,,,,,,Y,4,0,2,3,D,-,00,,,N,A,C,A,A,A,-,A,B,0,,,,,Y,Y,-,"- ",0,0,2,0,0,0,0,0,0,"- ","- ",,,"SANTA CLARA","SAN JOSE",,
9600814,2023,2023-08-10,4313,2023-07-10,"833 ",4782,LINCO,1,5,7,4313,0,0,0,,0,0L1,"S 10TH ST","E HUMBOLT DR",84.00,N,N,A,-,N,,,,,,,,,,Y,3,0,1,3,A,-,05,21651,B,N,A,E,A,A,H,-,A,D,0,,,,,Y,,A,01,0,1,0,0,0,0,0,0,0,"- ","- ",37.192211151123047,-121.52395629882812,"SANTA CLARA","SAN JOSE",-121.86788177490234,37.322978973388672
9600815,2023,2023-08-10,4313,2023-07-10,"951 ",4706,WESTE,1,5,7,4313,0,0,0,,0,0L5,"SENTER RD","SOUTHSIDE DR",0.00,,Y,A,-,N,,,,,,,,,,N,4,0,1,2,A,-,09,21801,,N,B,C,A,A,H,-,A,-,0,,,,,Y,Y,A,01,0,0,1,0,0,0,0,0,0,"- ","- ",,,"SANTA CLARA","SAN JOSE",,
9604167,2023,2023-12-04,4313,2023-10-21,"453 ",5126,PAUL,6,5,7,4313,0,0,0,,0,006,"SILVER CREEK VALLEY RD","HELLYER AV",33.00,N,N,A,-,N,,,,,,,,,,Y,3,0,1,1,-,-,"- ",,,N,A,A,A,A,H,-,D,D,0,,,,,Y,,-,"- ",0,1,0,0,0,0,0,0,0,"- ","- ",37.153701782226562,-121.47139739990234,"SANTA CLARA","SAN JOSE",-121.78367614746094,37.260402679443359
9604350,2023,2024-02-12,4304,2023-09-12,2158,244,4304,2,5,4,4304,0,0,0,,0,003,"MONTEREY HWY","BUENA VISTA AV",185.00,S,N,A,-,N,,,,,,,,,,N,2,0,1,2,A,-,11,21955,,N,G,B,E,A,H,-,C,D,0,Y,,,,Y,,N,60,1,0,0,0,1,0,0,0,0,"- ","- ",,,"SANTA CLARA",GILROY,-121.58587646484375,37.040969848632812
9604899,2023,2024-02-21,4304,2023-12-22,1630,228,4304,5,5,4,4304,0,0,0,,0,003,"CHURCH ST","WELBURN AVE",0.00,,Y,A,-,N,,,,,,,,,,N,4,0,1,2,A,-,12,21453,A,N,D,C,A,A,H,-,A,A,0,,,,,Y,,A,01,0,0,1,0,0,0,0,0,0,"- ","- ",,,"SANTA CLARA",GILROY,,
9604900,2023,2024-02-21,4304,2023-12-17,"931 ",234,4304,7,5,4,4304,0,0,0,,0,002,"1ST ST","CHURCH ST",0.00,,Y,A,-,N,,,,,,,,,,N,4,0,1,2,A,-,09,21801,A,N,A,C,A,A,H,-,A,A,0,,,,,Y,,A,01,0,0,1,0,0,0,0,0,0,"- ","- ",,,"SANTA CLARA",GILROY,,
9604982,2023,2024-01-30,4313,2023-11-29,1047,4075,DP,3,5,7,4313,0,0,0,,0,0P4,"NIEMAN BL","E CAPITOL EX",0.00,,Y,A,-,N,,,,,,,,,,Y,4,0,2,2,D,-,00,,,N,D,C,A,A,H,-,A,A,0,,,,,Y,,-,"- ",0,0,2,0,0,0,0,0,0,"- ","- ",,,"SANTA CLARA","SAN JOSE",,
9605150,2023,2024-02-22,4313,2023-12-08,1757,4784,DL,5,5,7,4313,0,0,0,,0,0L5,"E CAPITOL EXPWY","SEVEN TREES BL",0.00,,Y,A,-,N,,,,,,,,,,Y,3,0,1,4,A,-,03,22350,,N,A,C,A,A,H,-,C,D,0,,,,,Y,,-,,0,1,0,0,0,0,0,0,0,"- ","- ",,,"SANTA CLARA","SAN JOSE",,
9605163,2023,2024-03-08,4313,2023-12-11,1750,5030,FRANK,1,5,7,4313,0,0,0,,0,001,"SOUTH WINCHESTER BL","RT 280",0.00,,-,A,-,Y,SCL,4,280,-,-,4.764,R,4,N,Y,4,0,1,2,A,-,03,22350,,N,D,C,A,A,H,-,E,A,0,,,,,Y,,-,,0,0,1,0,0,0,0,0,0,"- ","- ",37.192161560058594,-121.57058715820312,"SANTA CLARA","SAN JOSE",-121.95392608642578,37.316791534423828
9605182,2023,2024-01-11,4313,2023-11-11,1850,3548,WESTE,6,5,7,4313,0,0,0,,0,0N1,"SOUTH DE ANZA BL","BLUE HILL DR",0.00,,Y,A,-,N,,,,,,,,,,Y,3,0,1,1,A,-,03,22350,,N,A,I,A,A,H,-,C,D,0,,,,,Y,,-,,0,1,0,0,0,0,0,0,0,"- ","- ",,,"SANTA CLARA","SAN JOSE",,
9605183,2023,2024-01-11,4313,2023-11-03,1008,4603,LINCO,5,5,7,4313,0,0,0,,0,0L1,"S 11TH ST","KEYES ST",0.00,,Y,A,-,N,,,,,,,,,,Y,4,0,2,2,A,-,12,21453,,N,D,C,A,A,H,-,A,A,0,,,,,Y,,-,,0,0,2,0,0,0,0,0,0,"- ","- ",,,"SANTA CLARA","SAN JOSE",,
9605184,2023,2024-01-11,4313,2023-11-02,1128,5073,YELLO,4,5,7,4313,0,0,0,,0,0Y5,"BAILEY AV","SANTA TERESA BL",450.00,,N,A,-,N,,,,,,,,,,N,3,0,1,2,A,-,17,21208,,N,B,G,A,A,-,-,A,D,0,,Y,,,Y,,L,04,0,1,0,0,0,0,1,0,0,"- ","- ",,,"SANTA CLARA","SAN JOSE",,
9605196,2023,2024-01-22,4313,2023-11-30,1724,4520,WESTE,4,5,7,4313,0,0,0,,0,0F4,"W SAN CARLOS ST","RACE ST",0.00,,Y,A,-,N,,,,,,,,,,N,4,0,1,2,A,-,03,22350,,F,C,C,A,A,H,-,C,A,0,,,,,Y,,-,99,0,0,1,0,0,0,0,0,0,"- ","- ",,,"SANTA CLARA","SAN JOSE",,
9605208,2023,2024-01-22,4313,2023-11-19,1744,5118,W,7,5,7,4313,0,0,0,,0,0W1,"CROPLEY AV","BRIXTON CT",0.00,,Y,A,-,N,,,,,,,,,,N,4,0,1,2,D,-,00,,,N,C,C,A,A,H,-,C,D,0,,,,,Y,,-,"- ",0,0,1,0,0,0,0,0,0,"- ","- ",,,"SANTA CLARA","SAN JOSE",,
9605210,2023,2024-01-12,4313,2023-11-09,1030,5081,FOOTH,4,5,7,4313,0,0,0,,0,0M2,"S MARKET ST","W SAN SALVADOR",0.00,,Y,A,-,N,,,,,,,,,,N,4,0,1,2,A,-,10,21950,,N,D,B,C,A,H,-,C,D,0,Y,,,,Y,,N,60,0,0,1,0,1,0,0,0,0,"- ","- ",,,"SANTA CLARA","SAN JOSE",,