CASE_ID,ACCIDENT_YEAR,PROC_DATE,JURIS,COLLISION_DATE,COLLISION_TIME,OFFICER_ID,REPORTING_DISTRICT,DAY_OF_WEEK,CHP_SHIFT,POPULATION,CNTY_CITY_LOC,SPECIAL_COND,BEAT_TYPE,CHP_BEAT_TYPE,CITY_DIVISION_LAPD,CHP_BEAT_CLASS,BEAT_NUMBER,PRIMARY_RD,SECONDARY_RD,DISTANCE,DIRECTION,INTERSECTION,WEATHER_1,WEATHER_2,STATE_HWY_IND,CALTRANS_COUNTY,CALTRANS_DISTRICT,STATE_ROUTE,ROUTE_SUFFIX,POSTMILE_PREFIX,POSTMILE,LOCATION_TYPE,RAMP_INTERSECTION,SIDE_OF_HWY,TOW_AWAY,COLLISION_SEVERITY,NUMBER_KILLED,NUMBER_INJURED,PARTY_COUNT,PRIMARY_COLL_FACTOR,PCF_CODE_OF_VIOL,PCF_VIOL_CATEGORY,PCF_VIOLATION,PCF_VIOL_SUBSECTION,HIT_AND_RUN,TYPE_OF_COLLISION,MVIW,PED_ACTION,ROAD_SURFACE,ROAD_COND_1,ROAD_COND_2,LIGHTING,CONTROL_DEVICE,CHP_ROAD_TYPE,PEDESTRIAN_ACCIDENT,BICYCLE_ACCIDENT,MOTORCYCLE_ACCIDENT,TRUCK_ACCIDENT,NOT_PRIVATE_PROPERTY,ALCOHOL_INVOLVED,STWD_VEHTYPE_AT_FAULT,CHP_VEHTYPE_AT_FAULT,COUNT_SEVERE_INJ,COUNT_VISIBLE_INJ,COUNT_COMPLAINT_PAIN,COUNT_PED_KILLED,COUNT_PED_INJURED,COUNT_BICYCLIST_KILLED,COUNT_BICYCLIST_INJURED,COUNT_MC_KILLED,COUNT_MC_INJURED,PRIMARY_RAMP,SECONDARY_RAMP,LATITUDE,LONGITUDE,COUNTY,CITY,POINT_X,POINT_Y
9622706,2023,2023-11-07,4313,2023-09-29,1600,3742,TOM,5,5,7,4313,0,0,0,,0,0T2,"LEIGH AV","CURTNER AV",30.00,S,N,B,-,N,,,,,,,,,,N,3,0,1,2,A,-,03,22350,,N,C,C,A,A,H,-,A,A,0,,,,,Y,,-,,0,1,0,0,0,0,0,0,0,"- ","- ",,,"SANTA CLARA","SAN JOSE",-121.92249298095703,37.275825500488281
9622717,2023,2023-11-07,4313,2023-09-15,2132,4269,DP,5,5,7,4313,0,0,0,,0,004,"E CAPITOL EXPWY","ABORN RD",0.00,,Y,A,-,N,,,,,,,,,,N,3,0,1,3,A,-,07,21658,,N,C,C,A,A,H,-,C,A,0,,,,,Y,,-,,0,1,0,0,0,0,0,0,0,"- ","- ",37.184108734130859,-121.48291778564453,"SANTA CLARA","SAN JOSE",,
9622718,2023,2023-11-07,4313,2023-09-15,1612,4895,ROBER,5,5,7,4313,0,0,0,,0,002,"OAKLAND RD","BROKAW RD",0.00,,Y,A,-,N,,,,,,,,,,N,3,0,1,2,A,-,04,21703,,N,C,C,A,A,H,-,A,A,0,,,,,Y,,-,,0,1,0,0,0,0,0,0,0,"- ","- ",,,"SANTA CLARA","SAN JOSE",,
9623141,2023,2023-11-15,4313,2023-10-23,1537,5143,SAM,1,5,7,4313,0,0,0,,0,003,"LEIGH AV","STOKES ST",0.00,,N,A,-,N,,,,,,,,,,N,3,0,1,2,B,-,22,,,N,D,C,A,A,H,-,A,A,0,,,,,Y,,-,,0,1,0,0,0,0,0,0,0,"- ","- ",,,"SANTA CLARA","SAN JOSE",,
9623142,2023,2023-11-15,4313,2023-10-27,"833 ",4399,SAM,5,5,7,4313,0,0,0,,0,0S4,"ALMADEN EXPWY","RT 87",0.00,,Y,A,-,N,,,,,,,,,,N,4,0,2,2,A,-,03,22350,,N,-,C,A,A,H,-,A,A,0,,,,,Y,,-,,0,0,2,0,0,0,0,0,0,"- ","- ",,,"SANTA CLARA","SAN JOSE",,
9623148,2023,2023-11-15,4313,2023-10-12,2350,5099,CENTR,4,5,7,4313,0,0,0,,0,0K3,"11TH ST","SANTA CLARA ST",0.00,,-,A,-,N,,,,,,,,,,Y,4,0,1,2,A,-,12,21453,A,N,A,C,A,A,H,-,C,A,0,,,,,Y,,-,,0,0,1,0,0,0,0,0,0,"- ","- ",,,"SANTA CLARA","SAN JOSE",,
9623152,2023,2023-11-15,4313,2023-10-14,2214,4860,DL,6,5,7,4313,0,0,0,,0,0L4,"MONTEREY RD","LEWIS RD",0.00,,Y,A,-,N,,,,,,,,,,N,3,0,1,2,A,-,21,22106,,N,G,B,F,B,H,-,C,D,0,Y,,,,Y,,-,,0,1,0,0,1,0,0,0,0,"- ","- ",,,"SANTA CLARA","SAN JOSE",,
9623154,2023,2023-11-09,4313,2023-10-19,1530,4764,VICTO,4,5,7,4313,0,0,0,,0,0V2,"E TAYLOR","N 10TH ST",0.00,,Y,A,-,N,,,,,,,,,,N,4,0,1,2,-,-,"- ",,,N,D,G,A,A,H,-,A,A,0,,Y,,,Y,,-,"- ",0,0,1,0,0,0,1,0,0,"- ","- ",,,"SANTA CLARA","SAN JOSE",,
9623185,2023,2023-11-09,4313,2023-09-24,1607,4654,WESTE,7,5,7,4313,0,0,0,,0,0L1,"KEYES ST","S 11TH ST",0.00,,Y,A,-,N,,,,,,,,,,Y,4,0,4,4,A,-,00,23123,A,N,C,C,A,A,H,-,A,A,0,,,,,Y,,A,01,0,0,4,0,0,0,0,0,0,"- ","- ",,,"SANTA CLARA","SAN JOSE",,
9623214,2023,2023-12-05,4300,2023-07-16,1043,2375,S6,7,5,4,4315,0,0,0,,0,71S5,"SARATOGA AV","HERRIMAN AV",0.00,,Y,A,-,N,,,,,,,,,,Y,4,0,2,2,A,-,09,21802,A,N,D,C,A,A,H,-,A,A,0,,,,,Y,,D,22,0,0,2,0,0,0,0,0,0,"- ","- ",37.265430450439453,-122.02182769775391,"SANTA CLARA",SARATOGA,,
9624172,2022,2023-11-06,4313,2022-01-18,2124,4441,TOM,2,5,7,4313,0,0,0,,0,005,"ALMADEN EXPWY","FOXWORTHY AV",0.00,,Y,A,-,N,,,,,,,,,,Y,1,2,2,4,A,-,11,21954,A,N,G,B,D,A,H,-,C,A,0,Y,,,,Y,Y,-,"- ",0,2,0,2,1,0,0,0,0,"- ","- ",,,"SANTA CLARA","SAN JOSE",-121.87995147705078,37.278053283691406
9624218,2022,2023-11-06,4313,2022-02-10,2026,4646,TOM,4,5,7,4313,0,0,0,,0,0T5,"FOXWORTHY AV","ALMADEN EXPWY",0.00,,Y,A,-,N,,,,,,,,,,Y,1,1,0,2,A,-,17,21200,,N,E,G,A,A,H,-,C,A,0,,Y,,,Y,,L,04,0,0,0,0,0,1,0,0,0,"- ","- ",,,"SANTA CLARA","SAN JOSE",-121.87995147705078,37.278053283691406
9624219,2022,2023-11-06,4313,2022-09-07,1358,4991,SOUTH,3,5,7,4313,0,0,0,,0,0Y3,"LEAN AV","SANTA TERESA BL",0.00,,Y,A,-,N,,,,,,,,,,Y,1,1,1,2,A,-,01,23152,F,N,D,C,A,A,H,-,A,A,0,,,,,Y,,-,,0,1,0,0,0,0,0,0,0,"- ","- ",,,"SANTA CLARA","SAN JOSE",-121.81685638427734,37.236904144287109
9628171,2023,2023-10-19,4311,2023-08-30,"814 ",57129,5348,3,5,5,4311,0,0,0,,0,MV3,"W MIDDLEFIELD RD","FARLEY ST",0.00,,Y,A,F,N,,,,,,,,,,N,3,0,1,2,A,-,12,21453,A,N,D,G,A,A,H,-,A,A,0,,Y,,,Y,,L,04,0,1,0,0,0,0,1,0,0,"- ","- ",,,"SANTA CLARA","MOUNTAIN VIEW",,
9628223,2023,2023-10-19,4310,2023-09-12,1738,289,43635,2,5,4,4310,0,0,0,,0,003,"EDMUNDSON AV","MONTEREY RD",342.00,W,N,A,-,N,,,,,,,,,,N,3,0,1,2,A,-,03,22350,,N,D,G,A,A,H,-,A,A,0,,Y,,,Y,,A,01,0,1,0,0,0,0,1,0,0,"- ","- ",37.112911224365234,-121.64304351806641,"SANTA CLARA","MORGAN HILL",-121.64407348632812,37.113430023193359
9628556,2023,2023-10-24,4314,2023-08-28,1617,4783,WILLI,1,5,6,4314,0,0,0,,0,004,"S WHITE RD","WOODHAVEN DR",0.00,,Y,A,-,N,,,,,,,,,,,3,0,1,2,A,-,00,20001,,F,G,B,B,-,-,-,A,A,0,Y,,,,Y,,-,,0,1,0,0,1,0,0,0,0,"- ","- ",,,"SANTA CLARA","SANTA CLARA",,
9628610,2023,2023-10-24,4313,2023-08-31,1530,5032,XRAY,4,5,7,4313,0,0,0,,0,002,"SENTER RD","EZIE ST",0.00,,Y,A,-,N,,,,,,,,,,N,4,0,1,2,A,-,04,21703,,N,C,C,A,A,H,-,A,D,0,,,,,Y,,-,,0,0,1,0,0,0,0,0,0,"- ","- ",,,"SANTA CLARA","SAN JOSE",,
9628620,2023,2023-11-06,4314,2023-09-14,1500,5040,WESTE,4,5,6,4314,0,0,0,,0,0X3,"CAPITOL EXPWY","SENTER RD",0.00,,Y,A,-,N,,,,,,,,,,N,4,0,1,2,A,-,00,29150,,N,G,B,B,A,H,-,A,-,0,Y,,,,Y,,A,01,0,0,1,0,1,0,0,0,0,"- ","- ",,,"SANTA CLARA","SANTA CLARA",,
9628701,2023,2023-10-31,4313,2023-08-27,1507,4867,CENTR,7,5,7,4313,0,0,0,,0,0R4,"SAJAK AV","TANAKA DR",0.00,,Y,A,-,N,,,,,,,,,,Y,3,0,1,4,A,-,03,22350,,N,B,E,A,A,H,-,A,D,0,,,,,Y,,-,,0,1,0,0,0,0,0,0,0,"- ","- ",37.23175048828125,-121.53762054443359,"SANTA CLARA","SAN JOSE",,
9629981,2023,2023-11-29,4313,2023-10-18,1902,4082,SOUTH,3,5,7,4313,0,0,0,,0,0A1,"CAMDEN AV","HICKS RD",0.00,,N,A,-,N,,,,,,,,,,Y,2,0,1,2,A,-,09,21453,C,N,D,C,A,A,H,-,C,A,0,,,Y,,Y,,A,01,1,0,0,0,0,0,0,0,0,"- ","- ",,,"SANTA CLARA","SAN JOSE",,
9629983,2023,2023-12-11,4313,2023-10-12,1005,5073,YELLO,4,5,7,4313,0,0,0,,0,0Y5,"SILICON VALLEY BL","RT 101",0.00,,N,A,-,Y,SCL,4,101,-,R,27.218,R,4,N,Y,3,0,1,2,A,-,12,21453,A,N,D,C,A,A,H,-,A,A,0,,,,,Y,,A,07,0,1,0,0,0,0,0,0,0,"- ",NO,,,"SANTA CLARA","SAN JOSE",-121.77558135986328,37.245777130126953
9630003,2023,2023-10-26,4313,2023-08-25,1530,3729,SOUTH,5,5,7,4313,0,0,0,,0,0A4,"COLEMAN RD","PORTO ALEGRE DR",0.00,,Y,A,-,N,,,,,,,,,,N,4,0,1,2,A,-,08,22107,,N,B,C,A,A,H,-,A,D,0,,,,,Y,,A,01,0,0,1,0,0,0,0,0,0,"- ","- ",37.142898559570312,-121.52483367919922,"SANTA CLARA","SAN JOSE",,
9630370,2023,2023-12-09,4313,2023-10-04,"106 ",5121,LINCO,3,5,7,4313,0,0,0,,0,0L1,"S 7TH ST","S 7TH ST 991",0.00,,N,A,-,N,,,,,,,,,,Y,4,0,1,4,A,-,08,22107,,N,B,E,A,A,H,-,C,A,0,,,,,Y,Y,-,,0,0,1,0,0,0,0,0,0,"- ","- ",37.192729949951172,-121.52247619628906,"SANTA CLARA","SAN JOSE",,
9631022,2023,2023-12-04,4310,2023-10-07,1041,287,,6,5,4,4310,0,0,0,,0,,"MONTEREY RD","TENNANT AV",212.00,S,N,A,-,N,,,,,,,,,,N,4,0,1,1,A,-,03,22350,,N,H,A,A,A,H,-,A,D,0,,,Y,,Y,,C,02,0,0,1,0,0,0,0,0,1,"- ","- ",37.112911224365234,-121.64304351806641,"SANTA CLARA","MORGAN HILL",-121.64267730712891,37.112518310546875
9631099,2023,2023-10-30,4304,2023-08-06,1550,220,4304,7,5,4,4304,0,0,0,,0,001,"CHURCH ST","9TH ST",0.00,,Y,A,-,N,,,,,,,,,,N,4,0,1,2,A,-,11,21954,A,N,G,B,D,A,H,-,A,D,0,Y,,,,Y,,N,60,0,0,1,0,1,0,0,0,0,"- ","- ",,,"SANTA CLARA",GILROY,,
9631495,2023,2023-11-03,4304,2023-09-10,1948,247,4304,7,5,4,4304,0,0,0,,0,001,"10TH ST",LUCHESSA,0.00,,Y,A,-,N,,,,,,,,,,N,4,0,1,2,A,-,09,21803,A,N,D,G,A,A,H,-,C,D,0,,Y,,,Y,,A,07,0,0,1,0,0,0,1,0,0,"- ","- ",,,"SANTA CLARA",GILROY,,
9631498,2023,2023-11-03,4304,2023-09-05,1521,230,4304,2,5,4,4304,0,0,0,,0,002,"CHURCH ST","7TH ST",0.00,,Y,A,-,N,,,,,,,,,,N,4,0,1,2,A,-,09,21800,A,N,D,C,A,A,H,-,A,A,0,,,,,Y,,A,01,0,0,1,0,0,0,0,0,0,"- ","- ",,,"SANTA CLARA",GILROY,,
9631567,2023,2023-11-28,4304,2023-09-06,"825 ",203,4304,3,5,4,4304,0,0,0,,0,004,"IOOF AV","FOREST ST",430.00,W,N,A,-,N,,,,,,,,,,N,4,0,1,2,A,-,05,21650,1,N,D,G,A,A,H,-,A,D,0,,Y,,,Y,,L,04,0,0,1,0,0,0,1,0,0,"- ","- ",,,"SANTA CLARA",GILROY,-121.56916046142578,37.013568878173828
9632920,2023,2023-11-14,4300,2023-08-28,2336,2374,C7,1,5,5,4303,0,0,0,,0,81C9,"STEVENS CANYON RD","SAINT ANDREWS AV",95.00,N,N,A,-,N,,,,,,,,,,Y,3,0,1,2,A,-,01,23152,A,N,A,C,A,A,H,-,C,D,0,,,,,Y,Y,A,07,0,1,0,0,0,0,0,0,0,"- ","- ",37.313430786132812,-122.06884765625,"SANTA CLARA",CUPERTINO,-122.06870269775391,37.313552856445312
9632928,2023,2023-11-21,4300,2023-07-17,1400,2374,C9,1,5,5,4303,0,0,0,,0,81C9,"BOLLINGER RD","DE ANZA BL",0.00,,Y,A,-,N,,,,,,,,,,,3,0,1,2,A,-,10,21950,A,N,G,B,B,A,H,-,A,A,0,Y,,,,Y,,A,01,0,1,0,0,1,0,0,0,0,"- ","- ",37.312278747558594,-122.03224945068359,"SANTA CLARA",CUPERTINO,,
9633052,2023,2023-11-30,4300,2023-03-14,1522,1680,C9,2,5,5,4303,0,0,0,,0,74C2,"BANDLEY DR","VALLEY GREEN DR",8.00,S,N,B,-,N,,,,,,,,,,N,4,0,2,2,A,-,03,22350,,N,C,C,A,A,H,-,A,A,0,,,,,Y,,A,01,0,0,2,0,0,0,0,0,0,"- ","- ",37.332199096679688,-122.03465270996094,"SANTA CLARA",CUPERTINO,-122.03469848632812,37.332309722900391
9633060,2023,2023-11-30,4300,2023-04-24,1510,2184,C9,1,5,5,4303,0,0,0,,0,74L4,"TILSON AV","TANTAU AV",4.00,W,N,A,-,N,,,,,,,,,,N,3,0,1,1,A,-,03,22350,,N,F,-,A,A,A,-,A,D,0,,Y,,,Y,,L,04,0,1,0,0,0,0,1,0,0,"- ","- ",37.314350128173828,-122.00843048095703,"SANTA CLARA",CUPERTINO,-122.00699615478516,37.316524505615234
9633523,2023,2023-11-29,4313,2023-10-16,2355,4492,SAM,1,5,7,4313,0,0,0,,0,006,"W ALMA AV","SANBORN AV",19.00,W,N,A,-,N,,,,,,,,,,Y,2,0,1,2,A,-,03,22350,,F,B,B,A,A,H,-,C,A,0,,,Y,,Y,Y,A,01,1,0,0,0,0,0,0,0,1,"- ","- ",37.185470581054688,-121.52326202392578,"SANTA CLARA","SAN JOSE",-121.87574768066406,37.315155029296875
9633617,2023,2023-11-07,4313,2023-10-02,"845 ",5014,CENTR,1,5,7,4313,0,0,0,,0,0E4,"E SANTA CLARA ST","S 19TH ST",0.00,,Y,A,-,N,,,,,,,,,,N,4,0,1,2,A,-,"- ",,,N,A,B,B,A,H,-,A,A,0,Y,,,,Y,,-,,0,0,1,0,1,0,0,0,0,"- ","- ",37.2041015625,-121.52213287353516,"SANTA CLARA","SAN JOSE",,
9634005,2023,2024-01-05,4310,2023-12-21,"612 ",264,43635,4,5,4,4310,0,0,0,,0,,"MAIN AV","PEAK AV",0.00,,Y,B,-,N,,,,,,,,,,N,4,0,1,2,A,-,10,21950,A,N,G,B,B,B,H,-,C,D,0,Y,,,,Y,,I,11,0,0,1,0,1,0,0,0,0,"- ","- ",37.119869232177734,-121.66895294189453,"SANTA CLARA","MORGAN HILL",,
9634881,2023,2024-01-23,4304,2023-11-07,1215,203,4304,2,5,4,4304,0,0,0,,0,003,"WELBURN AV","WAYLAND LN",0.00,,Y,A,-,N,,,,,,,,,,Y,4,0,2,2,A,-,09,21802,A,N,D,C,A,A,H,-,A,A,0,,,,,Y,,A,07,0,0,2,0,0,0,0,0,0,"- ","- ",,,"SANTA CLARA",GILROY,,
9636111,2023,2024-02-16,4304,2023-11-16,1812,236,4304,4,5,4,4304,0,0,0,,0,,"1ST ST","CARMEL ST",21.00,N,N,A,-,Y,SCL,4,152,-,-,8.990,I,5,E,N,4,0,3,2,A,-,09,21802,A,N,D,C,A,A,H,-,C,D,0,,,,,Y,,D,22,0,0,3,0,0,0,0,0,0,"- ","- ",,,"SANTA CLARA",GILROY,-121.58025360107422,37.013401031494141
9636113,2023,2024-01-09,4304,2023-11-11,1613,237,4304,6,5,4,4304,0,0,0,,0,002,"3RD ST","REA ST",0.00,,Y,A,-,N,,,,,,,,,,N,4,0,1,2,A,-,08,22107,,N,D,C,A,A,H,-,A,D,0,,,,,Y,,A,07,0,0,1,0,0,0,0,0,0,"- ","- ",,,"SANTA CLARA",GILROY,,
9636342,2023,2023-11-15,4304,2023-10-02,"444 ",234,4304,1,5,4,4304,0,0,0,,0,003,"CHURCH ST","MANTELLI DR",0.00,,Y,A,-,N,,,,,,,,,,N,4,0,2,2,A,-,12,22450,,N,D,C,A,A,H,-,C,A,0,,,,,Y,,A,01,0,0,2,0,0,0,0,0,0,"- ","- ",,,"SANTA CLARA",GILROY,,
9636546,2023,2023-11-21,4300,2023-06-19,1136,2394,C9,1,5,5,4303,0,0,0,,0,71C9,"STEVENS CREEK BL","MILLER AV",85.00,S,N,A,-,N,,,,,,,,,,Y,3,0,1,3,C,-,18,,,N,H,E,A,A,H,-,A,A,0,,,,,Y,,-,"- ",0,1,0,0,0,0,0,0,0,"- ","- ",37.322860717773438,-122.0142822265625,"SANTA CLARA",CUPERTINO,-122.01428985595703,37.322868347167969
9636587,2023,2023-11-20,4300,2023-09-13,2100,2221,C3,3,5,5,4303,0,0,0,,0,91C5,"DE ANZA BL","HOMESTEAD RD",0.00,,Y,A,-,N,,,,,,,,,,Y,3,0,3,2,A,-,09,21453,C,N,D,C,A,A,H,-,C,A,0,,,,,Y,,A,01,0,1,2,0,0,0,0,0,0,"- ","- ",37.337718963623047,-122.03235626220703,"SANTA CLARA",CUPERTINO,,
9637108,2023,2023-12-11,4300,2023-02-18,1502,2095,S4,6,5,4,4315,0,0,0,,0,74C5,"CONGRESS SPRINGS RD","CONGRESS SPRINGS LN",424.00,N,N,A,-,Y,SCL,4,9,-,R,5.940,H,-,S,Y,1,1,0,2,A,-,03,22350,,N,D,C,A,A,H,-,A,D,0,,,Y,,Y,,C,02,0,0,0,0,0,0,0,1,0,"- ","- ",37.251899719238281,-122.05609893798828,"SANTA CLARA",SARATOGA,-122.05451202392578,37.251731872558594
9637129,2023,2023-12-01,4300,2023-08-04,1158,2203,S6,5,5,4,4315,0,0,0,,0,74S4,"SARATOGA LOS GATOS RD","MENDELSOHN LN",22.00,S,N,A,-,Y,SCL,4,9,-,-,8.360,H,-,S,Y,4,0,1,1,A,-,08,22107,,N,E,I,A,A,H,-,A,D,0,,,,,Y,,A,01,0,0,1,0,0,0,0,0,0,"- ","- ",37.250350952148438,-122.01999664306641,"SANTA CLARA",SARATOGA,-122.02000427246094,37.250343322753906
9637504,2023,2024-02-16,4311,2023-10-15,1246,57193,5310,7,5,5,4311,0,0,0,,0,MV1,"WEST EL CAMINO REAL","BONITA AV",240.00,E,N,A,-,Y,SCL,4,82,-,-,19.690,H,-,S,Y,4,0,1,2,A,-,03,22350,,N,C,C,A,A,H,-,A,D,0,,,,,Y,,A,01,0,0,1,0,0,0,0,0,0,"- ","- ",37.383579254150391,-122.08017730712891,"SANTA CLARA","MOUNTAIN VIEW",-122.08115386962891,37.384304046630859
9640553,2023,2024-06-26,4313,2023-01-27,"417 ",4937,YELLO,5,5,7,4313,0,0,0,,0,0Y3,"COTTLE RD","BLOSSOM HILL ONRAMP",0.00,,Y,A,-,N,,,,,,,,,,Y,1,2,1,1,A,-,00,23153,G,N,A,I,A,A,H,-,C,A,0,,,,,Y,,A,01,1,0,0,0,0,0,0,0,0,"- ","- ",,,"SANTA CLARA","SAN JOSE",,
9640561,2023,2024-06-24,4313,2023-09-02,2100,5023,SANTA,6,5,7,4313,0,0,0,,0,0N5,"SOUTH WINCHESTER BL","GREENTREE WY",22.00,N,N,A,-,N,,,,,,,,,,Y,1,1,0,2,A,-,03,22350,,N,G,B,-,A,H,-,C,D,0,Y,,,,Y,,-,,0,0,0,1,0,0,0,0,0,"- ","- ",,,"SANTA CLARA","SAN JOSE",-121.94996643066406,37.305789947509766
9640585,2022,2024-06-12,4313,2022-07-28,0800,3643,TOM,4,5,7,4313,0,0,0,,0,0T2,"CURTNER AV","BRIARWOOD DR",0.00,,Y,A,-,N,,,,,,,,,,,1,1,1,2,A,-,01,23152,,N,D,C,A,A,H,-,A,A,0,,,Y,,Y,,A,01,0,0,1,0,0,0,0,1,0,"- ","- ",37.165580749511719,-121.54293823242188,"SANTA CLARA","SAN JOSE",-121.90811157226562,37.282157897949219
9640650,2023,2024-07-03,4313,2023-08-13,"514 ",4963,CHARL,7,5,7,4313,0,0,0,,0,0C6,"STORY RD","MORAES CT",0.00,,Y,A,-,N,,,,,,,,,,Y,1,1,0,5,A,-,"- ",,,N,C,E,A,A,H,-,C,A,0,,,,,Y,,A,01,0,0,0,0,0,0,0,0,0,"- ","- ",,,"SANTA CLARA","SAN JOSE",,
9640801,2023,2024-08-07,4313,2023-03-22,1826,4638,CENTR,3,5,7,4313,0,0,0,,0,0K3,"E SANTA CLARA ST","N 10TH ST",0.00,,Y,B,-,N,,,,,,,,,,Y,1,1,0,2,A,-,12,21453,A,F,G,B,B,A,H,-,A,A,0,Y,,,,Y,,A,01,0,0,0,1,0,0,0,0,0,"- ","- ",,,"SANTA CLARA","SAN JOSE",,
9640811,2023,2024-07-31,4313,2023-12-18,1805,4585,DY,1,5,7,4313,0,0,0,,0,0Y4,"6223 SANTA TERESA BL","SANTA TERESA BL",3.00,S,N,B,C,N,,,,,,,,,,N,1,1,0,2,A,-,09,21804,,N,G,B,C,B,H,-,B,D,0,Y,,,,Y,Y,A,01,0,0,0,1,0,0,0,0,0,"- ","- ",,,"SANTA CLARA","SAN JOSE",,
9640812,2023,2024-07-31,4302,2023-12-18,1304,77,4302,1,5,4,4302,0,0,0,,0,002,"SAN TOMAS EXPWY","BUDD AV",0.00,N,N,C,-,N,,,,,,,,,,N,1,2,0,1,A,-,03,22350,,N,E,I,A,B,H,-,A,D,0,,,,,Y,,A,01,0,0,0,0,0,0,0,0,0,"- ","- ",,,"SANTA CLARA",CAMPBELL,-121.95716094970703,37.279853820800781
9640827,2023,2024-08-02,4313,2023-10-22,"103 ",5081,FOOTH,7,5,7,4313,0,0,0,,0,0M2,"N JACKSON AV","ALEXIAN DR",275.00,S,N,A,-,N,,,,,,,,,,Y,1,1,1,2,A,-,09,21801,A,N,D,C,A,A,H,-,C,A,0,,,Y,,Y,Y,D,22,0,1,0,0,0,0,0,1,0,"- ","- ",37.213920593261719,-121.50453948974609,"SANTA CLARA","SAN JOSE",-121.84532165527344,37.360282897949219
9641762,2023,2023-12-13,4313,2023-10-14,2004,4715,WESTE,6,5,7,4313,0,0,0,,0,0L1,"KEYES ST","S 11TH ST",13.00,W,N,A,-,N,,,,,,,,,,N,2,0,1,2,A,-,05,21650,,N,A,-,A,A,H,-,C,A,0,,Y,,,Y,,L,04,1,0,0,0,0,0,1,0,0,"- ","- ",,,"SANTA CLARA","SAN JOSE",-121.86779022216797,37.324703216552734
9641778,2023,2023-12-13,4313,2023-10-27,"813 ",5007,ADAM,5,5,7,4313,0,0,0,,0,0A3,"SANCHEZ DR","BLOSSOM HILL RD",0.00,,Y,A,-,N,,,,,,,,,,Y,4,0,1,3,A,-,12,21453,,N,A,C,A,A,H,-,A,A,0,,,,,Y,,A,01,0,0,1,0,0,0,0,0,0,"- ","- ",,,"SANTA CLARA","SAN JOSE",,
9641785,2023,2023-12-13,4313,2023-10-19,1158,3500,DISTR,4,5,7,4313,0,0,0,,0,0R1,"JUNCTION AV","DADO ST",0.00,,Y,A,-,N,,,,,,,,,,Y,4,0,2,2,A,-,09,21804,A,N,A,C,A,-,-,-,A,A,0,,,,,Y,,-,,0,0,2,0,0,0,0,0,0,"- ","- ",,,"SANTA CLARA","SAN JOSE",,
9641788,2023,2023-12-13,4313,2023-10-19,1908,4860,DS,4,5,7,4313,0,0,0,,0,0S4,"LINCOLN AV","WILLOW ST",0.00,,Y,A,-,N,,,,,,,,,,N,3,0,1,2,A,-,"- ",,,N,H,G,A,A,H,-,A,A,0,,Y,,,Y,,L,04,0,1,0,0,0,0,1,0,0,"- ","- ",37.183040618896484,-121.54403686523438,"SANTA CLARA","SAN JOSE",,
9641795,2023,2023-12-13,4313,2023-10-31,"537 ",4809,TOM,2,5,7,4313,0,0,0,,0,0T2,"CURTNER AV","FROBISHER WY",400.00,,N,A,-,N,,,,,,,,,,Y,3,0,1,1,A,-,03,22350,,N,F,I,A,A,H,-,C,D,0,,,,,Y,,-,,0,1,0,0,0,0,0,0,0,"- ","- ",,,"SANTA CLARA","SAN JOSE",,
9642741,2023,2023-12-04,4300,2023-06-19,1441,1680,C7,1,5,5,4303,0,0,0,,0,74C2,"MC CLELLAN RD","BUBB RD",51.00,E,N,A,-,N,,,,,,,,,,N,4,0,1,2,A,-,03,22350,,N,C,C,A,A,H,-,A,A,0,,,,,Y,,A,08,0,0,1,0,0,0,0,0,0,"- ","- ",37.315460205078125,-122.05049896240234,"SANTA CLARA",CUPERTINO,-122.05030822753906,37.315597534179688
9642743,2023,2023-12-04,4300,2023-06-19,1054,1680,C7,1,5,5,4303,0,0,0,,0,74C2,"PALM AV","PALO VISTA RD",173.00,W,N,A,-,N,,,,,,,,,,N,2,0,1,1,A,-,03,22350,,N,F,-,A,A,H,-,A,D,0,,Y,,,Y,,L,04,1,0,0,0,0,0,1,0,0,"- ","- ",37.316898345947266,-122.06622314453125,"SANTA CLARA",CUPERTINO,-122.06679534912109,37.316783905029297
9642747,2023,2023-12-04,4300,2023-06-21,2032,2364,C3,3,5,5,4303,0,0,0,,0,81C1,"HOMESTEAD RD","FRANCO CT",0.00,,Y,A,-,N,,,,,,,,,,Y,3,0,1,2,A,-,12,21453,A,N,D,C,A,A,H,-,C,A,0,,,,,Y,,A,01,0,1,0,0,0,0,0,0,0,"- ","- ",37.337429046630859,-122.03662109375,"SANTA CLARA",CUPERTINO,,
9642748,2023,2023-12-04,4300,2023-06-17,2154,1882,C9,6,5,5,4303,0,0,0,,0,89C5,"DE ANZA BL","STEVENS CREEK BL",85.00,S,N,A,-,N,,,,,,,,,,N,4,0,1,2,A,-,03,22350,,N,C,C,A,A,H,-,C,A,0,,,,,Y,,A,01,0,0,1,0,0,0,0,0,0,"- ","- ",37.322830200195312,-122.03205871582031,"SANTA CLARA",CUPERTINO,-122.03240203857422,37.322799682617188
9642753,2023,2023-12-05,4300,2023-06-06,1730,2319,S7,2,5,4,4315,0,0,0,,0,81S5,"ALLENDALE AV","PORTOS DR",78.00,E,N,A,-,N,,,,,,,,,,N,2,0,1,2,A,-,08,22107,,F,H,C,A,A,H,-,B,D,0,,,,,Y,,A,01,1,0,0,0,0,0,0,0,0,"- ","- ",37.2677001953125,-122.00556182861328,"SANTA CLARA",SARATOGA,-122.00527191162109,37.267745971679688
9643207,2023,2023-11-27,4300,2023-05-06,1219,2394,C9,6,5,5,4303,0,0,0,,0,71C9,"DE ANZA BL","BOLLINGER RD",0.00,,Y,-,-,N,,,,,,,,,,Y,3,0,3,2,A,-,09,21804,A,N,C,C,A,A,H,-,A,D,0,,,,,Y,,A,07,0,3,0,0,0,0,0,0,0,"- ","- ",37.312278747558594,-122.03224945068359,"SANTA CLARA",CUPERTINO,,
9643209,2023,2023-11-27,4300,2023-05-01,"939 ",1680,C7,1,5,5,4303,0,0,0,,0,74C2,"OROGRANDE PL","OBSIDIAN CT",68.00,E,N,A,-,N,,,,,,,,,,N,4,0,1,2,A,-,03,22350,,N,G,B,D,A,H,-,A,D,0,Y,,,,Y,,A,01,0,0,1,0,1,0,0,0,0,"- ","- ",37.308441162109375,-122.04290771484375,"SANTA CLARA",CUPERTINO,-122.04253387451172,37.30828857421875