CASE_ID,ACCIDENT_YEAR,PROC_DATE,JURIS,COLLISION_DATE,COLLISION_TIME,OFFICER_ID,REPORTING_DISTRICT,DAY_OF_WEEK,CHP_SHIFT,POPULATION,CNTY_CITY_LOC,SPECIAL_COND,BEAT_TYPE,CHP_BEAT_TYPE,CITY_DIVISION_LAPD,CHP_BEAT_CLASS,BEAT_NUMBER,PRIMARY_RD,SECONDARY_RD,DISTANCE,DIRECTION,INTERSECTION,WEATHER_1,WEATHER_2,STATE_HWY_IND,CALTRANS_COUNTY,CALTRANS_DISTRICT,STATE_ROUTE,ROUTE_SUFFIX,POSTMILE_PREFIX,POSTMILE,LOCATION_TYPE,RAMP_INTERSECTION,SIDE_OF_HWY,TOW_AWAY,COLLISION_SEVERITY,NUMBER_KILLED,NUMBER_INJURED,PARTY_COUNT,PRIMARY_COLL_FACTOR,PCF_CODE_OF_VIOL,PCF_VIOL_CATEGORY,PCF_VIOLATION,PCF_VIOL_SUBSECTION,HIT_AND_RUN,TYPE_OF_COLLISION,MVIW,PED_ACTION,ROAD_SURFACE,ROAD_COND_1,ROAD_COND_2,LIGHTING,CONTROL_DEVICE,CHP_ROAD_TYPE,PEDESTRIAN_ACCIDENT,BICYCLE_ACCIDENT,MOTORCYCLE_ACCIDENT,TRUCK_ACCIDENT,NOT_PRIVATE_PROPERTY,ALCOHOL_INVOLVED,STWD_VEHTYPE_AT_FAULT,CHP_VEHTYPE_AT_FAULT,COUNT_SEVERE_INJ,COUNT_VISIBLE_INJ,COUNT_COMPLAINT_PAIN,COUNT_PED_KILLED,COUNT_PED_INJURED,COUNT_BICYCLIST_KILLED,COUNT_BICYCLIST_INJURED,COUNT_MC_KILLED,COUNT_MC_INJURED,PRIMARY_RAMP,SECONDARY_RAMP,LATITUDE,LONGITUDE,COUNTY,CITY,POINT_X,POINT_Y
81871574,2022,2022-09-23,4316,2022-07-28,0827,17694,62,4,5,6,4316,0,0,0,,0,006,"SUNNYVALE SARATOGA ROAD","FREMONT AVENUE",0.00,,Y,A,-,N,,,,,,,,,,N,4,0,1,2,A,-,08,22100,A,N,B,G,A,A,H,-,A,A,0,,Y,,,Y,,A,01,0,0,1,0,0,0,1,0,0,"- ","- ",,,"SANTA CLARA",SUNNYVALE,-122.03244781494141,37.352062225341797
81872960,2022,2022-09-26,4316,2022-08-26,1452,16913,33,5,5,6,4316,0,0,0,,0,003,"HOLLENBECK AVENUE","EL CAMINO REAL",0.00,,Y,A,-,Y,,,,,,,,,,N,3,0,2,2,A,-,12,21453,A,N,D,C,A,A,H,-,A,A,0,,,,,Y,,A,01,0,1,1,0,0,0,0,0,0,"- ","- ",,,"SANTA CLARA",SUNNYVALE,-122.04090881347656,37.370006561279297
81872962,2022,2022-09-26,4316,2022-09-06,1855,17027,,2,5,6,4316,0,0,0,,0,,"EL CAMINO REAL","MATHILDA AVENUE",48.00,W,N,A,-,Y,,,,,,,,,,N,4,0,1,2,A,-,08,22108,,N,B,C,A,A,H,-,A,A,0,,,,,Y,,A,01,0,0,1,0,0,0,0,0,0,"- ","- ",,,"SANTA CLARA",SUNNYVALE,-122.03720855712891,37.369239807128906
81874018,2022,2022-09-27,4314,2022-09-13,1526,H6702,,2,5,6,4314,0,0,0,,0,,"HARRISON ST","JACKSON ST",0.00,,Y,A,-,N,,,,,,,,,,N,3,0,1,2,A,-,09,21801,A,N,D,C,A,A,H,-,A,D,0,,,,,Y,,A,01,0,1,0,0,0,0,0,0,0,"- ","- ",37.351558685302734,-121.94856262207031,"SANTA CLARA","SANTA CLARA",-121.94850921630859,37.35174560546875
81876188,2022,2022-09-29,4316,2022-09-03,1156,16080,61,6,5,6,4316,0,0,0,,0,006,"EL CAMINO REAL","CEZANNE DRIVE",459.00,E,N,A,-,Y,,,,,,,,,,N,4,0,1,3,A,-,03,22350,,N,D,E,A,A,H,-,A,D,0,,,,,Y,,A,01,0,0,1,0,0,0,0,0,0,"- ","- ",,,"SANTA CLARA",SUNNYVALE,-122.02764129638672,37.36407470703125
81878415,2022,2022-09-30,4314,2022-09-09,1245,M8600,,5,5,6,4314,0,0,0,,0,,"MONROE ST","HARRISON ST",0.00,,Y,A,-,N,,,,,,,,,,N,4,0,1,2,A,-,12,22450,A,N,D,C,A,A,H,-,A,A,0,,,,,Y,,A,01,0,0,1,0,0,0,0,0,0,"- ","- ",37.351158142089844,-121.94973754882812,"SANTA CLARA","SANTA CLARA",-121.94971466064453,37.351295471191406
81881166,2022,2022-10-04,4314,2022-09-30,1600,D3648,,5,5,6,4314,0,0,0,,0,001,"LAWRENCE EXPY","EL CAMINO REAL TO LAWRENCE SB RAMP",929.00,S,N,A,-,N,,,,,,,,,,Y,3,0,1,2,A,-,04,21703,,N,C,C,A,A,H,-,A,D,0,,,,,Y,,A,07,0,1,0,0,0,0,0,0,0,"- ","- ",37.349071502685547,-121.99587249755859,"SANTA CLARA","SANTA CLARA",-121.99637603759766,37.352054595947266
81884623,2022,2022-10-07,4314,2022-08-24,1556,M8600,,3,5,6,4314,0,0,0,,0,,"PRUNERIDGE AVE","WINCHESTER BLVD",80.00,W,N,A,-,N,,,,,,,,,,N,4,0,1,2,A,-,09,21804,A,M,D,C,A,A,H,-,A,D,0,,,Y,,Y,,-,99,0,0,1,0,0,0,0,0,1,"- ","- ",37.329910278320312,-121.95027160644531,"SANTA CLARA","SANTA CLARA",-121.95050811767578,37.329959869384766
81884632,2022,2022-10-07,4314,2022-09-24,1530,S2046,,6,5,6,4314,0,0,0,,0,,"HOMESTEAD RD","BING DR",0.00,,Y,A,-,N,,,,,,,,,,Y,3,0,2,2,A,-,09,21801,A,N,D,D,A,A,H,-,A,A,0,,,,,Y,,A,01,0,1,1,0,0,0,0,0,0,"- ","- ",37.337921142578125,-121.99289703369141,"SANTA CLARA","SANTA CLARA",-121.99291229248047,37.337833404541016
81886809,2022,2022-10-11,4302,2022-09-02,1750,L138,4302,5,5,4,4302,0,0,0,,0,002,"VIRGINIA AVE","FIRE HYDRANT #E001116 ON WEST CURB LINE OF VIRGINI",177.00,S,N,A,-,N,,,,,,,,,,Y,3,0,1,4,A,-,03,22350,,N,C,E,A,A,H,-,A,D,0,,,,,Y,,A,01,0,1,0,0,0,0,0,0,0,"- ","- ",,,"SANTA CLARA",CAMPBELL,,
81886813,2022,2022-10-11,4302,2022-09-15,1715,123,4302,4,5,4,4302,0,0,0,,0,001,"CAMPBELL AVE","DILLON AVE",0.00,,Y,A,-,N,,,,,,,,,,N,3,0,1,2,A,-,09,21801,A,N,D,C,A,A,H,-,A,D,0,,,,,Y,,A,01,0,1,0,0,0,0,0,0,0,"- ","- ",,,"SANTA CLARA",CAMPBELL,-121.94078063964844,37.287082672119141
81888987,2022,2022-10-13,4314,2022-09-16,1818,M8600,,5,5,6,4314,0,0,0,,0,,"LEWIS ST","JACKSON ST",0.00,,Y,A,-,N,,,,,,,,,,N,4,0,1,2,A,-,09,21802,A,N,A,C,A,A,H,-,B,D,0,,,,,Y,,A,01,0,0,1,0,0,0,0,0,0,"- ","- ",37.352508544921875,-121.94905853271484,"SANTA CLARA","SANTA CLARA",-121.94905853271484,37.352718353271484
81890095,2022,2022-10-14,4314,2022-09-16,1730,M8600,,5,5,6,4314,0,0,0,,0,,"WINCHESTER BLVD","WORTHINGTON COURT",200.00,S,N,A,-,N,,,,,,,,,,N,4,0,1,2,A,-,03,22350,,N,C,C,A,A,H,-,A,D,0,,,,,Y,,A,01,0,0,1,0,0,0,0,0,0,"- ","- ",37.327308654785156,-121.9503173828125,"SANTA CLARA","SANTA CLARA",-121.95020294189453,37.326400756835938
81890101,2022,2022-10-14,4314,2022-09-26,1237,R0514,43471,1,5,6,4314,0,0,0,,0,002,"LOS PADRES BLVD","SERRA AVE",0.00,,Y,A,-,N,,,,,,,,,,N,3,0,1,2,A,-,09,21802,A,N,D,C,A,A,H,-,A,A,0,,,,,Y,,A,01,0,1,0,0,0,0,0,0,0,"- ","- ",37.340129852294922,-121.96285247802734,"SANTA CLARA","SANTA CLARA",-121.9630126953125,37.340000152587891
81890104,2022,2022-10-14,4314,2022-10-04,1503,M8600,,2,5,6,4314,0,0,0,,0,,"BENTON ST","MONROE ST",0.00,,Y,A,-,N,,,,,,,,,,N,3,0,1,2,A,-,10,21950,A,N,G,B,B,A,H,-,A,A,0,Y,,,,Y,,A,07,0,1,0,0,1,0,0,0,0,"- ","- ",37.349250793457031,-121.94870758056641,"SANTA CLARA","SANTA CLARA",-121.94866180419922,37.349433898925781
81890915,2022,2022-10-17,4314,2022-10-13,1719,R0514,43471,4,5,6,4314,0,0,0,,0,005,"MONROE ST","LOS PADRES BLVD",0.00,,Y,A,-,N,,,,,,,,,,N,4,0,1,2,A,-,12,21453,A,N,A,C,A,A,H,-,A,A,0,,,,,Y,,A,01,0,0,1,0,0,0,0,0,0,"- ","- ",37.361831665039062,-121.96399688720703,"SANTA CLARA","SANTA CLARA",-121.96430206298828,37.362430572509766
81891842,2022,2022-10-17,4307,2022-09-23,0053,S108,LG305,5,5,4,4307,0,0,0,,0,003,"N SANTA CRUZ AVE","CURBLINE-EXTENSION OF BACHMAN AVE",73.00,S,-,A,-,N,,,,,,,,,,Y,3,0,1,1,A,-,01,23152,A,N,E,J,A,A,H,-,C,D,0,,,,,Y,Y,A,01,0,1,0,0,0,0,0,0,0,"- ","- ",37.227149963378906,-121.98178100585938,"SANTA CLARA","LOS GATOS",,
81894780,2022,2022-10-20,4316,2022-09-29,1809,16847,25,4,5,6,4316,0,0,0,,0,002,"FAIRWOOD AVENUE","SANDIA AVENUE",11.00,S,N,A,-,N,,,,,,,,,,Y,4,0,3,3,A,-,12,22450,A,N,D,C,A,A,H,-,A,D,0,,,,,Y,,A,01,0,0,3,0,0,0,0,0,0,"- ","- ",,,"SANTA CLARA",SUNNYVALE,-121.99143218994141,37.395732879638672
81896706,2022,2022-10-24,4314,2022-10-17,0913,M5934,43471,1,5,6,4314,0,0,0,,0,006,"AGNEW RD","SAN TOMAS AQUINO CREEK",0.00,,Y,A,-,N,,,,,,,,,,N,3,0,1,2,A,-,11,21453,D,N,D,G,A,A,H,-,A,A,0,,Y,,,Y,,L,04,0,1,0,0,0,0,1,0,0,"- ","- ",,,"SANTA CLARA","SANTA CLARA",-121.96942138671875,37.389995574951172
81898244,2022,2022-10-25,4314,2022-10-09,0757,C7089,43471,7,5,6,4314,0,0,0,,0,003,"EL CAMINO REAL TO DE LA CRUZ RAMP","DE LA CRUZ BLVD",176.00,W,N,B,-,N,,,,,,,,,,Y,2,0,1,1,A,-,03,22350,,N,F,I,A,A,H,-,A,D,0,,,,,Y,,A,07,1,0,0,0,0,0,0,0,0,"- ","- ",37.359790802001953,-121.94109344482422,"SANTA CLARA","SANTA CLARA",-121.94077301025391,37.378273010253906
81910834,2022,2022-11-07,4316,2022-08-21,0202,17163,12,7,5,4,4302,0,0,0,,0,001,"CARIBBEAN DRIVE","BORREGAS AVENUE",120.00,W,N,A,-,N,,,,,,,,,,Y,2,0,1,1,A,-,01,23152,A,N,E,I,A,A,H,-,C,D,0,,,,,Y,Y,A,01,1,0,0,0,0,0,0,0,0,"- ","- ",,,"SANTA CLARA",CAMPBELL,-122.01670837402344,37.417079925537109
81910839,2022,2022-11-07,4316,2022-09-26,0720,16964,25,1,5,6,4316,0,0,0,,0,002,"LAWRENCE EXPRESSWAY","RAMP LAW SB N101",0.00,,Y,A,-,Y,,,,,,,,,,Y,4,0,1,2,A,-,11,21453,D,N,A,C,A,A,H,-,A,A,0,,,,,Y,,A,01,0,0,1,0,0,0,0,0,0,"- ","- ",,,"SANTA CLARA",SUNNYVALE,,
81910844,2022,2022-11-07,4316,2022-10-21,0558,17098,,5,5,6,4316,0,0,0,,0,,"LAWRENCE EXPRESSWAY","KIFER ROAD",938.00,S,N,A,-,Y,,,,,,,,,,N,3,0,1,2,B,-,22,,,N,H,G,A,A,H,-,C,D,0,,Y,,,Y,,A,07,0,1,0,0,0,0,1,0,0,"- ","- ",,,"SANTA CLARA",SUNNYVALE,-121.996337890625,37.371364593505859
81911202,2022,2022-11-07,4307,2022-09-24,1035,S109,LG105,6,5,4,4307,0,0,0,,0,001,"OAK MEADOW PARK PARKING LOT","TREE # 2716",31.00,S,-,A,-,N,,,,,,,,,,N,3,0,1,2,B,-,22,,,F,G,B,E,A,H,-,A,D,0,Y,,,,Y,,A,01,0,1,0,0,1,0,0,0,0,"- ","- ",,,"SANTA CLARA","LOS GATOS",,
81911948,2022,2022-11-08,4314,2022-10-28,0309,C4337,43471,5,5,6,4314,0,0,0,,0,001,"LAWRENCE EXPY","EL CAMINO REAL",10.00,S,N,A,-,Y,SCL,,82,,,14.334,H,,L,Y,2,0,1,2,A,-,11,21453,D,N,D,C,A,A,H,-,C,A,0,,,Y,,Y,,O,05,1,0,0,0,0,0,0,0,1,"- ","- ",37.352218627929688,-121.99626922607422,"SANTA CLARA","SANTA CLARA",-121.99626922607422,37.352188110351562
81911954,2022,2022-11-08,4314,2022-11-06,0331,V8291,43471,7,5,6,4314,0,0,0,,0,003,"SCOTT BLVD","MONROE ST",96.00,S,N,A,-,N,,,,,,,,,,Y,4,0,1,1,A,-,01,23152,B,N,E,I,A,B,H,-,C,A,0,,,,,Y,Y,A,01,0,0,1,0,0,0,0,0,0,"- ","- ",37.360939025878906,-121.95941162109375,"SANTA CLARA","SANTA CLARA",-121.95957183837891,37.360736846923828
81913291,2022,2022-11-09,4316,2022-10-17,1138,16987,62,1,5,6,4316,0,0,0,,0,006,"FREMONT AVENUE","SUNNYVALE SARATOGA ROAD",42.00,W,N,A,-,N,,,,,,,,,,N,3,0,1,1,A,-,08,22107,,N,E,I,A,A,H,-,A,D,0,,,,,Y,,A,01,0,1,0,0,0,0,0,0,0,"- ","- ",,,"SANTA CLARA",SUNNYVALE,-122.0325927734375,37.352058410644531
81913320,2022,2022-11-09,4314,2022-10-28,0814,S2046,,5,5,6,4314,0,0,0,,0,,"PRUNERIDGE AVE","GENEVA DR",0.00,,Y,A,-,N,,,,,,,,,,N,4,0,2,2,A,-,03,22350,,N,C,C,A,A,H,-,A,D,0,,,,,Y,,A,01,0,0,2,0,0,0,0,0,0,"- ","- ",37.331348419189453,-121.99134826660156,"SANTA CLARA","SANTA CLARA",-121.99095916748047,37.331611633300781
81913325,2022,2022-11-09,4314,2022-11-02,0950,S4678,,3,5,6,4314,0,0,0,,0,005,"MARTIN AVE","DE LA CRUZ BLVD",1112.00,W,N,B,-,N,,,,,,,,,,Y,4,0,1,3,A,-,12,22451,A,N,H,F,A,A,H,-,A,A,0,,,,,Y,,A,01,0,0,1,0,0,0,0,0,0,"- ","- ",37.366539001464844,-121.94126892089844,"SANTA CLARA","SANTA CLARA",-121.94528961181641,37.366481781005859
81919807,2022,2022-11-17,4316,2022-10-20,1153,16987,12,4,5,6,4316,0,0,0,,0,,"MATHILDA AVENUE","MAUDE AVENUE",0.00,,Y,A,-,N,,,,,,,,,,N,3,0,1,2,A,-,12,21453,A,N,D,G,A,A,H,-,A,A,0,,Y,,,Y,,L,04,0,1,0,0,0,0,1,0,0,"- ","- ",,,"SANTA CLARA",SUNNYVALE,-122.03057861328125,37.38970947265625
81922050,2022,2022-11-21,4316,2022-10-27,1645,16372,32,4,5,6,4316,0,0,0,,0,003,"BERNARDO AVENUE","WASHINGTON AVENUE",0.00,,Y,A,-,N,,,,,,,,,,Y,3,0,2,2,A,-,09,21801,A,N,A,C,A,A,H,-,A,A,0,,,,,Y,,A,01,0,2,0,0,0,0,0,0,0,"- ","- ",,,"SANTA CLARA",SUNNYVALE,-122.05403137207031,37.380680084228516
81922630,2022,2022-11-21,4316,2022-09-23,0820,16553,62,5,5,6,4316,0,0,0,,0,006,"HOMESTEAD ROAD","BLUE JAY DRIVE",5.00,E,N,A,-,N,,,,,,,,,,N,3,0,1,2,D,-,00,,,N,G,B,B,A,H,-,A,A,0,Y,,,,Y,,-,"- ",0,1,0,0,1,0,0,0,0,"- ","- ",,,"SANTA CLARA",SUNNYVALE,-122.02894592285156,37.337619781494141
81922631,2022,2022-11-21,4316,2022-10-07,0738,15234,4,5,5,6,4316,0,0,0,,0,004,HELEN,"EL CAMINO REAL",863.00,N,Y,A,-,N,,,,,,,,,,Y,4,0,1,2,A,-,08,22107,,N,C,E,A,A,H,-,A,D,0,,,,,Y,,A,01,0,0,1,0,0,0,0,0,0,"- ","- ",,,"SANTA CLARA",SUNNYVALE,-122.00101470947266,37.354721069335938
81923107,2022,2022-11-21,4307,2022-09-16,1617,S094,LG300,5,5,4,4307,0,0,0,,0,003,"W MAIN ST","COLLEGE AVE",100.00,W,-,A,-,N,,,,,,,,,,N,4,0,1,2,A,-,"- ",,,N,H,H,D,A,H,-,A,D,0,Y,,,,Y,,N,60,0,0,1,0,1,0,0,0,0,"- ","- ",37.222061157226562,-121.98287200927734,"SANTA CLARA","LOS GATOS",-121.98121643066406,37.221305847167969
81925991,2022,2022-11-24,4314,2022-10-25,1800,S4355,43471,2,5,6,4314,0,0,0,,0,001,"HOMESTEAD RD","WOODHAMS RD",0.00,,Y,A,-,N,,,,,,,,,,N,2,0,1,2,A,-,12,22450,A,F,D,G,A,A,H,-,B,A,0,,Y,,,Y,,I,11,1,0,0,0,0,0,1,0,0,"- ","- ",37.337810516357422,-121.97902679443359,"SANTA CLARA","SANTA CLARA",-121.97901153564453,37.337913513183594
81926001,2022,2022-11-24,4314,2022-11-17,1224,G7479,43471,4,5,6,4314,0,0,0,,0,006,"MONTAGUE EXPY","AGNEW RD",0.00,,Y,A,-,N,,,,,,,,,,Y,4,0,2,2,A,-,12,21453,A,N,D,C,A,A,H,-,A,A,0,,,,,Y,,A,01,0,0,2,0,0,0,0,0,0,"- ","- ",37.39276123046875,-121.94705200195312,"SANTA CLARA","SANTA CLARA",-121.94720458984375,37.393074035644531
81926006,2022,2022-11-24,4314,2022-11-19,0122,V8291,43471,6,5,6,4314,0,0,0,,0,005,"MONROE ST","SAN TOMAS EXPY",214.00,E,N,A,-,N,,,,,,,,,,N,2,0,1,2,A,-,08,22107,,N,D,G,A,A,H,-,C,D,0,,Y,,,Y,Y,L,04,1,0,0,0,0,0,1,0,0,"- ","- ",37.362819671630859,-121.96639251708984,"SANTA CLARA","SANTA CLARA",-121.96604156494141,37.363105773925781
81926009,2022,2022-11-24,4314,2022-11-20,2236,B7706,,7,5,6,4314,0,0,0,,0,,"BENTON ST","SCOTT BLVD",0.00,,Y,A,-,N,,,,,,,,,,Y,3,0,2,2,A,-,09,21801,A,N,A,C,A,A,H,-,C,A,0,,,,,Y,,A,01,0,2,0,0,0,0,0,0,0,"- ","- ",37.346248626708984,-121.95953369140625,"SANTA CLARA","SANTA CLARA",-121.95941925048828,37.346309661865234
81927261,2022,2022-11-28,4314,2022-11-10,1300,C2110,,4,5,6,4314,0,0,0,,0,,"LOS PADRES BLVD","ANNA DR",0.00,,Y,A,-,N,,,,,,,,,,N,3,0,1,2,A,-,09,21802,A,N,D,C,A,A,H,-,A,D,0,,,Y,,Y,,C,06,0,1,0,0,0,0,0,0,0,"- ","- ",37.351158142089844,-121.96495819091797,"SANTA CLARA","SANTA CLARA",-121.96498107910156,37.351142883300781
81927264,2022,2022-11-28,4314,2022-11-19,0858,F3914,43471,6,5,6,4314,0,0,0,,0,003,"NEWHALL ST","MARIA ST",390.00,W,N,A,-,N,,,,,,,,,,N,4,0,1,2,A,-,09,21804,A,N,D,C,A,A,H,-,A,D,0,,,,,Y,,A,01,0,0,1,0,0,0,0,0,0,"- ","- ",37.337661743164062,-121.95162963867188,"SANTA CLARA","SANTA CLARA",-121.95304107666016,37.337810516357422
81927268,2022,2022-11-28,4314,2022-11-20,1821,B6923,43471,7,5,6,4314,0,0,0,,0,003,"NEWHALL ST","WASHINGTON ST",0.00,,Y,A,-,N,,,,,,,,,,Y,4,0,1,2,A,-,12,21453,A,N,D,D,A,A,H,-,C,A,0,,,,,Y,,A,01,0,0,1,0,0,0,0,0,0,"- ","- ",37.338630676269531,-121.93810272216797,"SANTA CLARA","SANTA CLARA",-121.93824768066406,37.338489532470703
81929777,2022,2022-11-30,4316,2022-10-23,1652,16529,55,7,5,6,4316,0,0,0,,0,005,"HOLLENBECK AVENUE","ALBERTA AVENUE",15.00,S,N,A,-,N,,,,,,,,,,N,4,0,1,2,A,-,10,21950,A,N,G,B,B,A,H,-,A,A,0,Y,,,,Y,,A,01,0,0,1,0,1,0,0,0,0,"- ","- ",,,"SANTA CLARA",SUNNYVALE,-122.04151153564453,37.342960357666016
81931014,2022,2022-12-01,4314,2022-11-29,2158,S4355,43471,2,5,6,4314,0,0,0,,0,002,"KIELY BLVD","PRUNERIDGE AVE",0.00,,Y,A,-,N,,,,,,,,,,Y,4,0,1,2,A,-,12,21453,A,N,D,C,A,A,H,-,C,A,0,,,,,Y,Y,A,01,0,0,1,0,0,0,0,0,0,"- ","- ",37.329971313476562,-121.97463226318359,"SANTA CLARA","SANTA CLARA",-121.97483062744141,37.330009460449219
81932154,2022,2022-12-02,4314,2022-11-30,2028,W5970,43471,3,5,6,4314,0,0,0,,0,002,"BENTON ST","SONOMA PL (E)",0.00,,Y,A,-,N,,,,,,,,,,N,4,0,1,2,A,-,08,22107,,N,B,C,A,A,H,-,C,D,0,,,,,Y,,A,01,0,0,1,0,0,0,0,0,0,"- ","- ",37.346019744873047,-121.974609375,"SANTA CLARA","SANTA CLARA",-121.97666168212891,37.346427917480469
81933067,2022,2022-12-05,4316,2022-11-09,1810,17713,,3,5,6,4316,0,0,0,,0,002,"DUANE AVENUE","SAN RAFAEL STREET",0.00,,Y,A,-,N,,,,,,,,,,N,4,0,2,2,A,-,09,21800,A,N,B,C,A,A,H,-,C,D,0,,,,,Y,,A,01,0,0,2,0,0,0,0,0,0,"- ","- ",,,"SANTA CLARA",SUNNYVALE,-122.00292205810547,37.388439178466797
81934740,2022,2022-12-06,4314,2022-12-02,0752,D7454,43471,5,5,6,4314,0,0,0,,0,004,"CALABAZAS BLVD","WARBURTON AVE",0.00,,Y,A,-,N,,,,,,,,,,N,4,0,1,2,A,-,09,21800,A,N,D,G,A,A,H,-,A,D,0,,Y,,,Y,,L,04,0,0,1,0,0,0,1,0,0,"- ","- ",,,"SANTA CLARA","SANTA CLARA",-121.98411560058594,37.354301452636719
81934743,2022,2022-12-06,4314,2022-12-02,2010,W7406,43471,5,5,6,4314,0,0,0,,0,005,"BERNA ST","BRAY AVE",280.00,N,N,A,-,N,,,,,,,,,,N,4,0,1,3,A,-,05,21650,,N,G,B,E,A,H,-,C,-,0,Y,,,,Y,,A,01,0,0,1,0,1,0,0,0,0,"- ","- ",37.353401184082031,-121.9615478515625,"SANTA CLARA","SANTA CLARA",-121.96157073974609,37.354209899902344
81934748,2022,2022-12-06,4314,2022-12-04,2100,W7406,43471,7,5,6,4314,0,0,0,,0,002,"SAN TOMAS EXPY","SARATOGA AVE",0.00,,Y,A,-,N,,,,,,,,,,N,4,0,1,2,A,-,03,22350,,F,C,C,A,A,H,-,C,D,0,,,,,Y,,-,99,0,0,1,0,0,0,0,0,0,"- ","- ",37.327018737792969,-121.96672058105469,"SANTA CLARA","SANTA CLARA",-121.96630096435547,37.327606201171875
81936853,2022,2022-12-08,4316,2022-11-10,1039,16913,61,4,5,6,4316,0,0,0,,0,006,"EL CAMINO REAL","WOLFE ROAD",0.00,,Y,A,-,Y,,,,,,,,,,Y,4,0,3,2,A,-,12,21453,A,N,D,C,A,A,H,-,A,D,0,,,,,Y,,-,"- ",0,0,3,0,0,0,0,0,0,"- ","- ",,,"SANTA CLARA",SUNNYVALE,-122.01412963867188,37.353187561035156
81937993,2022,2022-12-09,4316,2022-11-22,1110,16080,62,2,5,6,4316,0,0,0,,0,006,"SUNNYVALE SARATOGA ROAD","CHEYENNE DRIVE",0.00,,Y,A,-,N,,,,,,,,,,Y,3,0,3,2,A,-,12,21453,A,N,D,C,A,A,A,-,A,A,0,,,,,Y,,A,07,0,1,2,0,0,0,0,0,0,"- ","- ",,,"SANTA CLARA",SUNNYVALE,-122.03244781494141,37.346652984619141
81941405,2022,2024-04-03,4307,2022-11-28,1755,S040,,1,5,4,4307,0,0,0,,0,002,"BLOSSOM HILL RD","THURSON WAY",150.00,E,-,A,-,N,,,,,,,,,,Y,3,0,1,4,A,-,09,21804,A,N,D,C,A,A,H,-,C,D,0,,,,,Y,,A,01,0,1,0,0,0,0,0,0,0,"- ","- ",37.236259460449219,-121.91297912597656,"SANTA CLARA","LOS GATOS",-121.91336822509766,37.236259460449219
81941625,2022,2022-12-14,4314,2022-01-06,1820,M1711,43471,4,5,6,4314,0,0,0,,0,005,"LOS PADRES BLVD","MONROE ST",0.00,,Y,A,-,N,,,,,,,,,,N,4,0,1,2,A,-,12,21453,A,N,D,G,A,A,H,-,A,A,0,,Y,,,Y,,A,07,0,0,1,0,0,0,1,0,0,"- ","- ",37.362430572509766,-121.96411895751953,"SANTA CLARA","SANTA CLARA",-121.96430206298828,37.362430572509766
81942160,2022,2022-12-14,4308,2022-11-01,0600,279,,2,5,5,4308,0,0,0,,0,003,"E CALAVERAS BLVD","TOWN CENTER DR",0.00,,Y,B,-,Y,SCL,,237,,,10.617,H,,L,Y,4,0,2,2,A,-,12,21453,A,N,D,C,A,A,H,-,C,A,0,,,,,Y,,A,01,0,0,2,0,0,0,0,0,0,"- ","- ",37.432941436767578,-121.89663696289062,"SANTA CLARA",MILPITAS,-121.89664459228516,37.432960510253906
81942164,2022,2022-12-14,4308,2022-11-04,1809,323,,5,5,5,4308,0,0,0,,0,001,"S ABEL ST","CORNING AVE",0.00,,Y,A,-,N,,,,,,,,,,N,3,0,2,2,A,-,12,21453,A,N,D,C,A,A,H,-,C,A,0,,,,,Y,,A,01,0,1,1,0,0,0,0,0,0,"- ","- ",37.424709320068359,-121.9072265625,"SANTA CLARA",MILPITAS,-121.90724945068359,37.424663543701172
81942172,2022,2022-12-14,4308,2022-11-14,1421,268,,1,5,5,4308,0,0,0,,0,001,"MONTAGUE EXPY","TRADE ZONE BLVD",0.00,,Y,A,-,N,,,,,,,,,,Y,4,0,1,2,A,-,12,21453,A,N,D,C,A,A,H,-,A,A,0,,,,,Y,,A,01,0,0,1,0,0,0,0,0,0,"- ","- ",37.404148101806641,-121.89778137207031,"SANTA CLARA",MILPITAS,-121.89779663085938,37.404098510742188
81942501,2022,2022-12-14,4307,2022-11-28,0730,S040,LG102,1,5,4,4307,0,0,0,,0,001,"LARK AVE","GARDEN HILL DRIVE",250.60,E,-,A,-,N,,,,,,,,,,Y,3,0,3,3,A,-,03,22350,,N,C,C,A,A,H,-,A,D,0,,,,,Y,,A,01,0,3,0,0,0,0,0,0,0,"- ","- ",37.249660491943359,-121.95964050292969,"SANTA CLARA","LOS GATOS",-121.96059417724609,37.249961853027344
81942799,2022,2022-12-15,4314,2022-12-09,1742,L9884,43471,5,5,6,4314,0,0,0,,0,002,"SAN TOMAS EXPY","PRUNERIDGE AVE",701.00,N,N,B,-,N,,,,,,,,,,Y,4,0,1,3,A,-,03,22350,,N,C,C,A,A,H,-,C,D,0,,,,Y,Y,,A,01,0,0,1,0,0,0,0,0,0,"- ","- ",37.330108642578125,-121.96761322021484,"SANTA CLARA","SANTA CLARA",-121.96752166748047,37.331874847412109
81945031,2022,2022-12-19,4308,2022-11-06,2052,329,,7,5,5,4308,0,0,0,,0,002,"BIXBY DR","CANTON DR",0.00,,Y,A,-,N,,,,,,,,,,Y,3,0,1,3,A,-,12,22450,A,N,F,C,A,A,H,-,E,D,0,,,,,Y,Y,A,08,0,1,0,0,0,0,0,0,0,"- ","- ",37.434410095214844,-121.8740234375,"SANTA CLARA",MILPITAS,-121.87398529052734,37.434349060058594