CASE_ID,ACCIDENT_YEAR,PROC_DATE,JURIS,COLLISION_DATE,COLLISION_TIME,OFFICER_ID,REPORTING_DISTRICT,DAY_OF_WEEK,CHP_SHIFT,POPULATION,CNTY_CITY_LOC,SPECIAL_COND,BEAT_TYPE,CHP_BEAT_TYPE,CITY_DIVISION_LAPD,CHP_BEAT_CLASS,BEAT_NUMBER,PRIMARY_RD,SECONDARY_RD,DISTANCE,DIRECTION,INTERSECTION,WEATHER_1,WEATHER_2,STATE_HWY_IND,CALTRANS_COUNTY,CALTRANS_DISTRICT,STATE_ROUTE,ROUTE_SUFFIX,POSTMILE_PREFIX,POSTMILE,LOCATION_TYPE,RAMP_INTERSECTION,SIDE_OF_HWY,TOW_AWAY,COLLISION_SEVERITY,NUMBER_KILLED,NUMBER_INJURED,PARTY_COUNT,PRIMARY_COLL_FACTOR,PCF_CODE_OF_VIOL,PCF_VIOL_CATEGORY,PCF_VIOLATION,PCF_VIOL_SUBSECTION,HIT_AND_RUN,TYPE_OF_COLLISION,MVIW,PED_ACTION,ROAD_SURFACE,ROAD_COND_1,ROAD_COND_2,LIGHTING,CONTROL_DEVICE,CHP_ROAD_TYPE,PEDESTRIAN_ACCIDENT,BICYCLE_ACCIDENT,MOTORCYCLE_ACCIDENT,TRUCK_ACCIDENT,NOT_PRIVATE_PROPERTY,ALCOHOL_INVOLVED,STWD_VEHTYPE_AT_FAULT,CHP_VEHTYPE_AT_FAULT,COUNT_SEVERE_INJ,COUNT_VISIBLE_INJ,COUNT_COMPLAINT_PAIN,COUNT_PED_KILLED,COUNT_PED_INJURED,COUNT_BICYCLIST_KILLED,COUNT_BICYCLIST_INJURED,COUNT_MC_KILLED,COUNT_MC_INJURED,PRIMARY_RAMP,SECONDARY_RAMP,LATITUDE,LONGITUDE,COUNTY,CITY,POINT_X,POINT_Y
82015565,2023,2023-03-13,4308,2023-02-17,2500,342,,5,5,5,4308,0,0,0,,0,,"S ABEL ST","CURTIS AVE",0.00,,Y,A,-,N,,,,,,,,,,N,3,0,1,2,A,-,09,21804,A,F,D,G,A,A,H,-,A,D,0,,Y,,,Y,,-,99,0,1,0,0,0,0,1,0,0,"- ","- ",37.418369293212891,-121.90560150146484,"SANTA CLARA",MILPITAS,,
82016860,2023,2023-03-14,4314,2023-03-11,1859,M6483,43471,6,5,6,4314,0,0,0,,0,001,"HOMESTEAD RD","BING DR",0.00,,Y,A,-,N,,,,,,,,,,Y,3,0,2,2,A,-,09,21801,A,N,A,C,A,A,H,-,C,A,0,,,,,Y,,A,01,0,2,0,0,0,0,0,0,0,"- ","- ",37.337921142578125,-121.99289703369141,"SANTA CLARA","SANTA CLARA",,
82018600,2023,2023-06-20,4307,2023-03-02,1230,S040,LG102,4,5,4,4307,0,0,0,,0,001,"WINCHESTER BLVD","ALBRIGHT WAY",0.00,,Y,A,-,N,,,,,,,,,,Y,4,0,1,2,A,-,12,21453,A,N,D,C,A,A,H,-,A,A,0,,,,,Y,,A,01,0,0,1,0,0,0,0,0,0,"- ","- ",37.256118774414062,-121.96566009521484,"SANTA CLARA","LOS GATOS",,
82021489,2023,2023-03-20,4302,2023-02-27,1543,87,4302,1,5,4,4302,0,0,0,,0,001,"WINCHESTER BLVD","HAMILTON AVE",0.00,,Y,C,-,N,,,,,,,,,,N,4,0,1,2,A,-,10,21950,A,N,G,B,B,B,H,-,A,A,0,Y,,,,Y,,A,01,0,0,1,0,1,0,0,0,0,"- ","- ",,,"SANTA CLARA",CAMPBELL,,
82021551,2023,2023-03-20,4316,2023-01-30,"832 ",14243,13,1,5,6,4316,0,0,0,,0,001,"CENTRAL EXPRESSWAY","MARY AVENUE",550.00,W,N,A,-,N,,,,,,,,,,Y,4,0,1,1,A,-,08,22107,,N,E,I,A,A,H,-,A,A,0,,,,,Y,,-,99,0,0,1,0,0,0,0,0,0,"- ","- ",,,"SANTA CLARA",SUNNYVALE,-122.04541015625,37.386737823486328
82024603,2023,2023-03-22,4314,2023-02-22,"713 ",GRATNY,43471,3,5,6,4314,0,0,0,,0,001,"LOCHINVAR AVE","BURBANK DR",75.00,E,N,A,-,N,,,,,,,,,,N,4,0,1,2,A,-,09,21804,A,N,D,C,A,A,H,-,A,D,0,,,,,Y,,A,01,0,0,1,0,0,0,0,0,0,"- ","- ",,,"SANTA CLARA","SANTA CLARA",-121.99454498291016,37.339698791503906
82026482,2023,2023-05-09,4314,2023-02-23,1653,M8600,43471,4,5,6,4314,0,0,0,,0,001,"EL CAMINO REAL","LAWRENCE EXPY",0.00,,Y,A,-,Y,SCL,,82," "," ",14.333,H,,R,N,2,0,1,2,A,-,12,21453,A,F,D,G,A,A,H,-,A,A,0,,Y,,,Y,,D,72,1,0,0,0,0,0,1,0,0,"- ","- ",37.352218627929688,-121.99626922607422,"SANTA CLARA","SANTA CLARA",-121.99627685546875,37.352443695068359
82026486,2023,2023-03-23,4314,2023-03-01,1247,M8600,43471,3,5,6,4314,0,0,0,,0,005,"SAN TOMAS EXPY","CABRILLO AVE",0.00,,Y,A,-,N,,,,,,,,,,N,3,0,2,1,D,-,00,,,N,F,A,A,A,H,-,A,A,0,,,,,Y,,-,"- ",0,2,0,0,0,0,0,0,0,"- ","- ",37.358871459960938,-121.96852111816406,"SANTA CLARA","SANTA CLARA",,
82028494,2023,2023-03-27,4308,2023-03-12,1150,269,1,7,5,5,4308,0,0,0,,0,003,"ARIZONA AVE","VALMY ST",15.00,N,N,C,-,N,,,,,,,,,,Y,4,0,1,2,A,-,01,23152,A,N,C,E,A,B,H,-,A,A,0,,,,,Y,,A,01,0,0,1,0,0,0,0,0,0,"- ","- ",37.454479217529297,-121.90641021728516,"SANTA CLARA",MILPITAS,-121.90624237060547,37.454376220703125
82028762,2023,2023-03-27,4308,2023-02-27,1749,268,,1,5,5,4308,0,0,0,,0,002,"S PARK VICTORIA DR","CLEAR LAKE AVE",0.00,,Y,B,-,N,,,,,,,,,,Y,3,0,2,2,A,-,09,21804,A,N,D,C,A,B,H,-,A,D,0,,,,,Y,,A,01,0,1,1,0,0,0,0,0,0,"- ","- ",37.419399261474609,-121.87612915039062,"SANTA CLARA",MILPITAS,,
82029017,2023,2023-03-27,4308,2023-02-24,1511,323,,5,5,5,4308,0,0,0,,0,001,"N MAIN ST","SERRA WAY",86.00,N,N,A,-,N,,,,,,,,,,Y,4,0,1,2,A,-,04,21703,,N,C,C,A,A,H,-,A,D,0,,,,,Y,,A,01,0,0,1,0,0,0,0,0,0,"- ","- ",37.428699493408203,-121.90634918212891,"SANTA CLARA",MILPITAS,-121.90631103515625,37.428623199462891
82030037,2023,2023-03-28,4316,2023-02-16,1348,13877,34,4,5,6,4316,0,0,0,,0,003,"SUNNYVALE AVENUE","EVELYN AVENUE",350.00,S,N,A,-,N,,,,,,,,,,N,4,0,1,2,A,-,21,22106,,F,G,B,F,A,H,-,A,D,0,Y,,,,Y,Y,-,99,0,0,1,0,1,0,0,0,0,"- ","- ",,,"SANTA CLARA",SUNNYVALE,-122.02916717529297,37.376377105712891
82031130,2023,2023-04-14,4302,2023-02-25,1321,120,4302,6,5,4,4302,0,0,0,,0,001,"SAN TOMAS EXPWY","HIGHWAY 17",0.00,,Y,A,-,Y,,,,,,,,,,N,4,0,2,3,A,-,04,21703,,N,C,C,A,A,H,-,A,A,0,,,,,Y,,A,01,0,0,2,0,0,0,0,0,0,"- ","- ",,,"SANTA CLARA",CAMPBELL,,
82031131,2023,2023-03-31,4302,2023-03-02,1142,117,4302,4,5,4,4302,0,0,0,,0,003,"ORCHARD CITY DR","1ST ST",0.00,,Y,A,-,N,,,,,,,,,,Y,4,0,1,2,A,-,12,21453,A,N,D,C,A,A,H,-,A,A,0,,,,,Y,,A,07,0,0,1,0,0,0,0,0,0,"- ","- ",,,"SANTA CLARA",CAMPBELL,,
82031225,2023,2023-03-30,4314,2023-02-25,1352,A8689,43471,6,5,6,4314,0,0,0,,0,003,"MONROE ST","STARDUST CT",255.00,W,N,B,-,N,,,,,,,,,,Y,4,0,1,2,A,-,21,22106,,N,D,C,A,A,H,-,A,D,0,,,,,Y,,A,01,0,0,1,0,0,0,0,0,0,"- ","- ",37.359661102294922,-121.95542907714844,"SANTA CLARA","SANTA CLARA",-121.95641326904297,37.360702514648438
82031228,2023,2023-03-29,4314,2023-03-12,"44  ",S7845,43471,7,5,6,4314,0,0,0,,0,003,"EL CAMINO REAL","PIERCE ST",40.00,W,N,A,-,Y,,,,,,,,,,Y,4,0,1,1,A,-,01,23152,A,N,E,I,A,A,H,-,C,A,0,,,,,Y,Y,A,01,0,0,1,0,0,0,0,0,0,"- ","- ",,,"SANTA CLARA","SANTA CLARA",-121.95726013183594,37.352298736572266
82038067,2023,2023-04-06,4316,2023-03-11,1251,14243,14,6,5,6,4316,0,0,0,,0,001,"BORREGAS AVENUE","FERNDALE AVENUE",20.00,S,N,A,-,N,,,,,,,,,,Y,4,0,1,2,A,-,08,22107,,N,C,E,A,A,H,-,A,D,0,,,,,Y,,-,99,0,0,1,0,0,0,0,0,0,"- ","- ",,,"SANTA CLARA",SUNNYVALE,-122.02392578125,37.393898010253906
82038078,2023,2023-04-06,4314,2023-03-26,2150,W7406,43471,7,5,6,4314,0,0,0,,0,005,"SAN TOMAS EXPY","SCOTT BLVD",0.00,,Y,A,-,N,,,,,,,,,,Y,4,0,1,2,A,-,12,21453,A,N,D,C,A,A,H,-,C,A,0,,,,,Y,,A,01,0,0,1,0,0,0,0,0,0,"- ","- ",37.378101348876953,-121.96553039550781,"SANTA CLARA","SANTA CLARA",,
82040243,2023,2023-04-11,4316,2023-03-14,"452 ",17277,,2,5,6,4316,0,0,0,,0,,"LAWRENCE EXPRESSWAY","LAKEWOOD DRIVE",422.00,S,N,C,-,N,,,,,,,,,,Y,3,0,1,2,A,-,03,22350,,N,D,C,A,B,H,-,C,A,0,,,,,Y,,A,01,0,1,0,0,0,0,0,0,0,"- ","- ",,,"SANTA CLARA",SUNNYVALE,-121.99597930908203,37.392555236816406
82040244,2023,2023-04-26,4316,2023-03-23,"824 ",17226,61,4,5,6,4316,0,0,0,,0,006,"REMINGTON DRIVE","SUNNYVALE SARATOGA ROAD",132.00,W,N,B,-,N,,,,,,,,,,N,4,0,1,3,A,-,03,22350,,N,C,C,A,A,H,-,A,A,0,,,,,Y,,A,07,0,0,1,0,0,0,0,0,0,"- ","- ",,,"SANTA CLARA",SUNNYVALE,-122.03218841552734,37.359001159667969
82041112,2023,2023-04-10,4307,2023-03-24,"755 ",S040,LG205,5,5,4,4307,0,0,0,,0,002,"ROBERTS ROAD","FISHER AVENUE",0.00,,Y,A,-,N,,,,,,,,,,N,3,0,1,2,C,-,18,,,N,H,G,A,A,H,-,A,A,0,,Y,,,Y,,-,"- ",0,1,0,0,0,0,1,0,0,"- ","- ",37.234298706054688,-121.96631622314453,"SANTA CLARA","LOS GATOS",,
82042587,2023,2023-04-12,4314,2023-03-15,1205,B4591,,3,5,6,4314,0,0,0,,0,,"WINCHESTER BLVD","MARKET ST",0.00,,Y,A,-,N,,,,,,,,,,N,4,0,1,2,A,-,12,21453,A,N,D,D,A,A,H,-,A,A,0,,,,,Y,,A,07,0,0,1,0,0,0,0,0,0,"- ","- ",,,"SANTA CLARA","SANTA CLARA",,
82045395,2023,2023-06-22,4307,2023-03-30,1311,S040,LG102,4,5,4,4307,0,0,0,,0,001,"WINCHESTER BLVD","WIMBLEDON DRIVE",203.00,S,-,A,-,N,,,,,,,,,,N,3,0,2,3,A,-,00,22017,,N,C,C,A,A,H,-,A,D,0,,,,,Y,,D,82,0,2,0,0,0,0,0,0,0,"- ","- ",37.253158569335938,-121.967529296875,"SANTA CLARA","LOS GATOS",-121.96717834472656,37.253921508789062
82045935,2023,2023-04-17,4316,2023-03-24,1532,17752,28,5,5,6,4316,0,0,0,,0,002,"LAWRENCE EXPRESSWAY","CA-101 OFF RAMP",13.00,S,N,A,-,N,,,,,,,,,,N,3,0,1,2,A,-,03,22350,,N,B,C,A,A,H,-,A,A,0,,,,,Y,,A,01,0,1,0,0,0,0,0,0,0,"- ","- ",,,"SANTA CLARA",SUNNYVALE,,
82047183,2023,2023-04-18,4314,2023-04-11,1350,S1574,43471,2,5,6,4314,0,0,0,,0,003,"BELLOMY ST","MARIA ST",75.00,W,N,A,-,N,,,,,,,,,,N,3,0,2,2,A,-,21,22106,,N,D,C,A,A,H,-,A,D,0,,,,,Y,,A,07,0,1,1,0,0,0,0,0,0,"- ","- ",37.341148376464844,-121.95272064208984,"SANTA CLARA","SANTA CLARA",-121.95311737060547,37.341106414794922
82047186,2023,2023-04-18,4314,2023-04-14,2000,W7406,43471,5,5,6,4314,0,0,0,,0,005,"COLEMAN AVE","BROKAW RD",0.00,,Y,A,-,N,,,,,,,,,,N,3,0,1,2,A,-,09,21801,A,N,D,G,A,A,H,-,C,A,0,,Y,,,Y,,A,01,0,1,0,0,0,0,1,0,0,"- ","- ",37.356861114501953,-121.93473815917969,"SANTA CLARA","SANTA CLARA",,
82048195,2023,2023-04-19,4314,2023-04-15,1735,G0381,43471,6,5,6,4314,0,0,0,,0,002,"WINCHESTER BLVD","DORCICH ST",0.00,,Y,A,-,N,,,,,,,,,,N,4,0,2,3,A,-,09,21801,A,N,G,B,B,A,H,-,A,A,0,Y,,,,Y,,A,01,0,0,2,0,2,0,0,0,0,"- ","- ",,,"SANTA CLARA","SANTA CLARA",,
82050843,2023,2023-04-24,4314,2023-04-18,1733,M8600,43471,2,5,6,4314,0,0,0,,0,002,"PRUNERIDGE AVE","PINEVIEW DR",30.00,W,N,A,-,N,,,,,,,,,,N,3,0,2,4,A,-,05,21651,A,N,A,C,A,A,H,-,A,D,0,,,,,Y,,A,01,0,1,1,0,0,0,0,0,0,"- ","- ",37.329959869384766,-121.95451354980469,"SANTA CLARA","SANTA CLARA",-121.95453643798828,37.329948425292969
82052276,2023,2023-04-25,4314,2023-04-21,1840,A1501,43471,5,5,6,4314,0,0,0,,0,006,"LAFAYETTE ST","MONTAGUE EXPY",30.00,N,N,A,-,N,,,,,,,,,,Y,4,0,1,2,A,-,03,22350,,N,C,C,A,A,H,-,A,A,0,,,,,Y,,A,01,0,0,1,0,0,0,0,0,0,"- ","- ",37.389301300048828,-121.95496368408203,"SANTA CLARA","SANTA CLARA",-121.95497131347656,37.389400482177734
82054280,2023,2023-04-28,4316,2023-04-10,"743 ",15096,23,1,5,6,4316,0,0,0,,0,002,"ELKO DRIVE","HAMMERWOOD AVENUE",0.00,,Y,A,-,N,,,,,,,,,,Y,3,0,2,2,A,-,09,21801,A,N,D,C,A,A,H,-,A,D,0,,,,,Y,,A,01,0,1,1,0,0,0,0,0,0,"- ","- ",,,"SANTA CLARA",SUNNYVALE,,
82058812,2023,2023-05-02,4308,2023-04-10,"714 ",306,1,1,5,5,4308,0,0,0,,0,005,"RANCH DR","N MCCARTHY BLVD",100.00,E,N,A,-,N,,,,,,,,,,Y,4,0,1,1,D,-,00,,,N,E,I,A,A,H,-,A,D,0,,,,,Y,,-,"- ",0,0,1,0,0,0,0,0,0,"- ","- ",37.432689666748047,-121.92153167724609,"SANTA CLARA",MILPITAS,-121.92379760742188,37.426349639892578
82060803,2023,2023-05-04,4314,2023-04-16,1518,W3160,43471,7,5,6,4314,0,0,0,,0,006,"MONTAGUE EXPY","LICK MILL BLVD",0.00,,Y,A,-,N,,,,,,,,,,Y,3,0,3,2,A,-,12,21453,A,N,D,C,A,A,H,-,A,A,0,,,,,Y,,A,01,0,3,0,0,0,0,0,0,0,"- ","- ",37.394771575927734,-121.94300079345703,"SANTA CLARA","SANTA CLARA",,
82061912,2022,2024-04-10,4314,2022-05-05,0921,G1027,,4,5,6,4314,0,0,0,,0,006,"LAURELWOOD RD","THOMAS RD",220.00,S,N,A,-,N,,,,,,,,,,Y,1,1,0,2,A,-,05,21202,A,N,A,G,A,A,H,-,A,D,0,,Y,,,Y,,L,04,0,0,0,0,0,1,0,0,0,"- ","- ",,,"SANTA CLARA","SANTA CLARA",-121.95693969726562,37.380275726318359
82062735,2023,2023-05-08,4302,2023-03-02,"745 ",117,4302,4,5,4,4302,0,0,0,,0,003,"WINCHESTER BLVD","HAMILTON AVE",0.00,,Y,A,-,N,,,,,,,,,,N,4,0,1,2,A,-,10,21950,C,M,G,B,B,A,H,-,A,A,0,Y,,,,Y,,A,01,0,0,1,0,1,0,0,0,0,"- ","- ",,,"SANTA CLARA",CAMPBELL,,
82063195,2023,2023-05-09,4316,2023-04-03,1602,18656,53,1,5,6,4316,0,0,0,,0,005,"HOMESTEAD ROAD","KENNEWICK DRIVE",105.00,W,N,A,-,N,,,,,,,,,,Y,4,0,1,2,A,-,09,21804,A,N,D,C,A,A,H,-,A,A,0,,,,,Y,,A,07,0,0,1,0,0,0,0,0,0,"- ","- ",,,"SANTA CLARA",SUNNYVALE,-122.04646301269531,37.337501525878906
82063197,2023,2023-05-09,4316,2023-04-17,"18  ",18707,53,1,5,6,4316,0,0,0,,0,005,"1668 SAMEDRA ST","HOMESTEAD ROAD",426.00,N,N,A,-,N,,,,,,,,,,Y,2,0,1,2,A,-,08,22107,,N,C,E,A,A,H,-,C,D,0,,,,,Y,,A,01,1,0,0,0,0,0,0,0,0,"- ","- ",37.338798522949219,-122.05104827880859,"SANTA CLARA",SUNNYVALE,-122.05107879638672,37.338668823242188
82063198,2023,2023-05-08,4316,2023-04-18,1745,16372,34,2,5,6,4316,0,0,0,,0,003,"E EVELYN AVENUE","CARROLL ST",12.00,W,N,A,-,N,,,,,,,,,,N,3,0,1,2,A,-,03,22350,,N,D,C,A,A,H,-,A,D,0,,,,,Y,,A,01,0,1,0,0,0,0,0,0,0,"- ","- ",,,"SANTA CLARA",SUNNYVALE,-122.02783203125,37.376983642578125
82063274,2023,2023-05-08,4308,2023-04-20,1848,234,,4,5,5,4308,0,0,0,,0,005,"MCCARTHY BLVD","TECHNOLOGY DR",20.00,N,N,A,-,N,,,,,,,,,,N,4,0,1,3,A,-,01,23152,A,F,C,C,A,A,H,-,A,A,0,,,,,Y,Y,A,01,0,0,1,0,0,0,0,0,0,"- ","- ",37.421028137207031,-121.92221832275391,"SANTA CLARA",MILPITAS,-121.92204284667969,37.420989990234375
82063275,2023,2023-05-08,4308,2023-04-21,1107,338,1,5,5,5,4308,0,0,0,,0,001,"GREAT MALL PKWY","MONTAGUE EXPY",0.00,,Y,A,-,N,,,,,,,,,,Y,3,0,1,2,A,-,04,21703,,N,C,C,A,A,H,-,A,A,0,,,,,Y,,A,01,0,1,0,0,0,0,0,0,0,"- ","- ",37.410411834716797,-121.89408111572266,"SANTA CLARA",MILPITAS,,
82065470,2023,2023-05-15,4316,2023-03-23,1959,15203,61,4,5,6,4316,0,0,0,,0,006,"REMINGTON DRIVE","MICHELANGELO DRIVE",0.00,,Y,C,-,N,,,,,,,,,,Y,2,0,1,2,A,-,10,21950,A,N,G,B,B,B,H,-,C,A,0,Y,,,,Y,,A,01,1,0,0,0,1,0,0,0,0,"- ","- ",,,"SANTA CLARA",SUNNYVALE,,
82066259,2023,2023-05-11,4314,2023-04-21,1756,L9023,43471,5,5,6,4314,0,0,0,,0,001,"STEVENS CREEK BLVD","KIELY BLVD",0.00,,Y,A,-,N,,,,,,,,,,Y,3,0,1,3,A,-,12,21453,A,N,B,C,A,A,H,-,A,A,0,,,,,Y,,A,01,0,1,0,0,0,0,0,0,0,"- ","- ",37.323101043701172,-121.975341796875,"SANTA CLARA","SANTA CLARA",,
82067316,2023,2023-05-12,4316,2023-04-13,2331,17247,42,4,5,6,4316,0,0,0,,0,004,"E EL CAMINO REAL",SUNNYVALE-SARATOGA,567.00,E,N,A,-,Y,,,,,,,,,,Y,3,0,1,2,A,-,09,21804,A,N,C,C,A,A,H,-,C,D,0,,,Y,,Y,,A,01,0,1,0,0,0,0,0,0,1,"- ","- ",,,"SANTA CLARA",SUNNYVALE,-122.03078460693359,37.366447448730469
82068318,2023,2023-05-15,4302,2023-04-28,1845,125,4302,5,5,4,4302,0,0,0,,0,003,"HAMILTON AVE","CENTRAL AVE",15.00,E,N,A,-,N,,,,,,,,,,N,3,0,1,2,A,-,08,22107,,N,C,C,A,A,H,-,A,A,0,,,Y,,Y,,A,01,0,1,0,0,0,0,0,0,0,"- ","- ",,,"SANTA CLARA",CAMPBELL,-121.94352722167969,37.294307708740234
82069036,2023,2023-05-15,4307,2023-04-28,2004,S042,LG207,5,5,4,4307,0,0,0,,0,002,"SHANNON RD","SHANNON HEIGHTS RD",440.00,E,-,A,-,N,,,,,,,,,,Y,3,0,1,1,C,-,18,,,N,H,H,A,A,H,-,D,D,0,,,Y,,Y,,-,"- ",0,1,0,0,0,0,0,0,1,"- ","- ",37.227420806884766,-121.94705200195312,"SANTA CLARA","LOS GATOS",-121.94551849365234,37.227455139160156
82069109,2023,2023-05-15,4307,2023-04-28,2025,S101,LG102,5,5,4,4307,0,0,0,,0,001,"LARK AVE","NB HWY 17 ON-RAMP",0.00,,Y,A,-,N,,,,,,,,,,N,2,0,1,2,D,-,00,,,F,H,G,A,A,H,-,C,A,0,,Y,,,Y,,-,"- ",1,0,0,0,0,0,1,0,0,"- ","- ",37.249660491943359,-121.95964050292969,"SANTA CLARA","LOS GATOS",,
82069497,2023,2023-05-16,4314,2023-04-26,2022,A7891,43471,3,5,6,4314,0,0,0,,0,004,"LAWRENCE EXPY","MONROE ST",30.00,S,N,A,-,N,,,,,,,,,,Y,4,0,1,2,A,-,09,21804,A,N,D,C,A,A,H,-,C,A,0,,,,,Y,,A,01,0,0,1,0,0,0,0,0,0,"- ","- ",37.366668701171875,-121.99622344970703,"SANTA CLARA","SANTA CLARA",-121.99600982666016,37.366779327392578
82069503,2023,2023-05-16,4314,2023-05-07,1247,F3914,43471,7,5,6,4314,0,0,0,,0,005,"COLEMAN AVE","BROKAW RD",42.00,E,N,A,-,N,,,,,,,,,,N,4,0,1,2,A,-,08,22107,,N,B,C,A,A,H,-,A,A,0,,,Y,,Y,,C,06,0,0,1,0,0,0,0,0,1,"- ","- ",37.356861114501953,-121.93473815917969,"SANTA CLARA","SANTA CLARA",-121.93458557128906,37.356864929199219
82071575,2023,2023-05-18,4314,2023-05-12,1142,N2306,43471,5,5,6,4314,0,0,0,,0,005,"BOWERS AVE","AUGUSTINE DR",118.00,N,N,A,-,N,,,,,,,,,,Y,3,0,1,1,A,-,08,22107,,N,E,I,A,A,H,-,A,A,0,,,,,Y,,A,01,0,1,0,0,0,0,0,0,0,"- ","- ",37.382270812988281,-121.977783203125,"SANTA CLARA","SANTA CLARA",-121.97783660888672,37.382663726806641
82073419,2023,2023-05-22,4314,2023-05-02,"641 ",G1027,43471,2,5,6,4314,0,0,0,,0,001,"STEVENS CREEK BLVD","WOODHAMS RD",30.00,E,N,C,-,N,,,,,,,,,,N,3,0,1,2,A,-,03,22350,,N,C,C,A,B,H,-,A,A,0,,,,,Y,,A,01,0,1,0,0,0,0,0,0,0,"- ","- ",37.322761535644531,-121.98290252685547,"SANTA CLARA","SANTA CLARA",-121.9822998046875,37.3231201171875
82073421,2023,2023-05-22,4314,2023-05-10,1622,M8600,43471,3,5,6,4314,0,0,0,,0,003,"BENTON ST","LINCOLN ST",0.00,,Y,A,-,N,,,,,,,,,,N,3,0,4,2,A,-,12,21453,A,N,D,C,A,A,H,-,A,A,0,,,,,Y,,A,01,0,1,3,0,0,0,0,0,0,"- ","- ",37.348049163818359,-121.95227813720703,"SANTA CLARA","SANTA CLARA",,
82073424,2023,2023-05-22,4314,2023-05-18,1055,M6684,43471,4,5,6,4314,0,0,0,,0,001,"STEVENS CREEK BLVD","RICHFIELD DR",0.00,,Y,A,-,N,,,,,,,,,,Y,3,0,2,3,A,-,09,21801,A,N,D,C,A,A,H,-,A,D,0,,,,,Y,,A,01,0,2,0,0,0,0,0,0,0,"- ","- ",37.323158264160156,-121.98378753662109,"SANTA CLARA","SANTA CLARA",,
82073611,2023,2023-05-22,4316,2023-04-21,1547,18754,12,5,5,6,4316,0,0,0,,0,001,"FAIR OAKS AVENUE","WEDDELL DRIVE",0.00,,Y,A,-,N,,,,,,,,,,Y,4,0,1,2,A,-,12,21453,A,N,D,C,A,A,H,-,A,A,0,,,,,Y,,A,01,0,0,1,0,0,0,0,0,0,"- ","- ",,,"SANTA CLARA",SUNNYVALE,,
82074087,2023,2023-05-22,4307,2023-05-01,1235,S098,LG200,1,5,4,4307,0,0,0,,0,002,"LOS GATOS BLVD",SAMARITAN,0.00,,Y,A,-,N,,,,,,,,,,N,3,0,2,2,A,-,03,22350,,F,C,C,A,A,H,-,A,A,0,,,,,Y,Y,A,01,0,2,0,0,0,0,0,0,0,"- ","- ",37.253170013427734,-121.952392578125,"SANTA CLARA","LOS GATOS",,
82074274,2023,2023-05-22,4307,2023-04-14,1825,S110,LG206,5,5,4,4307,0,0,0,,0,002,"KENNEDY RD","KENNEDY COURT",0.00,,Y,A,-,N,,,,,,,,,,N,3,0,1,1,A,-,05,21650,,N,E,J,A,A,H,-,A,A,0,,,Y,,Y,,C,02,0,1,0,0,0,0,0,0,1,"- ","- ",37.219951629638672,-121.95365905761719,"SANTA CLARA","LOS GATOS",,
82078848,2023,2023-09-19,4302,2023-05-11,"26  ",76,4302,4,5,4,4302,0,0,0,,0,003,"W. CAMPBELL AVENUE","HARDY AVENUE",3.00,E,N,A,-,N,,,,,,,,,,Y,4,0,1,1,A,-,01,23152,A,N,E,I,A,A,H,-,C,D,0,,,,,Y,Y,-,"- ",0,0,1,0,0,0,0,0,0,"- ","- ",,,"SANTA CLARA",CAMPBELL,-121.95726013183594,37.287029266357422
82083227,2023,2023-06-01,4308,2023-04-21,"806 ",356,1,5,5,5,4308,0,0,0,,0,002,"YELLOWSTONE AVE","TAHOE DR",0.00,,Y,A,-,N,,,,,,,,,,N,3,0,1,2,A,-,11,21950,B,N,G,B,D,A,H,-,A,D,0,Y,,,,Y,,N,60,0,1,0,0,1,0,0,0,0,"- ","- ",37.421798706054688,-121.86872100830078,"SANTA CLARA",MILPITAS,,
82083228,2023,2023-06-01,4308,2023-04-28,1441,323,,5,5,5,4308,0,0,0,,0,001,"E CALAVERAS BLVD","S MILPITAS BLVD",831.00,W,N,A,-,Y,SCL,,237," "," ",10.277,H,,R,N,3,0,1,3,A,-,03,22350,,N,C,C,A,A,H,-,A,D,0,,,,,Y,,D,22,0,1,0,0,0,0,0,0,0,"- ","- ",37.431888580322266,-121.90254974365234,"SANTA CLARA",MILPITAS,-121.90254974365234,37.431903839111328
82083229,2023,2023-06-01,4308,2023-05-03,1514,323,,3,5,5,4308,0,0,0,,0,003,"JACKLIN RD","HAMILTON AVE",315.00,E,N,A,-,N,,,,,,,,,,Y,2,0,1,1,A,-,08,22107,,N,E,I,A,A,H,-,A,D,0,,,,,Y,,A,07,1,0,0,0,0,0,0,0,0,"- ","- ",37.446460723876953,-121.90177154541016,"SANTA CLARA",MILPITAS,-121.90181732177734,37.446498870849609
82084127,2023,2023-06-02,4316,2023-05-08,1506,16988,13,1,5,6,4316,0,0,0,,0,001,"MATHILDA AVENUE","MAUDE AVENUE",395.00,S,N,A,-,N,,,,,,,,,,N,4,0,1,2,A,-,03,22350,,N,C,C,A,A,H,-,A,D,0,,,,,Y,,A,01,0,0,1,0,0,0,0,0,0,"- ","- ",,,"SANTA CLARA",SUNNYVALE,-122.03071594238281,37.388633728027344
82084284,2023,2023-06-02,4308,2023-03-29,1450,268,,3,5,5,4308,0,0,0,,0,005,"BARBER LN","BELLEW DR",385.00,S,N,C,-,N,,,,,,,,,,Y,4,0,5,2,A,-,03,22350,,N,C,C,A,B,H,-,A,D,0,,,,,Y,,D,22,0,0,5,0,0,0,0,0,0,"- ","- ",37.421249389648438,-121.91766357421875,"SANTA CLARA",MILPITAS,-121.917724609375,37.421363830566406