CASE_ID,ACCIDENT_YEAR,PROC_DATE,JURIS,COLLISION_DATE,COLLISION_TIME,OFFICER_ID,REPORTING_DISTRICT,DAY_OF_WEEK,CHP_SHIFT,POPULATION,CNTY_CITY_LOC,SPECIAL_COND,BEAT_TYPE,CHP_BEAT_TYPE,CITY_DIVISION_LAPD,CHP_BEAT_CLASS,BEAT_NUMBER,PRIMARY_RD,SECONDARY_RD,DISTANCE,DIRECTION,INTERSECTION,WEATHER_1,WEATHER_2,STATE_HWY_IND,CALTRANS_COUNTY,CALTRANS_DISTRICT,STATE_ROUTE,ROUTE_SUFFIX,POSTMILE_PREFIX,POSTMILE,LOCATION_TYPE,RAMP_INTERSECTION,SIDE_OF_HWY,TOW_AWAY,COLLISION_SEVERITY,NUMBER_KILLED,NUMBER_INJURED,PARTY_COUNT,PRIMARY_COLL_FACTOR,PCF_CODE_OF_VIOL,PCF_VIOL_CATEGORY,PCF_VIOLATION,PCF_VIOL_SUBSECTION,HIT_AND_RUN,TYPE_OF_COLLISION,MVIW,PED_ACTION,ROAD_SURFACE,ROAD_COND_1,ROAD_COND_2,LIGHTING,CONTROL_DEVICE,CHP_ROAD_TYPE,PEDESTRIAN_ACCIDENT,BICYCLE_ACCIDENT,MOTORCYCLE_ACCIDENT,TRUCK_ACCIDENT,NOT_PRIVATE_PROPERTY,ALCOHOL_INVOLVED,STWD_VEHTYPE_AT_FAULT,CHP_VEHTYPE_AT_FAULT,COUNT_SEVERE_INJ,COUNT_VISIBLE_INJ,COUNT_COMPLAINT_PAIN,COUNT_PED_KILLED,COUNT_PED_INJURED,COUNT_BICYCLIST_KILLED,COUNT_BICYCLIST_INJURED,COUNT_MC_KILLED,COUNT_MC_INJURED,PRIMARY_RAMP,SECONDARY_RAMP,LATITUDE,LONGITUDE,COUNTY,CITY,POINT_X,POINT_Y
91745143,2022,2022-04-11,9340,2022-04-01,1055,022543,,5,1,7,4313,0,1,1,,2,681,"I-680 N/B","CAPITOL EXPY",470.00,S,N,A,-,Y,,,,,,,,,,Y,3,0,1,1,A,-,08,22107,,N,F,A,A,A,H,-,A,D,0,,,,,Y,,A,01,0,1,0,0,0,0,0,0,0,"- ","- ",37.354270935058594,-121.83766937255859,"SANTA CLARA","SAN JOSE",-121.83799743652344,37.35418701171875
91745574,2022,2022-04-11,9340,2022-04-03,1400,022635,,7,2,7,4313,0,1,2,,2,110,"US-101 SB","MCKEE ROAD",428.00,N,N,A,G,Y,SCL,,101,,R,36.220,H,,L,Y,3,0,2,1,A,-,01,23152,F,N,E,I,A,A,H,-,A,D,0,,,,,Y,,A,07,0,1,1,0,0,0,0,0,0,"- ","- ",37.354808807373047,-121.86734008789062,"SANTA CLARA","SAN JOSE",-121.86717224121094,37.354930877685547
91745984,2022,2022-04-12,9340,2022-04-01,0622,022825,,5,1,7,4313,0,1,1,,2,088,"I-880 N/B TO US-101 S/B","US101 S/B",510.00,S,N,A,-,Y,SCL,,880,,,3.950,H,,R,N,4,0,1,1,A,-,01,23152,A,M,E,I,A,A,H,-,A,A,0,,,,,Y,Y,A,01,0,0,1,0,0,0,0,0,0,"- ","- ",37.362430572509766,-121.90276336669922,"SANTA CLARA","SAN JOSE",-121.90285491943359,37.362483978271484
91746116,2022,2022-04-12,9340,2022-04-03,0800,022825,,7,1,7,4313,0,1,1,,2,088,"I-880 S/B TO US-101 S/B","US-101 S/B",360.00,S,N,A,-,Y,,,,,,,,,,N,3,0,1,1,A,-,03,22350,,N,E,I,A,A,H,-,A,A,0,,,,,Y,,A,01,0,1,0,0,0,0,0,0,0,"- ","- ",37.363410949707031,-121.90303802490234,"SANTA CLARA","SAN JOSE",-121.90303802490234,37.363410949707031
91746520,2022,2022-04-12,9340,2022-04-05,1200,018508,,2,1,7,4313,0,1,1,,2,088,"I-880 N/B","N FIRST STREET",950.00,S,N,A,-,Y,SCL,,880,,,3.381,H,,R,Y,4,0,1,3,A,-,03,22350,,N,C,C,A,A,H,-,A,D,0,,,,,Y,,D,22,0,0,1,0,0,0,0,0,0,"- ","- ",37.356060028076172,-121.90939331054688,"SANTA CLARA","SAN JOSE",-121.90938568115234,37.356056213378906
91747015,2022,2022-04-13,9725,2022-04-03,2230,022334,,7,3,4,4304,0,1,2,,2,011,"US-101 N/B TO SAN MARTIN AVE","SAN MARTIN AVE",410.00,S,N,A,-,Y,,,,,,,,,,Y,4,0,1,1,A,-,03,22350,,N,F,A,A,A,H,-,C,D,0,,,Y,,Y,,C,02,0,0,1,0,0,0,0,0,1,"- ","- ",37.088161468505859,-121.59806060791016,"SANTA CLARA",GILROY,-121.59942626953125,37.089252471923828
91747070,2022,2022-04-13,9340,2022-03-29,2040,022803,,2,2,7,4313,0,1,3,,2,172,"SR-17 S/B","MOORPARK AVE",395.00,S,N,A,-,Y,SCL,,17,,,13.777,H,,L,Y,3,0,1,1,A,-,08,22107,,N,E,I,A,A,H,-,C,B,0,,,,,Y,,A,07,0,1,0,0,0,0,0,0,0,"- ","- ",37.314918518066406,-121.9404296875,"SANTA CLARA","SAN JOSE",-121.94052124023438,37.314922332763672
91747112,2022,2022-04-13,9330,2022-02-24,1515,022785,,4,2,5,4311,0,1,2,,2,078,"US-101 N/B","RENGSTORFF AVENUE",1500.00,N,N,A,-,Y,SCL,,101,,,49.700,H,,R,N,4,0,5,5,A,-,03,22350,,N,C,C,A,A,H,-,A,D,0,,,,,Y,,A,01,0,0,5,0,0,0,0,0,0,"- ","- ",37.421958923339844,-122.09365081787109,"SANTA CLARA","MOUNTAIN VIEW",-122.0936279296875,37.421981811523438
91747146,2022,2022-04-13,9340,2022-04-03,0010,022697,,7,3,7,4313,0,1,1,,2,681,"I-680 S/B","BERRYESSA RD",2370.00,S,N,A,-,Y,SCL,,680,,M,4.278,H,,L,Y,3,0,1,2,A,-,07,21658,A,F,B,C,A,A,H,-,C,D,0,,,,,Y,,-,99,0,1,0,0,0,0,0,0,0,"- ","- ",37.389179229736328,-121.86824035644531,"SANTA CLARA","SAN JOSE",-121.86821746826172,37.389198303222656
91747186,2022,2022-04-13,9330,2022-04-01,1011,022344,,5,1,5,4311,0,1,2,,2,078,"US-101 NB","SAN ANTONIO RD.",2200.00,S,N,A,-,Y,SCL,,101,,,49.897,H,,R,N,4,0,1,3,A,-,07,21658,A,N,B,C,A,A,H,-,A,A,0,,,,,Y,,A,07,0,0,1,0,0,0,0,0,0,"- ","- ",37.423908233642578,-122.09623718261719,"SANTA CLARA","MOUNTAIN VIEW",-122.09627532958984,37.423877716064453
91747866,2022,2022-04-14,9340,2022-04-02,0335,022759,,6,3,5,4303,0,1,1,,2,282,"SR-85 S/B TO I-280 S/B","MARY AVE. BRIDGE",1200.00,N,N,A,-,Y,SCL,,85,,R,18.347,H,,R,Y,4,0,1,1,A,-,08,22107,,N,E,I,A,A,H,-,D,D,0,,,,,Y,,A,07,0,0,1,0,0,0,0,0,0,"- ","- ",37.331409454345703,-122.05436706542969,"SANTA CLARA",CUPERTINO,-122.05449676513672,37.331329345703125
91747926,2022,2022-04-14,9340,2022-04-04,1815,022758,,1,2,7,4313,0,1,1,,2,681,"I-680 S/B TO US-101","US-101 N/B",1160.00,N,N,A,-,Y,,,,,,,,,,Y,2,0,3,1,A,-,08,22107,,N,E,I,A,A,H,-,A,D,0,,,,,Y,,A,01,1,2,0,0,0,0,0,0,0,"- ","- ",37.342319488525391,-121.84883880615234,"SANTA CLARA","SAN JOSE",-121.84883880615234,37.342319488525391
91748156,2022,2022-04-14,9340,2022-04-06,1000,022543,,3,1,7,4313,0,1,3,,2,230,"SR-237 W/B","ZANKER RD",30.00,E,N,A,-,Y,SCL,,237,,,7.999,H,,L,Y,3,0,1,2,A,-,03,22350,,N,C,C,A,A,H,-,A,D,0,,,,,Y,,A,01,0,1,0,0,0,0,0,0,0,"- ","- ",37.420391082763672,-121.93972015380859,"SANTA CLARA","SAN JOSE",-121.93972778320312,37.420413970947266
91748244,2022,2022-04-14,9340,2022-04-04,1520,022658,,1,2,7,4313,0,1,3,,2,087,"SR-87 N/B TO I-280 S/B","I-280 S/B",790.00,S,N,A,-,Y,,,,,,,,,,N,4,0,1,2,A,-,03,22350,,N,C,C,A,A,H,-,A,D,0,,,,,Y,,A,01,0,0,1,0,0,0,0,0,0,"- ","- ",37.321788787841797,-121.89016723632812,"SANTA CLARA","SAN JOSE",-121.89016723632812,37.321788787841797
91748398,2022,2022-04-14,9340,2022-04-07,1515,022635,,4,2,7,4313,0,1,1,,2,681,"I-680 S/B","JACKSON AVE",1750.00,S,N,A,-,Y,SCL,,680,,M,0.856,H,,L,Y,4,0,2,3,A,-,03,22350,,M,C,C,A,A,H,-,A,D,0,,,,,Y,,A,01,0,0,2,0,0,0,0,0,0,"- ","- ",37.348148345947266,-121.84078979492188,"SANTA CLARA","SAN JOSE",-121.84069061279297,37.348068237304688
91748814,2022,2022-04-15,9340,2022-04-06,1500,022624,,3,2,7,4313,0,1,3,,2,172,"SR-17 N/B TO I-280 N/B","STEVENS CREEK BOULEVARD",1700.00,S,N,A,-,Y,,,,,,,,,,Y,3,0,1,1,A,-,03,22350,,N,F,A,A,A,H,-,A,D,0,,,,,Y,,A,07,0,1,0,0,0,0,0,0,0,"- ","- ",37.318130493164062,-121.93975830078125,"SANTA CLARA","SAN JOSE",-121.93975830078125,37.318130493164062
91748928,2022,2022-04-15,9340,2022-04-07,0905,022668,,4,1,7,4313,0,1,3,,2,083,"SR-85 TO N/B SR-87","CHYNOWETH AVE",510.00,S,N,A,-,Y,SCL,,87,,,0.178,H,,R,Y,4,0,1,2,A,-,03,22350,,N,C,C,A,A,H,-,A,A,0,,,,,Y,,A,01,0,0,1,0,0,0,0,0,0,"- ","- ",37.2581787109375,-121.85867309570312,"SANTA CLARA","SAN JOSE",-121.85841369628906,37.258144378662109
91749000,2022,2022-04-15,9330,2022-02-11,0945,021927,,5,1,9,4300,0,3,5,,2,071,"CAMPUS DR","ROTH WAY",27.00,W,N,A,-,N,,,,,,,,,,N,3,0,1,2,A,-,03,22350,,N,D,G,A,A,H,-,A,A,0,,Y,,,Y,,A,07,0,1,0,0,0,0,1,0,0,"- ","- ",37.432319641113281,-122.17343902587891,"SANTA CLARA",UNINCORPORATED,-122.17329406738281,37.432308197021484
91750182,2022,2022-04-18,9340,2022-04-06,0825,021408,,3,1,7,4313,0,1,2,,2,120,"US-101 N/B",SR-87,925.00,N,N,A,-,Y,,,,,,,,,,N,4,0,1,1,A,-,08,22107,,F,E,I,A,A,H,-,A,D,0,,,,,Y,,A,01,0,0,1,0,0,0,0,0,0,"- ","- ",37.375381469726562,-121.93285369873047,"SANTA CLARA","SAN JOSE",-121.93291473388672,37.375083923339844
91751309,2022,2022-04-19,9725,2022-04-09,1335,022827,,6,1,9,4300,0,1,3,,2,053,"SR-156 W/B","ROCKS ROAD",792.00,W,N,A,-,N,,,,,,,,,,N,3,0,1,2,A,-,03,22350,,N,C,C,A,A,H,-,A,D,0,,,,,Y,,A,07,0,1,0,0,0,0,0,0,0,"- ","- ",36.855998992919922,-121.57169342041016,"SANTA CLARA",UNINCORPORATED,-121.57123565673828,36.855701446533203
91752232,2022,2022-04-20,9330,2022-03-02,1845,022785,,3,2,5,4312,0,1,2,,2,078,"US-101 NB","SAN ANTONIO ROAD",1056.00,N,N,A,-,Y,SCL,,101,,,50.426,H,,R,N,4,0,2,4,A,-,03,22350,,N,C,C,A,A,H,-,A,D,0,,,,,Y,,-,"- ",0,0,2,0,0,0,0,0,0,"- ","- ",37.429481506347656,-122.10276031494141,"SANTA CLARA","PALO ALTO",-122.10259246826172,37.429595947265625
91752567,2022,2022-04-20,9340,2022-04-11,0120,022704,,1,3,9,4300,0,1,3,,2,171,"SR-17 N/B","SUMMIT RD",80.00,S,N,A,-,Y,SCL,,17,,,0.083,H,,R,N,3,0,1,1,A,-,01,23152,A,N,E,I,A,A,H,-,D,A,0,,,Y,,Y,Y,C,02,0,1,0,0,0,0,0,0,1,"- ","- ",37.145240783691406,-121.98458862304688,"SANTA CLARA",UNINCORPORATED,-121.98466491699219,37.145210266113281
91752847,2022,2022-04-20,9340,2022-04-13,1535,021560,,3,2,7,4313,0,1,3,,2,083,"SR-85 S/B","UNION AVE",1250.00,S,N,A,-,Y,SCL,,85,,,8.876,H,,L,N,4,0,1,3,A,-,03,22350,,F,C,C,A,A,H,-,A,D,0,,,,,Y,,-,99,0,0,1,0,0,0,0,0,0,"- ","- ",37.250389099121094,-121.92404174804688,"SANTA CLARA","SAN JOSE",-121.92404174804688,37.250373840332031
91753232,2022,2022-04-21,9340,2022-04-10,0350,022684,,7,3,9,4300,0,1,3,,2,171,"SR-17 S/B","HEBARD RD",50.00,S,N,A,-,Y,SCL,,17,,,2.754,H,,L,Y,3,0,1,1,A,-,03,22350,,M,E,J,A,A,C,-,D,D,0,,,,,Y,,D,22,0,1,0,0,0,0,0,0,0,"- ","- ",37.172988891601562,-121.99228668212891,"SANTA CLARA",UNINCORPORATED,-121.99238586425781,37.172901153564453
91753388,2022,2022-07-26,9725,2022-04-15,1715,022112,,5,2,9,4300,0,1,2,,2,012,"US-101 S/B","TENNANT AVENUE",1800.00,S,N,A,-,Y,SCL,,101,,R,14.687,H,,R,N,4,0,1,2,A,-,03,22350,,N,C,C,A,A,H,-,A,A,0,,,,,Y,,D,22,0,0,1,0,0,0,0,0,0,"- ","- ",37.114410400390625,-121.62303924560547,"SANTA CLARA",UNINCORPORATED,-121.62303924560547,37.114410400390625
91753421,2022,2022-04-21,9330,2022-04-10,1520,021662,,7,2,9,4300,0,1,1,,2,074,"I-280 N/B","EL MONTE ROAD",1056.00,N,N,A,-,Y,SCL,,280,,,15.266,H,,R,Y,4,0,1,1,A,-,03,22350,,N,F,A,A,A,H,-,A,D,0,,,,,Y,,E,22,0,0,1,0,0,0,0,0,0,"- ","- ",37.363609313964844,-122.12230682373047,"SANTA CLARA",UNINCORPORATED,-122.12232208251953,37.363594055175781
91753739,2022,2022-04-21,9340,2022-04-09,1725,022659,,6,2,7,4313,0,1,1,,2,681,"I-680 S/B","MCKEE RD",3180.00,N,N,A,-,Y,SCL,,680,,M,2.860,H,,L,Y,2,0,5,4,A,-,03,22350,,N,C,C,A,A,H,-,A,D,0,,,Y,,Y,,A,01,1,0,4,0,0,0,0,0,1,"- ","- ",37.373390197753906,-121.85182189941406,"SANTA CLARA","SAN JOSE",-121.85177612304688,37.373416900634766
91753814,2022,2022-04-21,9725,2022-04-19,0815,019331,,2,1,9,4300,0,1,2,,2,012,"US-101 N/B","E. DUNNE AVE.",500.00,N,N,B,-,Y,SCL,,101,,R,16.177,H,,R,N,4,0,1,2,A,-,03,22350,,N,C,C,A,A,H,-,A,D,0,,,,,Y,,D,22,0,0,1,0,0,0,0,0,0,"- ","- ",37.133888244628906,-121.63469696044922,"SANTA CLARA",UNINCORPORATED,-121.63474273681641,37.133872985839844
91754341,2022,2022-04-22,9725,2022-04-13,1900,022112,,3,2,9,4300,0,1,2,,2,012,"US-101 S/B","E. MAIN AVENUE",2500.00,N,N,A,-,Y,SCL,,101,,R,16.855,H,,L,N,4,0,4,3,A,-,03,22350,,N,C,2,A,A,H,-,A,D,0,,,,,Y,,A,01,0,0,4,0,0,0,0,0,0,"- ","- ",37.141971588134766,-121.64174652099609,"SANTA CLARA",UNINCORPORATED,-121.64194488525391,37.141849517822266
91755482,2022,2022-04-25,9340,2022-04-15,1405,022602,,5,2,6,4314,0,1,2,,2,120,"US101 S/B","GREAT AMERICA PKY",822.00,N,N,A,-,Y,SCL,,101,,,42.902,H,,L,N,3,0,1,1,A,-,03,22350,,N,F,A,A,A,H,-,A,D,0,,,Y,,Y,,C,02,0,1,0,0,0,0,0,0,1,"- ","- ",37.386531829833984,-121.97962188720703,"SANTA CLARA","SANTA CLARA",-121.97968292236328,37.386402130126953
91755773,2022,2022-04-25,9330,2022-04-13,1806,022807,,3,2,5,4311,0,1,2,,2,078,"US 101 N/B","ELLIS STREET",970.00,N,N,A,-,Y,SCL,,101,,,47.228,H,,R,Y,4,0,2,4,A,-,07,21658,A,N,B,C,A,A,H,-,A,D,0,,,,,Y,,A,01,0,0,2,0,0,0,0,0,0,"- ","- ",37.405120849609375,-122.05477142333984,"SANTA CLARA","MOUNTAIN VIEW",-122.05474853515625,37.405162811279297
91756649,2022,2022-04-26,9340,2022-04-18,0625,018333,,1,1,7,4313,0,1,3,,2,083,"SR 85 N/B","BLOSSOM HILL RD.",1700.00,N,N,B,-,Y,,,,,,,,,,Y,3,0,1,2,A,-,07,21658,A,N,B,2,A,A,H,-,A,D,0,,,,,Y,,A,01,0,1,0,0,0,0,0,0,0,"- ","- ",37.255020141601562,-121.94557189941406,"SANTA CLARA","SAN JOSE",-121.84177398681641,37.253303527832031
91756801,2022,2022-04-26,9330,2022-03-22,1728,022785,,2,2,5,4311,0,1,2,,2,078,"US-101 S/B","ELLIS STREET",1050.00,N,N,A,-,Y,SCL,,101,,,47.209,H,,L,N,4,0,1,3,A,-,03,22350,,N,C,C,A,A,H,-,A,D,0,,,,,Y,,A,01,0,0,1,0,0,0,0,0,0,"- ","- ",37.404869079589844,-122.05442810058594,"SANTA CLARA","MOUNTAIN VIEW",-122.05443572998047,37.404861450195312
91757497,2022,2022-04-27,9340,2022-04-16,0110,020138,,6,3,7,4313,0,1,1,,2,088,"I-880 N/B","FOREST AVE",630.00,N,N,A,-,Y,SCL,,880,,,0.820,H,,R,Y,3,0,1,2,A,-,01,23152,A,N,C,C,A,A,H,-,D,D,0,,,,,Y,Y,A,07,0,1,0,0,0,0,0,0,0,"- ","- ",37.329219818115234,-121.94065093994141,"SANTA CLARA","SAN JOSE",-121.94070434570312,37.329219818115234
91757655,2022,2022-04-27,9725,2022-04-22,0550,022571,,5,3,9,4300,0,1,3,,1,170,"SR-152 W/B","DINOSAUR POINT RD",14520.00,W,N,A,-,Y,SCL,,152,,,32.034,H,,L,Y,3,0,1,2,A,-,03,22350,,N,A,C,A,B,H,-,D,D,0,,,,,Y,,E,22,0,1,0,0,0,0,0,0,0,"- ","- ",37.045261383056641,-121.26091766357422,"SANTA CLARA",UNINCORPORATED,-121.26096343994141,37.045303344726562
91757704,2022,2022-04-27,9340,2022-04-18,1615,020574,,1,2,7,4313,0,1,3,,2,087,"SR-87 N/B TO CURTNER AVE","CURTNER AVE",60.00,S,N,A,-,Y,,,,,,,,,,N,3,0,1,3,A,-,03,22350,,M,C,C,A,A,H,-,A,A,0,,,,,Y,,A,01,0,1,0,0,0,0,0,0,0,"- ","- ",37.294761657714844,-121.87235260009766,"SANTA CLARA","SAN JOSE",-121.87235260009766,37.294761657714844
91757752,2022,2022-04-27,9340,2022-04-19,1600,022758,,2,2,7,4313,0,1,2,,2,120,"US-101 S/B","GREAT AMERICA PKY",2200.00,N,N,A,-,Y,SCL,,101,,,43.188,H,,L,N,4,0,1,2,A,-,03,22350,,N,C,C,A,A,H,-,A,D,0,,,,,Y,,D,22,0,0,1,0,0,0,0,0,0,"- ","- ",37.387828826904297,-121.98435211181641,"SANTA CLARA","SAN JOSE",-121.984375,37.387760162353516
91758490,2022,2022-06-17,9340,2022-04-16,0420,022756,,6,3,9,4300,0,1,3,,2,171,"SR-17 N/B","REDWOOD ESTATES",50.00,S,N,B,C,Y,SCL,,17,,,1.266,H,,R,Y,3,0,1,2,A,-,03,22350,,N,C,C,A,B,H,-,B,D,0,,,,,Y,,A,01,0,1,0,0,0,0,0,0,0,"- ","- ",37.158710479736328,-121.98271179199219,"SANTA CLARA",UNINCORPORATED,-121.98255157470703,37.158817291259766
91759356,2022,2022-04-28,9340,2022-04-20,1400,022819,,3,2,9,4300,0,3,5,,2,020,"SR-9 S/B","REDWOOD GULCH ROAD",4500.00,N,N,A,-,Y,SCL,,9,,,1.308,H,,L,Y,3,0,5,1,A,-,03,22350,,N,E,I,A,A,H,-,A,D,0,,,,,Y,,A,01,0,5,0,0,0,0,0,0,0,"- ","- ",37.257068634033203,-122.10984039306641,"SANTA CLARA",UNINCORPORATED,-122.10985565185547,37.257045745849609
91761098,2022,2022-04-29,9340,2022-04-19,0815,022541,,2,1,9,4300,0,3,5,,2,050,"BEAR CREEK RD","CHASE RD",1056.00,W,N,C,-,Y,,,,,,,,,,Y,2,0,2,3,A,-,05,21460,A,N,A,2,A,B,H,-,A,A,0,,,,,Y,,A,01,1,1,0,0,0,0,0,0,0,"- ","- ",37.182949066162109,-121.00463104248047,"SANTA CLARA",UNINCORPORATED,-122.00462341308594,37.182941436767578
91761110,2022,2022-04-29,9340,2022-04-19,1535,022594,,2,2,7,4313,0,1,3,,2,087,"SR-87 S/B","CURTNER AVE",30.00,N,N,A,-,Y,SCL,,87,,,2.844,H,,L,Y,4,0,1,3,A,-,03,22350,,N,C,C,A,A,H,-,A,D,0,,,,,Y,,A,07,0,0,1,0,0,0,0,0,0,"- ","- ",37.294300079345703,-121.87310028076172,"SANTA CLARA","SAN JOSE",-121.873046875,37.294315338134766
91761194,2022,2022-04-29,9340,2022-04-21,2340,022668,,4,3,7,4313,0,1,2,,2,110,"US-101 NB","COYOTE ROAD",250.00,S,N,B,C,Y,SCL,,101,,,29.673,H,,R,N,3,0,1,2,A,-,03,22350,,N,C,C,A,B,H,-,C,D,0,,,,,Y,,A,01,0,1,0,0,0,0,0,0,0,"- ","- ",37.276210784912109,-121.80487060546875,"SANTA CLARA","SAN JOSE",-121.80487060546875,37.276210784912109
91762144,2022,2022-05-02,9340,2022-04-22,0400,022825,,5,3,7,4313,0,1,3,,2,172,"SR-17 TO I-280 S/B","I-280 S/B",312.00,S,N,C,-,Y,,,,,,,,,,Y,4,0,1,1,A,-,03,22350,,N,F,A,A,B,H,-,D,A,0,,,,,Y,,A,01,0,0,1,0,0,0,0,0,0,"- ","- ",37.316791534423828,-121.93916320800781,"SANTA CLARA","SAN JOSE",-121.93916320800781,37.316791534423828
91762270,2022,2022-05-02,9725,2022-04-22,2220,022334,,5,3,4,4304,0,1,2,,1,010,"US-101 S/B","MESA RD",105.00,N,N,A,-,Y,SCL,,101,,,4.205,H,,L,N,4,0,1,2,A,-,08,22107,,M,B,C,A,A,H,-,D,D,0,,,,,Y,,A,07,0,0,1,0,0,0,0,0,0,"- ","- ",36.976249694824219,-121.55568695068359,"SANTA CLARA",GILROY,-121.55571746826172,36.976245880126953
91762355,2022,2022-05-02,9340,2022-04-23,1150,021624,,6,1,7,4313,0,1,1,,2,088,"I-880 S/B","STEVENS CREEK BLVD",1500.00,N,N,A,-,Y,SCL,,880,,,0.679,H,,L,Y,4,0,1,2,A,-,03,22350,,N,C,C,A,A,H,-,A,A,0,,,,,Y,,A,01,0,0,1,0,0,0,0,0,0,"- ","- ",37.3271484375,-121.94094848632812,"SANTA CLARA","SAN JOSE",-121.94089508056641,37.3271484375
91762549,2022,2022-05-02,9725,2022-04-29,1915,022836,,5,2,4,4304,0,1,3,,1,170,"SR-152 E/B","CASA DE FRUTA PARKWAY",0.00,,Y,A,-,Y,,,,,,,,,,Y,4,0,3,2,A,-,09,21802,A,N,D,C,A,A,H,-,A,A,0,,,,,Y,,D,22,0,0,3,0,0,0,0,0,0,"- ","- ",36.988201141357422,-121.38398742675781,"SANTA CLARA",GILROY,-121.38433074951172,36.988315582275391
91763417,2022,2022-05-03,9340,2022-04-25,0815,022227,,1,1,7,4313,0,1,1,,2,088,"I-880 N/B","FIRST ST",400.00,S,N,A,-,Y,SCL,,880,,,3.482,H,,R,N,4,0,1,2,A,-,03,22350,,N,C,C,A,A,H,-,A,D,0,,,,,Y,,D,22,0,0,1,0,0,0,0,0,0,"- ","- ",37.357200622558594,-121.90821838378906,"SANTA CLARA","SAN JOSE",-121.90822601318359,37.357200622558594
91763445,2022,2022-05-03,9340,2022-04-25,1650,022758,,1,2,7,4313,0,1,2,,2,120,"US-101 S/B","BROKAW RD",150.00,S,N,A,-,Y,SCL,,101,,,39.389,H,,L,Y,3,0,2,4,A,-,03,22350,,N,C,C,A,A,H,-,A,D,0,,,,,Y,,D,22,0,1,1,0,0,0,0,0,0,"- ","- ",37.371959686279297,-121.91861724853516,"SANTA CLARA","SAN JOSE",-121.91862487792969,37.371944427490234
91763466,2022,2022-05-03,9340,2022-04-22,1603,022758,,5,2,7,4313,0,1,1,,2,089,"I-880 S/B","BROKAW RD",50.00,S,N,A,-,Y,SCL,,880,,,5.347,H,,L,N,4,0,1,2,A,-,03,22350,,N,C,C,A,A,H,-,A,D,0,,,,,Y,,A,07,0,0,1,0,0,0,0,0,0,"- ","- ",37.382198333740234,-121.90447998046875,"SANTA CLARA","SAN JOSE",-121.90451812744141,37.382194519042969
91763785,2022,2022-05-04,9340,2022-04-21,1645,020574,,4,2,9,4300,0,3,5,,2,020,"JERILYN DRIVE","SERRANO AVENUE",73.00,E,N,A,-,Y,,,,,,,,,,Y,2,0,1,1,A,-,08,22107,,N,A,E,A,A,H,-,A,D,0,,,,,Y,,D,22,1,0,0,0,0,0,0,0,0,"- ","- ",37.362140655517578,-121.82028961181641,"SANTA CLARA",UNINCORPORATED,-121.81980133056641,37.362430572509766
91764356,2022,2022-05-04,9340,2022-04-26,0810,018239,,2,1,7,4313,0,1,1,,2,089,"I-880 S/B","BROKAW RD",1056.00,S,N,B,-,Y,SCL,,880,,,4.866,H,,L,N,4,0,1,3,A,-,03,22350,,N,C,C,A,A,H,-,A,D,0,,,,,Y,,A,01,0,0,1,0,0,0,0,0,0,"- ","- ",37.375389099121094,-121.90290069580078,"SANTA CLARA","SAN JOSE",-121.90291595458984,37.375389099121094
91764371,2022,2022-05-04,9340,2022-04-26,0830,018333,,2,1,7,4313,0,1,2,,2,110,"US 101 N/B","MCKEE RD.",1000.00,N,N,A,-,Y,SCL,,101,,R,36.311,H,,R,N,3,0,1,2,A,-,03,22350,,N,C,C,A,A,H,-,A,D,0,,,,,Y,,A,01,0,1,0,0,0,0,0,0,0,"- ","- ",37.356048583984375,-121.86810302734375,"SANTA CLARA","SAN JOSE",-121.86808776855469,37.356056213378906
91764426,2022,2022-05-04,9340,2022-04-24,1830,022374,,7,2,7,4313,0,1,1,,2,681,"I-680 N/B (TO HOSTETTER ROAD)","HOSTETTER ROAD",26.00,S,N,A,-,Y,,,,,,,,,,N,4,0,1,2,A,-,03,22350,,N,C,C,A,A,H,-,A,A,0,,,Y,,Y,,C,02,0,0,1,0,0,0,0,0,0,"- ","- ",37.395469665527344,-121.87312316894531,"SANTA CLARA","SAN JOSE",-121.87368774414062,37.395057678222656