CASE_ID,ACCIDENT_YEAR,PROC_DATE,JURIS,COLLISION_DATE,COLLISION_TIME,OFFICER_ID,REPORTING_DISTRICT,DAY_OF_WEEK,CHP_SHIFT,POPULATION,CNTY_CITY_LOC,SPECIAL_COND,BEAT_TYPE,CHP_BEAT_TYPE,CITY_DIVISION_LAPD,CHP_BEAT_CLASS,BEAT_NUMBER,PRIMARY_RD,SECONDARY_RD,DISTANCE,DIRECTION,INTERSECTION,WEATHER_1,WEATHER_2,STATE_HWY_IND,CALTRANS_COUNTY,CALTRANS_DISTRICT,STATE_ROUTE,ROUTE_SUFFIX,POSTMILE_PREFIX,POSTMILE,LOCATION_TYPE,RAMP_INTERSECTION,SIDE_OF_HWY,TOW_AWAY,COLLISION_SEVERITY,NUMBER_KILLED,NUMBER_INJURED,PARTY_COUNT,PRIMARY_COLL_FACTOR,PCF_CODE_OF_VIOL,PCF_VIOL_CATEGORY,PCF_VIOLATION,PCF_VIOL_SUBSECTION,HIT_AND_RUN,TYPE_OF_COLLISION,MVIW,PED_ACTION,ROAD_SURFACE,ROAD_COND_1,ROAD_COND_2,LIGHTING,CONTROL_DEVICE,CHP_ROAD_TYPE,PEDESTRIAN_ACCIDENT,BICYCLE_ACCIDENT,MOTORCYCLE_ACCIDENT,TRUCK_ACCIDENT,NOT_PRIVATE_PROPERTY,ALCOHOL_INVOLVED,STWD_VEHTYPE_AT_FAULT,CHP_VEHTYPE_AT_FAULT,COUNT_SEVERE_INJ,COUNT_VISIBLE_INJ,COUNT_COMPLAINT_PAIN,COUNT_PED_KILLED,COUNT_PED_INJURED,COUNT_BICYCLIST_KILLED,COUNT_BICYCLIST_INJURED,COUNT_MC_KILLED,COUNT_MC_INJURED,PRIMARY_RAMP,SECONDARY_RAMP,LATITUDE,LONGITUDE,COUNTY,CITY,POINT_X,POINT_Y
91873547,2022,2022-09-26,9330,2022-09-14,1600,022244,,3,2,5,4311,0,1,3,,2,076,"SR-85 SOUTHBOUND","FREMONT AVENUE",1056.00,N,N,A,-,Y,SCL,,85,,R,20.165,H,,L,N,4,0,1,2,A,-,03,22350,,N,C,C,A,A,H,-,A,D,0,,,,,Y,,D,22,0,0,1,0,0,0,0,0,0,"- ","- ",37.355991363525391,-122.06252288818359,"SANTA CLARA","MOUNTAIN VIEW",-122.06240844726562,37.35601806640625
91873577,2022,2022-09-26,9340,2022-09-18,0259,022500,,7,3,7,4313,0,1,3,,2,172,"SR-17 N/B TO I-280 S/B","MOORPARK AVE.",430.00,N,N,B,-,Y,SCL,,280,,L,5.332,H,,L,Y,4,0,1,1,A,-,01,23152,A,N,E,I,A,A,H,-,D,A,0,,,,,Y,Y,A,01,0,0,1,0,0,0,0,0,0,"- ","- ",37.317390441894531,-121.93892669677734,"SANTA CLARA","SAN JOSE",-121.93891906738281,37.317298889160156
91875309,2022,2022-09-28,9330,2022-09-16,1755,022849,,5,2,5,4311,0,1,3,,2,075,"SR-237 WESTBOUND","MIDDLEFIELD ROAD",758.00,W,N,A,-,Y,SCL,,237,,M,1.412,H,,L,N,4,0,2,2,A,-,03,22350,,N,C,C,A,A,H,-,A,D,0,,,,,Y,,A,01,0,0,2,0,0,0,0,0,0,"- ","- ",37.391139984130859,-122.05226898193359,"SANTA CLARA","MOUNTAIN VIEW",-122.05225372314453,37.391124725341797
91876873,2022,2022-09-29,9725,2022-09-28,1630,021618,,3,2,9,4300,0,1,3,,1,130,SR-25,"BOLSA ROAD",2640.00,N,N,A,-,Y,SCL,,25,,,1.128,H,,R,N,4,0,1,2,A,-,03,22350,,N,C,C,A,A,H,-,A,D,0,,,,,Y,,A,07,0,0,1,0,0,0,0,0,0,"- ","- ",36.95513916015625,-121.52980804443359,"SANTA CLARA",UNINCORPORATED,-121.52976989746094,36.955162048339844
91878933,2022,2022-09-30,9330,2022-09-20,1955,023062,,2,2,5,4311,0,1,2,,2,078,"US-101 SOUTHBOUND","SAN ANTONIO ROAD",930.00,N,N,A,-,Y,SCL,,101,,,50.490,H,,L,N,3,0,1,4,A,-,03,22350,,N,C,C,A,A,H,-,D,D,0,,,,,Y,,A,07,0,1,0,0,0,0,0,0,0,"- ","- ",37.430130004882812,-122.10347747802734,"SANTA CLARA","MOUNTAIN VIEW",-122.10347747802734,37.430133819580078
91879338,2022,2022-09-30,9340,2022-09-26,1150,018665,,1,1,7,4313,0,1,3,,2,083,"SR-85 N/B","CAMDEN AVE.",332.00,S,N,A,-,Y,SCL,,85,,,8.048,H,,R,Y,4,0,1,2,A,-,07,21658,A,N,B,C,A,A,H,-,A,D,0,,,,,Y,,D,22,0,0,1,0,0,0,0,0,0,"- ","- ",37.250778198242188,-121.90928649902344,"SANTA CLARA","SAN JOSE",-121.90928649902344,37.250770568847656
91880758,2022,2022-10-03,9340,2022-09-24,1540,022779,,6,2,7,4313,0,1,2,,2,120,"US-101 N/B","OAKLAND RD",1100.00,N,N,A,-,Y,SCL,,101,,,37.952,H,,R,Y,3,0,2,4,A,-,03,22350,,N,C,C,A,A,H,-,A,D,0,,,,,Y,,A,07,0,1,1,0,0,0,0,0,0,"- ","- ",37.363571166992188,-121.89565277099609,"SANTA CLARA","SAN JOSE",-121.89566040039062,37.363483428955078
91881028,2022,2022-10-04,9340,2022-09-25,1850,021885,,7,2,6,4314,0,1,2,,2,120,"US-101 S/B","LAWRENCE EXPY",2640.00,S,N,A,-,Y,SCL,,101,,,43.364,H,,L,Y,3,0,1,4,A,-,03,22350,,F,C,C,A,A,H,-,C,D,0,,,Y,,Y,,-,99,0,1,0,0,0,0,0,0,1,"- ","- ",37.388591766357422,-121.98732757568359,"SANTA CLARA","SANTA CLARA",-121.98735046386719,37.3885498046875
91881365,2022,2022-10-04,9725,2022-10-02,2235,022836,,7,3,9,4300,0,3,5,,2,001,"MISSION VIEW DRIVE","HALF ROAD",0.00,,Y,A,-,N,,,,,,,,,,Y,3,0,1,1,A,-,01,23152,A,N,E,I,A,A,H,-,D,A,0,,,,,Y,Y,A,07,0,1,0,0,0,0,0,0,0,"- ","- ",37.149131774902344,-121.64051055908203,"SANTA CLARA",UNINCORPORATED,-121.64044189453125,37.149173736572266
91882649,2022,2022-10-05,9725,2022-09-26,0030,022836,,1,3,9,4300,0,1,3,,2,085,"SR-85 N/B","GREAT OAKS BOULEVARD",3168.00,N,N,A,-,Y,SCL,,85,,,1.168,H,,R,N,2,0,1,1,A,-,08,22107,,N,E,I,A,A,H,-,D,D,0,,,,,Y,Y,A,01,1,0,0,0,0,0,0,0,0,"- ","- ",37.239631652832031,-121.79002380371094,"SANTA CLARA",UNINCORPORATED,-121.79001617431641,37.239646911621094
91883692,2022,2022-10-06,9340,2022-09-25,1705,020684,,7,2,9,4300,0,1,3,,2,009,SR-9,"HEATHER HEIGHTS RD",162.00,N,N,A,-,Y,SCL,,9,,,0.431,H,,R,N,3,0,1,1,A,-,03,22350,,N,E,8,A,A,H,-,A,A,0,,,,,Y,,A,01,0,1,0,0,0,0,0,0,0,"- ","- ",37.256568908691406,-122.11570739746094,"SANTA CLARA",UNINCORPORATED,-122.11573028564453,37.256576538085938
91884161,2022,2022-10-06,9340,2022-09-30,0740,014896,,5,1,5,4303,0,1,1,,2,282,"I-280 S/B TO STEVENS CREEK BLVD","STEVENS CREEK BLVD",825.00,N,N,A,-,Y,SCL,,280,,,7.672,H,,L,Y,4,0,1,2,A,-,08,22107,,N,B,C,A,A,H,-,A,D,0,,,,,Y,,A,07,0,0,1,0,0,0,0,0,0,"- ","- ",37.324821472167969,-122.00375366210938,"SANTA CLARA",CUPERTINO,-122.00371551513672,37.324859619140625
91885725,2022,2022-10-10,9340,2022-09-29,1745,021158,,4,2,7,4313,0,1,1,,2,281,I-280,"S. 7TH STREET",50.00,S,N,A,-,Y,SCL,,280,,R,1.536,H,,R,Y,4,0,1,2,A,-,03,22350,,N,C,C,A,A,H,-,A,D,0,,,,,Y,,A,01,0,0,1,0,0,0,0,0,0,"- ","- ",37.327751159667969,-121.87525939941406,"SANTA CLARA","SAN JOSE",-121.87529754638672,37.3280029296875
91886423,2022,2022-10-10,9340,2022-09-30,1830,022967,,5,2,7,4313,0,1,2,,2,120,"US-101 S/B","TRIMBLE RD",367.00,N,N,A,-,Y,SCL,,101,,,40.778,H,,L,N,4,0,1,2,A,-,01,23152,A,N,B,C,A,A,H,-,A,D,0,,,,,Y,Y,A,01,0,0,1,0,0,0,0,0,0,"- ","- ",37.376930236816406,-121.94306182861328,"SANTA CLARA","SAN JOSE",-121.94306945800781,37.376903533935547
91886747,2022,2022-10-10,9340,2022-10-01,2315,022877,,6,3,7,4313,0,1,1,,2,089,"I-880 S/B","BROKAW ROAD",1440.00,S,N,A,-,Y,SCL,,880,,,5.067,H,,L,Y,4,0,2,2,A,-,07,21658,A,M,B,2,A,A,H,-,C,D,0,,,,,Y,,A,01,0,0,2,0,0,0,0,0,0,"- ","- ",37.378219604492188,-121.90363311767578,"SANTA CLARA","SAN JOSE",-121.90358734130859,37.378227233886719
91887236,2022,2022-12-27,9340,2022-10-01,1605,022819,,6,2,7,4313,0,1,1,,2,681,"I-680 S/B",US-101,100.00,N,N,A,-,Y,SCL,,680,,M,0.025,H,,L,N,4,0,1,2,A,-,08,22107,,F,B,C,A,A,H,-,A,D,0,,,,,Y,,A,07,0,0,1,0,0,0,0,0,0,"- ","- ",37.339939117431641,-121.85173797607422,"SANTA CLARA","SAN JOSE",-121.85175323486328,37.339958190917969
91887323,2022,2022-10-11,9340,2022-10-02,1141,022541,,7,1,7,4313,0,1,1,,2,282,"I-280 N/B TO FOOTHILL BLVD","FOOTHILL BLVD",550.00,S,N,A,-,Y,,,,,,,,,,N,4,0,1,3,A,-,03,22350,,N,C,C,A,A,H,-,A,D,0,,,,,Y,,A,01,0,0,1,0,0,0,0,0,0,"- ","- ",37.335010528564453,-121.06642150878906,"SANTA CLARA","SAN JOSE",-122.07016754150391,37.334274291992188
91888369,2022,2022-10-12,9725,2022-10-09,1329,022571,,7,1,9,4300,0,1,3,,1,170,"SR-152 W/B",SR-156,1835.00,E,N,A,-,Y,SCL,,152,,R,22.364,H,,L,N,4,0,1,3,A,-,03,22350,,N,C,C,A,A,H,-,A,D,0,,,,,Y,,D,22,0,0,1,0,0,0,0,0,0,"- ","- ",36.974288940429688,-121.38198852539062,"SANTA CLARA",UNINCORPORATED,-121.38195037841797,36.974285125732422
91889577,2022,2022-10-13,9340,2022-10-01,2100,023059,,6,2,4,4302,0,1,3,,2,172,"SR-17 N/B TO HAMILTON AVE","CREEKSIDE WAY",427.00,S,N,A,-,Y,,,,,,,,,,Y,4,0,1,1,A,-,03,22350,,N,E,8,A,A,H,-,C,D,0,,,,,Y,,A,01,0,0,1,0,0,0,0,0,0,"- ","- ",37.2930908203125,-121.93701171875,"SANTA CLARA",CAMPBELL,-121.93701171875,37.2930908203125
91889676,2022,2022-10-13,9725,2022-10-09,0000,022827,,7,3,9,4300,0,1,2,,2,013,"US-101 N/B","COYOTE CREEK GOLF DR",1056.00,N,N,A,-,Y,SCL,,101,,R,21.625,H,,R,N,3,0,2,2,A,-,01,23152,A,N,D,C,A,A,H,-,D,D,0,,,,,Y,Y,A,01,0,1,1,0,0,0,0,0,0,"- ","- ",37.194221496582031,-121.69773864746094,"SANTA CLARA",UNINCORPORATED,-121.69783020019531,37.194137573242188
91890295,2022,2022-10-14,9340,2022-10-06,0700,022868,,4,1,7,4313,0,1,2,,2,120,"US-101 N/B","LAFAYETTE ST",44.00,S,N,A,-,Y,SCL,,101,,,41.054,H,,R,N,4,0,1,2,A,-,03,22350,,N,C,C,A,A,H,-,A,D,0,,,,,Y,,A,07,0,0,1,0,0,0,0,0,0,"- ","- ",37.3780517578125,-121.94798278808594,"SANTA CLARA","SAN JOSE",-121.94798278808594,37.3780517578125
91890599,2022,2022-10-14,9330,2022-09-26,1930,023060,,1,2,5,4311,0,1,2,,2,078,"US-101 SOUTHBOUND","SAN ANTONIO ROAD",528.00,S,N,A,-,Y,SCL,,101,,,50.210,H,,L,N,4,0,1,5,A,-,03,22350,,M,C,C,A,A,H,-,B,D,0,,,,,Y,,A,07,0,0,1,0,0,0,0,0,0,"- ","- ",37.426998138427734,-122.10018920898438,"SANTA CLARA","MOUNTAIN VIEW",-122.10018920898438,37.427001953125
91890619,2022,2022-10-14,9340,2022-10-04,1850,022374,,2,2,7,4313,0,1,3,,2,087,"SR-87 N/B","CAROL DRIVE",1210.00,S,N,A,-,Y,SCL,,87,,,2.279,H,,R,Y,2,0,1,1,A,-,01,23152,A,N,E,J,A,A,H,-,B,D,0,,,,,Y,Y,A,01,1,0,0,0,0,0,0,0,0,"- ","- ",37.286930084228516,-121.86898040771484,"SANTA CLARA","SAN JOSE",-121.8690185546875,37.286911010742188
91890684,2022,2022-10-14,9340,2022-10-07,1550,022681,,5,2,7,4313,0,1,1,,2,088,"I-880 N/B","THE ALAMEDA",1000.00,S,N,A,-,Y,SCL,,880,,,1.894,H,,R,N,4,0,1,2,A,-,03,22350,,N,C,C,A,A,H,-,A,D,0,,,,,Y,,A,01,0,0,1,0,0,0,0,0,0,"- ","- ",37.340789794921875,-121.92826080322266,"SANTA CLARA","SAN JOSE",-121.92823028564453,37.340766906738281
91891011,2022,2022-10-17,9340,2022-10-07,1155,022680,,5,1,6,4314,0,1,2,,2,120,"US-101 N/B","TRIMBLE RD",1700.00,N,N,A,-,Y,SCL,,101,,,41.025,H,,R,N,4,0,1,2,A,-,03,22350,,N,C,C,A,A,H,-,A,D,0,,,,,Y,,A,08,0,0,1,0,0,0,0,0,0,"- ","- ",37.37799072265625,-121.94744110107422,"SANTA CLARA","SANTA CLARA",-121.94744873046875,37.377952575683594
91891351,2022,2022-10-17,9330,2022-10-05,1050,022849,,3,1,5,4311,0,1,2,,2,078,"US-101 NORTHBOUND","SAN ANTONIO ROAD",2112.00,S,N,A,-,Y,SCL,,101,,,49.928,H,,R,N,4,0,1,2,A,-,03,22350,,M,C,C,A,A,H,-,A,D,0,,,,,Y,,A,08,0,0,1,0,0,0,0,0,0,"- ","- ",37.424179077148438,-122.09668731689453,"SANTA CLARA","MOUNTAIN VIEW",-122.0966796875,37.424186706542969
91891766,2022,2022-10-17,9340,2022-10-06,1145,018333,,4,1,7,4313,0,1,2,,2,110,"US-101 S/B","JULIAN ST.",50.00,S,N,A,-,Y,SCL,,101,,R,36.128,H,,L,N,4,0,1,1,A,-,08,22107,,N,E,8,A,A,H,-,A,D,0,,,,,Y,,A,07,0,0,1,0,0,0,0,0,0,"- ","- ",37.3538818359375,-121.86614227294922,"SANTA CLARA","SAN JOSE",-121.86604309082031,37.353950500488281
91891892,2022,2022-10-17,9340,2022-10-05,1640,022967,,3,2,7,4313,0,1,2,,2,120,"US-101 S/B","SR-87 S/B",433.00,N,N,A,-,Y,SCL,,101,,,40.014,H,,L,N,3,0,1,2,A,-,03,22350,,N,C,C,A,A,H,-,A,D,0,,,,,Y,,A,01,0,1,0,0,0,0,0,0,0,"- ","- ",37.374088287353516,-121.92951202392578,"SANTA CLARA","SAN JOSE",-121.92952728271484,37.374053955078125
91891912,2022,2022-10-17,9725,2022-10-13,0830,022590,,4,1,4,4304,0,3,5,,2,001,"FRAZIER LAKE ROAD","BLOOMFIELD AVENUE",0.00,,Y,A,-,N,,,,,,,,,,N,3,0,1,1,C,-,18,,,N,E,I,A,A,H,-,A,A,0,,,,,Y,,-,"- ",0,1,0,0,0,0,0,0,0,"- ","- ",36.978260040283203,-122.50868988037109,"SANTA CLARA",GILROY,-121.50852203369141,36.978263854980469
91892103,2022,2022-10-17,9725,2022-10-16,1600,022111,,7,2,9,4300,0,1,3,,1,160,SR-152,"BLOOMFIELD AVENUE",300.00,E,N,A,-,N,,,,,,,,,,N,4,0,1,2,A,-,03,22350,,N,C,C,A,A,H,-,A,D,0,,,,,Y,,A,01,0,0,1,0,0,0,0,0,0,"- ","- ",36.986820220947266,-121.48680114746094,"SANTA CLARA",UNINCORPORATED,-121.48677825927734,36.98687744140625
91892544,2022,2022-10-18,9340,2022-10-06,1655,023024,,4,2,7,4313,0,1,1,,2,089,"I-880 N/B",FIRST,200.00,N,N,A,-,Y,SCL,,880,,,3.754,H,,R,N,3,0,1,1,A,-,03,22350,,N,F,C,A,A,H,-,A,D,0,,,Y,,Y,,C,02,0,1,0,0,0,0,0,0,1,"- ","- ",37.360328674316406,-121.90522766113281,"SANTA CLARA","SAN JOSE",-121.90511322021484,37.360252380371094
91892653,2022,2022-10-18,9340,2022-10-09,1235,022686,,7,1,9,4300,0,3,5,,2,050,"MONTEBELLO RD","PEACOCK CT",492.00,E,N,A,-,N,,,,,,,,,,N,2,0,1,2,A,-,09,21801,A,N,D,G,A,A,H,-,A,D,0,,Y,,,Y,,A,07,1,0,0,0,0,0,1,0,0,"- ","- ",37.295021057128906,-122.09059143066406,"SANTA CLARA",UNINCORPORATED,-122.0914306640625,37.295375823974609
91894125,2022,2022-10-19,9340,2022-10-11,1200,022868,,2,1,5,4308,0,1,1,,2,089,"I-880 N/B","GREAT MALL PKY",2385.00,S,N,A,-,Y,SCL,,880,,,7.223,H,,R,N,3,0,1,2,A,-,17,23114,A,F,E,J,A,A,H,-,A,D,0,,,,,Y,,-,99,0,1,0,0,0,0,0,0,0,"- ","- ",37.409011840820312,-121.91075897216797,"SANTA CLARA",MILPITAS,-121.91072082519531,37.409019470214844
91894143,2022,2022-10-19,9340,2022-10-11,1450,020574,,2,2,7,4313,0,1,3,,2,087,"SR-87 S/B","AUZERAIS AVE",67.00,S,N,A,-,Y,SCL,,87,,,5.317,H,,L,N,4,0,1,2,A,-,03,22350,,N,C,C,A,A,H,-,A,D,0,,,,,Y,,D,22,0,0,1,0,0,0,0,0,0,"- ","- ",37.325908660888672,-121.89373016357422,"SANTA CLARA","SAN JOSE",-121.89377593994141,37.325889587402344
91894392,2022,2022-10-19,9340,2022-10-10,1235,022686,,1,1,7,4313,0,1,3,,2,172,"SR-17 N/B","HAMILTON AVE",4699.00,N,N,A,-,Y,SCL,,17,,,13.257,H,,R,Y,2,0,3,2,A,-,01,23152,A,N,C,C,A,A,H,-,A,D,0,,,,,Y,Y,A,01,2,0,1,0,0,0,0,0,0,"- ","- ",37.307338714599609,-121.94043731689453,"SANTA CLARA","SAN JOSE",-121.94049835205078,37.307338714599609
91894651,2022,2022-10-19,9340,2022-10-12,0852,014896,,3,1,7,4313,0,1,1,,2,281,"I-280 S/B","RACE STREET",333.00,S,N,B,-,Y,SCL,,280,,R,3.664,H,,L,Y,4,0,1,1,A,-,03,22350,,N,E,I,A,A,H,-,A,D,0,,,,,Y,,A,01,0,0,1,0,0,0,0,0,0,"- ","- ",37.315010070800781,-121.90915679931641,"SANTA CLARA","SAN JOSE",-121.90914916992188,37.314998626708984
91895097,2022,2022-10-20,9340,2022-10-11,1635,022938,,2,2,7,4313,0,1,1,,2,281,"I-280 S/B","BASCOM AVE",50.00,N,N,A,-,Y,SCL,,280,,L,4.964,H,,L,N,4,0,1,2,A,-,03,22350,,N,C,C,A,A,H,-,A,D,0,,,,,Y,,A,07,0,0,1,0,0,0,0,0,0,"- ","- ",37.317031860351562,-121.93222808837891,"SANTA CLARA","SAN JOSE",-121.93222808837891,37.317024230957031
91895423,2022,2022-10-20,9340,2022-10-13,0820,018333,,4,1,7,4313,0,1,2,,2,110,"US-101 N/B","HELLYER AVE.",1000.00,S,N,B,-,Y,SCL,,101,,,29.856,H,,R,N,4,0,1,3,A,-,03,22350,,N,C,C,A,A,H,-,A,D,0,,,,,Y,,A,07,0,0,1,0,0,0,0,0,0,"- ","- ",37.279010772705078,-121.80653381347656,"SANTA CLARA","SAN JOSE",-121.8065185546875,37.279014587402344
91896156,2022,2022-10-21,9340,2022-10-12,2110,022819,,3,2,7,4313,0,1,2,,2,110,"US-101 N/B","STORY RD",3100.00,S,N,A,-,Y,SCL,,101,,,33.939,H,,R,Y,3,0,3,3,A,-,08,22107,,F,D,C,A,A,H,-,D,D,0,,,,,Y,,-,99,0,2,1,0,0,0,0,0,0,"- ","- ",37.329071044921875,-121.84130096435547,"SANTA CLARA","SAN JOSE",-121.84141540527344,37.329002380371094
91896254,2022,2022-10-21,9330,2022-10-19,0815,021630,,3,1,9,4300,0,3,5,,2,511,"ALPINE ROAD","STOWE LANE",200.00,W,N,A,-,N,,,,,,,,,,N,4,0,1,2,A,-,03,22350,,N,C,C,A,A,H,-,A,D,0,,,,,Y,,D,22,0,0,1,0,0,0,0,0,0,"- ","- ",37.419391632080078,-122.19117736816406,"SANTA CLARA",UNINCORPORATED,-122.19120788574219,37.419399261474609
91896306,2022,2022-10-21,9330,2022-10-14,1347,022960,,5,1,5,4312,0,1,2,,2,078,"US-101 NORTHBOUND","SAN ANTONIO ROAD",528.00,N,N,A,-,Y,SCL,,101,,,50.506,H,,R,Y,4,0,1,2,A,-,03,22350,,N,C,C,A,A,H,-,A,D,0,,,,,Y,,A,01,0,0,1,0,0,0,0,0,0,"- ","- ",37.430500030517578,-122.10349273681641,"SANTA CLARA","PALO ALTO",-122.10353088378906,37.430473327636719
91897456,2022,2022-10-24,9340,2022-10-13,0840,022543,,4,1,7,4313,0,1,1,,2,282,"I-280 S/B",SR-17,370.00,N,N,B,-,Y,SCL,,280,,L,5.485,H,,L,N,3,0,1,2,A,-,03,22350,,N,C,C,A,A,H,-,A,D,0,,,,,Y,,A,07,0,1,0,0,0,0,0,0,0,"- ","- ",37.317150115966797,-121.94168090820312,"SANTA CLARA","SAN JOSE",-121.94168090820312,37.317127227783203
91897472,2022,2022-10-24,9340,2022-10-13,2245,023020,,4,3,7,4313,0,1,1,,2,681,"I-680 S/B","SUNSET AVE PEDESTRAIN OVERCROSSING",350.00,N,N,A,-,Y,SCL,,680,,M,0.852,H,,L,Y,4,0,1,2,A,-,01,23152,A,M,C,C,A,A,H,-,C,D,0,,,,,Y,Y,A,01,0,0,1,0,0,0,0,0,0,"- ","- ",37.348049163818359,-121.84075164794922,"SANTA CLARA","SAN JOSE",-121.84073638916016,37.348037719726562
91898023,2022,2022-10-24,9340,2022-10-15,1200,022819,,6,1,9,4300,0,1,3,,2,131,"DEL PUERTO CANYON RD (SR-130)","MINES RD",1480.00,E,N,A,-,N,,,,,,,,,,N,2,0,1,1,A,-,03,22350,,N,F,A,A,A,H,-,A,D,0,,,Y,,Y,,C,02,1,0,0,0,0,0,0,0,1,"- ","- ",37.3909912109375,-121.48509216308594,"SANTA CLARA",UNINCORPORATED,-121.48581695556641,37.390689849853516
91898781,2022,2022-10-25,9725,2022-10-18,0725,022608,,2,1,9,4300,0,1,3,,1,170,"SR-152 WESTBOUND","CASA DE FRUTA PARKWAY",15840.00,E,N,A,-,Y,SCL,,152,,R,26.507,H,,L,Y,3,0,1,1,A,-,08,22107,,N,E,I,A,A,H,-,A,D,0,,,,,Y,,A,01,0,1,0,0,0,0,0,0,0,"- ","- ",37.013599395751953,-121.34121704101562,"SANTA CLARA",UNINCORPORATED,-121.34128570556641,37.013702392578125
91898812,2022,2022-10-25,9725,2022-10-20,0350,022836,,4,3,9,4300,0,1,3,,1,130,"SR-25 N/B","BOLSA ROAD",1373.00,N,N,A,-,Y,SCL,,25,,,0.920,H,,R,N,4,0,1,2,A,-,03,22350,,N,C,C,A,A,H,-,D,D,0,,,,,Y,,A,01,0,0,1,0,0,0,0,0,0,"- ","- ",36.952800750732422,-121.52738952636719,"SANTA CLARA",UNINCORPORATED,-121.52738189697266,36.952804565429688
91898943,2022,2022-10-25,9340,2022-10-14,1925,022374,,5,2,7,4313,0,1,3,,2,083,"SR-85 S/B","SANTA TERESA BLVD",3245.00,S,N,A,-,Y,SCL,,85,,,4.588,H,,L,Y,3,0,2,2,A,-,03,22350,,N,C,C,A,A,H,-,C,D,0,,,,,Y,,A,01,0,1,1,0,0,0,0,0,0,"- ","- ",37.255001068115234,-121.84757232666016,"SANTA CLARA","SAN JOSE",-121.84756469726562,37.255054473876953
91899114,2022,2022-10-25,9340,2022-10-20,1550,022819,,4,2,7,4313,0,1,2,,2,120,"US-101 S/B","MONTAGUE EXPY",1530.00,S,N,A,-,Y,SCL,,101,,,41.681,H,,L,N,4,0,1,3,A,-,03,22350,,N,C,C,A,A,H,-,A,D,0,,,,,Y,,D,22,0,0,1,0,0,0,0,0,0,"- ","- ",37.380428314208984,-121.95893859863281,"SANTA CLARA","SAN JOSE",-121.95892333984375,37.380470275878906
91900322,2022,2022-10-26,9340,2022-10-17,0815,022921,,1,1,7,4313,0,1,3,,2,172,"SR-17 S/B FROM STEVENS CREEK BLVD","STEVENS CREEK BLVD",1704.00,S,N,A,-,Y,SCL,,880,,,0.085,H,,L,Y,4,0,1,2,A,-,03,22350,,M,C,C,A,A,H,-,A,D,0,,,,,Y,,A,01,0,0,1,0,0,0,0,0,0,"- ","- ",37.318389892578125,-121.94052886962891,"SANTA CLARA","SAN JOSE",-121.94032287597656,37.318389892578125
91900675,2022,2022-10-27,9340,2022-10-14,1655,023054,,5,2,9,4300,0,1,3,,2,171,"SR-17 S/B","SUMMIT RD",1319.00,N,N,A,-,Y,SCL,,17,,,0.408,H,,L,N,4,0,2,2,A,-,03,22350,,M,C,C,A,A,H,-,A,D,0,,,,,Y,,A,01,0,0,2,0,0,0,0,0,0,"- ","- ",37.1485595703125,-121.98760223388672,"SANTA CLARA",UNINCORPORATED,-121.98755645751953,37.148532867431641
91900694,2022,2022-10-27,9340,2022-10-17,1650,022806,,1,2,7,4313,0,1,3,,2,087,"SR-87 S/B",I-880,400.00,N,N,A,-,Y,SCL,,87,,,7.630,H,,L,N,4,0,1,3,A,-,03,22350,,N,C,C,A,A,H,-,A,D,0,,,,,Y,,A,07,0,0,1,0,0,0,0,0,0,"- ","- ",37.355121612548828,-121.91211700439453,"SANTA CLARA","SAN JOSE",-121.91212463378906,37.355117797851562
91900932,2022,2022-10-27,9330,2022-10-17,1225,022876,,1,1,5,4311,0,1,2,,2,078,"US-101 SOUTHBOUND","SAN ANTONIO ROAD",950.00,S,N,A,-,Y,SCL,,101,,,50.127,H,,L,Y,3,0,1,2,A,-,03,22350,,N,C,C,A,A,H,-,A,D,0,,,,,Y,,A,01,0,1,0,0,0,0,0,0,0,"- ","- ",37.426078796386719,-122.09925079345703,"SANTA CLARA","MOUNTAIN VIEW",-122.09922790527344,37.426097869873047
91901037,2022,2022-10-27,9340,2022-10-18,1710,023024,,2,2,5,4308,0,1,1,,2,681,"I-680 N/B","SCOTTS CREEK RD",200.00,S,N,A,-,Y,SCL,,680,,M,9.835,H,,R,Y,4,0,2,4,A,-,03,22350,,M,C,C,A,A,H,-,A,D,0,,,,,Y,,A,01,0,0,2,0,0,0,0,0,0,"- ","- ",37.463329315185547,-121.90305328369141,"SANTA CLARA",MILPITAS,-121.90301513671875,37.463348388671875