CASE_ID,ACCIDENT_YEAR,PROC_DATE,JURIS,COLLISION_DATE,COLLISION_TIME,OFFICER_ID,REPORTING_DISTRICT,DAY_OF_WEEK,CHP_SHIFT,POPULATION,CNTY_CITY_LOC,SPECIAL_COND,BEAT_TYPE,CHP_BEAT_TYPE,CITY_DIVISION_LAPD,CHP_BEAT_CLASS,BEAT_NUMBER,PRIMARY_RD,SECONDARY_RD,DISTANCE,DIRECTION,INTERSECTION,WEATHER_1,WEATHER_2,STATE_HWY_IND,CALTRANS_COUNTY,CALTRANS_DISTRICT,STATE_ROUTE,ROUTE_SUFFIX,POSTMILE_PREFIX,POSTMILE,LOCATION_TYPE,RAMP_INTERSECTION,SIDE_OF_HWY,TOW_AWAY,COLLISION_SEVERITY,NUMBER_KILLED,NUMBER_INJURED,PARTY_COUNT,PRIMARY_COLL_FACTOR,PCF_CODE_OF_VIOL,PCF_VIOL_CATEGORY,PCF_VIOLATION,PCF_VIOL_SUBSECTION,HIT_AND_RUN,TYPE_OF_COLLISION,MVIW,PED_ACTION,ROAD_SURFACE,ROAD_COND_1,ROAD_COND_2,LIGHTING,CONTROL_DEVICE,CHP_ROAD_TYPE,PEDESTRIAN_ACCIDENT,BICYCLE_ACCIDENT,MOTORCYCLE_ACCIDENT,TRUCK_ACCIDENT,NOT_PRIVATE_PROPERTY,ALCOHOL_INVOLVED,STWD_VEHTYPE_AT_FAULT,CHP_VEHTYPE_AT_FAULT,COUNT_SEVERE_INJ,COUNT_VISIBLE_INJ,COUNT_COMPLAINT_PAIN,COUNT_PED_KILLED,COUNT_PED_INJURED,COUNT_BICYCLIST_KILLED,COUNT_BICYCLIST_INJURED,COUNT_MC_KILLED,COUNT_MC_INJURED,PRIMARY_RAMP,SECONDARY_RAMP,LATITUDE,LONGITUDE,COUNTY,CITY,POINT_X,POINT_Y
91959664,2022,2023-01-04,9725,2022-12-31,1126,022111,,6,1,9,4300,0,1,2,,1,010,"US-101 S/B","MONTEREY ROAD",1056.00,S,N,C,-,Y,SCL,,101,,R,4.725,H,,L,N,3,0,3,1,A,-,03,22350,,N,E,I,A,B,H,-,A,D,0,,,,,Y,,A,01,0,1,2,0,0,0,0,0,0,"- ","- ",36.983589172363281,-121.55902099609375,"SANTA CLARA",UNINCORPORATED,-121.55884552001953,36.983604431152344
91960949,2022,2023-01-05,9340,2022-12-24,0710,022825,,6,1,7,4313,0,1,1,,2,088,"I-880 N/B","BASCOM AVE",1195.00,S,N,A,-,Y,SCL,,880,,,1.025,H,,R,N,4,0,1,1,A,-,03,22350,,N,E,I,A,A,H,-,A,D,0,,,,,Y,,A,01,0,0,1,0,0,0,0,0,0,"- ","- ",37.331981658935547,-121.93949127197266,"SANTA CLARA","SAN JOSE",-121.93942260742188,37.331943511962891
91961002,2022,2023-01-05,9340,2022-12-27,0700,022825,,2,1,7,4313,0,1,1,,2,281,"I-280 S/B","11TH ST",175.00,S,N,C,-,Y,SCL,,280,,R,1.271,H,,L,N,4,0,2,2,A,-,03,22350,,N,C,C,A,B,H,-,A,D,0,,,,,Y,,A,07,0,0,2,0,0,0,0,0,0,"- ","- ",37.328620910644531,-121.87055206298828,"SANTA CLARA","SAN JOSE",-121.87053680419922,37.328601837158203
91961039,2022,2023-01-05,9340,2022-12-23,1605,022921,,5,2,7,4313,0,1,1,,2,681,"I-680 S/B","MCKEE ROAD",1504.00,S,N,A,-,Y,SCL,,680,,M,2.075,H,,L,Y,4,0,3,4,A,-,03,22350,,N,C,C,A,A,H,-,A,D,0,,,,,Y,,A,07,0,0,3,0,0,0,0,0,0,"- ","- ",37.363990783691406,-121.84390258789062,"SANTA CLARA","SAN JOSE",-121.84383392333984,37.364013671875
91961154,2022,2023-02-08,9330,2022-12-22,1805,023039,,4,2,5,4311,0,1,2,,2,078,"US-101 S/B","ELLIS STREET",72.00,N,N,A,-,Y,SCL,,101,,,47.050,H,,L,N,4,0,3,3,A,-,03,22350,,N,C,C,A,A,H,-,C,D,0,,,Y,,Y,,A,01,0,0,3,0,0,0,0,0,3,"- ","- ",37.404079437255859,-122.05169677734375,"SANTA CLARA","MOUNTAIN VIEW",-122.05169677734375,37.404098510742188
91962050,2022,2023-01-06,9340,2022-12-27,0650,023037,,2,1,7,4313,0,1,3,,2,230,"SR-237 E/B","GREAT AMERICA PKY",900.00,W,N,C,-,Y,SCL,,237,,R,5.675,H,,R,Y,4,0,1,1,A,-,03,22350,,N,E,I,A,B,H,-,B,D,0,,,,,Y,,A,01,0,0,1,0,0,0,0,0,0,"- ","- ",37.414321899414062,-121.98046875,"SANTA CLARA","SAN JOSE",-121.98049163818359,37.414356231689453
91962804,2022,2023-01-09,9340,2022-12-26,2035,021885,,1,2,7,4313,0,1,1,,2,088,"I-880 S/B","COLEMAN AVE",820.00,N,N,A,-,Y,SCL,,880,,,2.839,H,,L,Y,3,0,1,2,A,-,07,21658,A,N,B,C,A,A,H,-,D,D,0,,,,,Y,,A,01,0,1,0,0,0,0,0,0,0,"- ","- ",37.350521087646484,-121.91596221923828,"SANTA CLARA","SAN JOSE",-121.91598510742188,37.350540161132812
91963188,2022,2023-01-09,9725,2022-12-27,0110,022836,,2,3,9,4300,0,1,2,,1,010,"US-101 N/B","SARGENTS OVERCROSSING",200.00,N,N,C,-,Y,SCL,,101,,R,0.921,H,,R,Y,3,0,1,1,A,-,08,22107,,N,E,I,A,B,H,-,D,D,0,,,,,Y,,A,01,0,1,0,0,0,0,0,0,0,"- ","- ",36.930118560791016,-121.54839324951172,"SANTA CLARA",UNINCORPORATED,-121.54835510253906,36.930141448974609
91963495,2022,2023-01-09,9340,2022-12-30,0200,022712,,5,3,7,4313,0,1,2,,2,120,"SR-87 N/B TO US-101 N/B","BROKAW RD.",2320.00,N,N,B,-,Y,SCL,,87,,,9.191,H,,R,N,4,0,1,1,A,-,01,23152,A,N,E,I,A,B,H,-,C,D,0,,,,,Y,Y,D,22,0,0,1,0,0,0,0,0,0,"- ","- ",37.373310089111328,-121.92764282226562,"SANTA CLARA","SAN JOSE",-121.92757415771484,37.373340606689453
91963569,2022,2023-01-09,9340,2022-12-25,0048,022938,,7,3,7,4313,0,1,1,,2,681,"I-680 S/B TO ALUM ROCK AVENUE","ALUM ROCK AVE",402.00,N,N,A,-,Y,,,,,,,,,,Y,3,0,2,1,A,-,03,22350,,N,E,I,A,A,H,-,D,D,0,,,,,Y,Y,A,01,0,1,1,0,0,0,0,0,0,"- ","- ",37.360500335693359,-121.84233856201172,"SANTA CLARA","SAN JOSE",-121.84233856201172,37.360500335693359
91963572,2022,2023-01-09,9340,2022-12-25,2130,022668,,7,2,7,4313,0,1,3,,2,087,"SR-87 N/B TO I-280 N/B",I-280,269.00,S,N,A,-,Y,,,,,,,,,,Y,4,0,1,3,A,-,03,22350,,N,C,C,A,A,H,-,C,D,0,,,,,Y,,A,01,0,0,1,0,0,0,0,0,0,"- ","- ",37.323028564453125,-121.89069366455078,"SANTA CLARA","SAN JOSE",-121.89069366455078,37.323028564453125
91964155,2022,2023-01-10,9725,2022-12-31,2345,022873,,6,3,9,4300,0,1,3,,1,170,"SR-152 W/B","DINOSAUR POINT RD",5280.00,W,N,B,-,Y,SCL,,152,,,32.685,H,,L,N,4,0,1,1,A,-,08,22107,,N,E,I,A,B,H,-,D,D,0,,,,,Y,,A,01,0,0,1,0,0,0,0,0,0,"- ","- ",37.052558898925781,-121.25344848632812,"SANTA CLARA",UNINCORPORATED,-121.25347900390625,37.052597045898438
91964777,2022,2023-03-13,9340,2022-12-31,1030,023024,,6,1,7,4313,0,1,2,,2,110,"US-101 N/B","TAYLOR ST",1715.00,S,N,C,-,Y,SCL,,101,,,36.597,H,,R,Y,4,0,1,3,A,-,03,22350,,N,D,C,A,B,H,-,A,D,0,,,,,Y,,A,07,0,0,1,0,0,0,0,0,0,"- ","- ",37.358989715576172,-121.87201690673828,"SANTA CLARA","SAN JOSE",-121.87202453613281,37.358985900878906
91965367,2022,2023-01-11,9725,2022-12-30,1330,020120,,5,1,9,4300,0,2,4,,1,018,"LEAVESLEY RD.","NEW AVE.",792.00,E,N,B,C,N,,,,,,,,,,Y,2,0,3,1,A,-,03,22350,,N,F,A,A,B,H,-,A,D,0,,,,,Y,,A,07,1,1,1,0,0,0,0,0,0,"- ","- ",37.0343017578125,-121.53447723388672,"SANTA CLARA",UNINCORPORATED,-121.53498077392578,37.034416198730469
91965992,2023,2023-01-11,9340,2023-01-03,2150,022921,,2,2,7,4313,0,1,2,,2,120,"US-101 S/B",I-880,1480.00,N,N,A,-,Y,SCL,,101," "," ",38.600,H,,L,Y,4,0,2,3,A,-,03,22350,,N,C,C,A,A,H,-,C,D,0,,,,,Y,,D,22,0,0,2,0,0,0,0,0,0,"- ","- ",37.366561889648438,-121.90628051757812,"SANTA CLARA","SAN JOSE",-121.90634918212891,37.366508483886719
91966634,2023,2023-01-12,9340,2023-01-01,2255,022601,,7,3,7,4313,0,1,1,,2,282,"I-280 S/B TO WINCHESTER BLVD","MOORPARK AVE",76.00,N,N,A,-,Y,,,,,,,,,,Y,3,0,1,2,A,-,03,22350,,F,C,2,A,A,H,-,C,D,0,,,,,Y,,-,99,0,1,0,0,0,0,0,0,0,"- ","- ",37.316410064697266,-121.95156860351562,"SANTA CLARA","SAN JOSE",-121.95156860351562,37.316410064697266
91966770,2023,2023-01-12,9340,2023-01-04,1320,022227,,3,1,5,4303,0,1,1,,2,282,"I-280 S/B",SR-85,350.00,S,N,C,-,Y,SCL,,280," "," ",10.665,H,,L,Y,3,0,2,2,A,-,03,22350,,N,D,C,A,B,H,-,A,D,0,,,,,Y,,A,01,0,1,1,0,0,0,0,0,0,"- ","- ",37.332618713378906,-122.05425262451172,"SANTA CLARA",CUPERTINO,-122.05424499511719,37.332599639892578
91967814,2022,2023-01-13,9340,2022-12-31,1100,022680,,6,1,7,4313,0,1,3,,2,083,"SR-85 S/B","UNION AVE",1500.00,S,N,B,C,Y,SCL,,85,,,8.952,H,,L,N,4,0,1,1,A,-,03,22350,,N,E,I,A,B,H,-,A,D,0,,,,,Y,,D,22,0,0,1,0,0,0,0,0,0,"- ","- ",37.250278472900391,-121.92545318603516,"SANTA CLARA","SAN JOSE",-121.92545318603516,37.250400543212891
91967832,2023,2023-01-13,9340,2023-01-01,"540 ",023075,,7,3,9,4300,0,1,3,,2,171,"SR-17 S/B","BRUSH RD",897.00,N,N,A,-,Y,SCL,,17," "," ",2.198,H,,L,Y,3,0,1,1,A,-,01,23152,A,N,E,I,A,A,H,-,D,D,0,,,,,Y,Y,D,22,0,1,0,0,0,0,0,0,0,"- ","- ",37.165798187255859,-121.98818206787109,"SANTA CLARA",UNINCORPORATED,-121.98823547363281,37.165802001953125
91967835,2023,2023-01-13,9340,2023-01-02,1420,023059,,1,2,9,4300,0,1,3,,2,171,"SR-17 N/B","REDWOOD ESTATES ROAD",300.00,N,N,C,-,Y,,,,,,,,,,Y,3,0,2,1,A,-,03,22350,,N,E,I,A,B,H,-,A,D,0,,,,,Y,,A,01,0,1,1,0,0,0,0,0,0,"- ","- ",37.160331726074219,-121.98396301269531,"SANTA CLARA",UNINCORPORATED,-121.98423767089844,37.160015106201172
91968044,2022,2023-01-13,9340,2022-05-31,2140,022779,,2,2,7,4313,0,1,2,,2,110,"US-101 N/B TO I-280/ I-680","STORY RD",2078.00,S,N,A,-,Y,SCL,,101,,,34.131,H,,R,N,1,1,0,2,C,-,18,,,N,G,B,E,A,H,-,D,D,0,Y,,,,Y,,-,"- ",0,0,0,1,0,0,0,0,0,"- ","- ",37.331310272216797,-121.84339904785156,"SANTA CLARA","SAN JOSE",-121.84357452392578,37.331199645996094
91968560,2023,2023-01-16,9340,2023-01-07,1705,021885,,6,2,7,4313,0,1,1,,2,282,"I-280 N/B","WINCHESTER BLVD",550.00,N,N,C,-,Y,SCL,,280," "," ",4.677,H,,R,Y,4,0,1,2,A,-,03,22350,,N,B,C,A,B,H,-,B,D,0,,,,,Y,,A,01,0,0,1,0,0,0,0,0,0,"- ","- ",37.316921234130859,-121.95221710205078,"SANTA CLARA","SAN JOSE",-121.95221710205078,37.316898345947266
91970795,2023,2023-01-18,9340,2023-01-08,"145 ",022601,,7,3,7,4313,0,1,3,,2,087,"SR-87 N/B TO US-101 N/B","TRIMBLE RD",3080.00,S,N,C,-,Y,,,,,,,,,,Y,3,0,3,1,A,-,01,23152,A,N,E,I,A,B,H,-,C,D,0,,,,,Y,Y,A,07,0,1,2,0,0,0,0,0,0,"- ","- ",37.374961853027344,-121.93108367919922,"SANTA CLARA","SAN JOSE",,
91970855,2023,2023-01-18,9340,2023-01-09,"839 ",018680,,1,1,7,4313,0,1,1,,2,282,"I-280 N/B","SARATOGA AVE",200.00,N,N,C,-,Y,SCL,,280," "," ",6.079,H,,R,Y,3,0,2,1,A,-,03,22350,,N,E,I,A,B,H,-,A,D,0,,,,,Y,,A,01,0,2,0,0,0,0,0,0,0,"- ","- ",37.317859649658203,-121.97718811035156,"SANTA CLARA","SAN JOSE",-121.9771728515625,37.317905426025391
91971078,2023,2023-01-18,9340,2023-01-09,"610 ",020591,,1,1,7,4313,0,1,3,,2,087,"SR-87 S/B","BRANHAM LN",150.00,N,N,C,-,Y,SCL,,87," "," ",0.780,H,,L,Y,4,0,1,2,A,-,03,22350,,N,C,C,A,B,F,-,C,D,0,,,,,Y,,A,01,0,0,1,0,0,0,0,0,0,"- ","- ",37.266769409179688,-121.85948944091797,"SANTA CLARA","SAN JOSE",-121.85945892333984,37.266777038574219
91971262,2023,2023-01-18,9340,2023-01-10,1935,023034,,2,2,7,4313,0,1,2,,2,110,"US-101 N/B","STORY RD",2110.00,S,N,C,-,Y,SCL,,101," "," ",34.140,H,,R,Y,3,0,1,2,A,-,03,22350,,N,D,2,A,B,H,-,C,D,0,,,,,Y,,D,22,0,1,0,0,0,0,0,0,0,"- ","- ",37.331279754638672,-121.84371185302734,"SANTA CLARA","SAN JOSE",-121.84367370605469,37.331302642822266
91971808,2023,2023-01-19,9725,2023-01-09,"550 ",023192,,1,3,4,4310,0,1,2,,2,012,"US-101 S/B","EAST DUNNE AVE",2640.00,N,N,C,-,Y,SCL,,101," ",R,16.667,H,,L,Y,4,0,1,1,A,-,08,22107,,N,F,0,A,B,H,-,D,D,0,,,,,Y,,D,22,0,0,1,0,0,0,0,0,0,"- ","- ",37.139621734619141,-121.63997650146484,"SANTA CLARA","MORGAN HILL",-121.63985443115234,37.139698028564453
91972178,2023,2023-01-19,9340,2023-01-12,1800,021885,,4,2,7,4313,0,1,1,,2,282,"I-280 S/B","SAN TOMAS EXPY",500.00,S,N,A,-,Y,SCL,,280," "," ",5.210,H,,L,Y,4,0,1,2,A,-,03,22350,,N,C,C,A,A,H,-,D,D,0,,,,,Y,,A,01,0,0,1,0,0,0,0,0,0,"- ","- ",37.316318511962891,-121.96214294433594,"SANTA CLARA","SAN JOSE",-121.96213531494141,37.316379547119141
91972188,2023,2023-01-19,9725,2023-01-09,"911 ",023192,,1,1,7,4313,0,1,3,,2,085,"SR-85 S/B","GREAT OAKS BLVD",3854.00,N,N,C,-,Y,SCL,,85," "," ",1.261,H,,L,Y,4,0,1,1,A,-,03,22350,,N,E,I,A,B,H,-,A,D,0,,,,,Y,,A,01,0,0,1,0,0,0,0,0,0,"- ","- ",37.239681243896484,-121.79178619384766,"SANTA CLARA","SAN JOSE",-121.79180145263672,37.239643096923828
91972694,2023,2023-01-20,9340,2023-01-09,"520 ",023024,,1,3,7,4313,0,1,1,,2,281,"I-280 S/B","RACE ST",125.00,S,N,C,-,Y,SCL,,280," ",R,3.735,H,,L,Y,3,0,1,1,A,-,03,22350,,N,A,I,A,B,H,-,D,A,0,,,,,Y,,A,01,0,1,0,0,0,0,0,0,0,"- ","- ",37.3148193359375,-121.91043853759766,"SANTA CLARA","SAN JOSE",-121.91041564941406,37.314704895019531
91972698,2023,2023-01-20,9340,2023-01-09,"640 ",023025,,1,1,5,4308,0,1,1,,2,681,"I-680 N/B","MONTAGUE EXPRESSWAY",1584.00,S,N,C,-,Y,SCL,,680," ",M,5.863,H,,R,N,3,0,1,3,A,-,03,22350,,N,C,C,A,B,H,-,E,D,0,,,,,Y,,A,01,0,1,0,0,0,0,0,0,0,"- ","- ",37.410049438476562,-121.879150390625,"SANTA CLARA",MILPITAS,-121.87897491455078,37.410083770751953
91972721,2023,2023-01-20,9340,2023-01-08,"115 ",022819,,7,3,7,4313,0,1,1,,2,282,"I-280 S/B","SARATOGA AVE",2700.00,S,N,C,-,Y,SCL,,280," "," ",5.510,H,,L,N,4,0,1,2,A,-,03,22350,,N,C,C,A,B,C,-,D,D,0,,,,,Y,,A,01,0,0,1,0,0,0,0,0,0,"- ","- ",37.316268920898438,-121.96719360351562,"SANTA CLARA","SAN JOSE",-121.96719360351562,37.316295623779297
91972730,2023,2023-01-20,9340,2023-01-08,"900 ",023054,,7,1,9,4300,0,1,3,,2,171,"SR-17 N/B","RAINERI LN",95.00,N,N,B,-,Y,,,,,,,,,,N,3,0,3,1,A,-,03,22350,,N,E,8,A,B,H,-,A,A,0,,,,,Y,,A,07,0,2,1,0,0,0,0,0,0,"- ","- ",37.166168212890625,-122.98818206787109,"SANTA CLARA",UNINCORPORATED,-121.9881591796875,37.166118621826172
91972755,2023,2023-01-20,9340,2023-01-09,"700 ",023025,,1,1,7,4313,0,1,1,,2,681,"I-680 N/B","MCKEE RD",845.00,S,N,C,-,Y,SCL,,680," ",M,2.202,H,,R,N,2,0,1,2,A,-,03,22350,,N,C,C,A,B,H,-,A,D,0,,,,,Y,,A,01,1,0,0,0,0,0,0,0,0,"- ","- ",37.365810394287109,-121.84464263916016,"SANTA CLARA","SAN JOSE",-121.84461975097656,37.365818023681641
91973202,2023,2023-01-20,9330,2023-01-10,"222 ",023032,,2,3,5,4311,0,1,3,,2,076,"SR-85 S/B","FREMONT AVENUE",1056.00,N,N,C,-,Y,SCL,,85," ",R,20.098,H,,L,Y,4,0,1,2,A,-,03,22350,,N,D,C,A,B,C,-,D,D,0,,,,,Y,,A,01,0,0,1,0,0,0,0,0,0,"- ","- ",37.355068206787109,-122.06214141845703,"SANTA CLARA","MOUNTAIN VIEW",-122.06204223632812,37.355094909667969
91973909,2023,2023-01-23,9340,2023-01-10,"448 ",022877,,2,3,7,4313,0,1,1,,2,088,"I-880 N/B","BASCOM AVE.",1374.00,S,N,C,-,Y,SCL,,880," "," ",0.994,H,,R,Y,4,0,1,2,A,-,03,22350,,N,C,C,A,B,C,-,C,D,0,,,,,Y,,A,01,0,0,1,0,0,0,0,0,0,"- ","- ",37.331600189208984,-121.93978118896484,"SANTA CLARA","SAN JOSE",-121.93972778320312,37.331573486328125
91973912,2023,2023-01-23,9340,2023-01-10,2050,023149,,2,2,7,4313,0,1,2,,2,110,"US-101 N/B","TULLY ROAD",2840.00,N,N,B,-,Y,SCL,,101," "," ",33.591,H,,R,Y,4,0,1,4,A,-,03,22350,,N,C,C,A,A,H,-,D,D,0,,,,,Y,,A,01,0,0,1,0,0,0,0,0,0,"- ","- ",37.324909210205078,-121.83769226074219,"SANTA CLARA","SAN JOSE",-121.83763885498047,37.324943542480469
91973921,2023,2023-01-23,9340,2023-01-14,"855 ",022668,,6,1,7,4313,0,1,2,,2,110,"US-101 N/B","TAYLOR STREET",167.00,S,N,B,C,Y,SCL,,101," "," ",36.911,H,,R,Y,4,0,1,2,A,-,03,22350,,F,E,8,A,B,H,-,A,D,0,,,,,Y,,A,07,0,0,1,0,0,0,0,0,0,"- ","- ",37.361099243164062,-121.87687683105469,"SANTA CLARA","SAN JOSE",-121.87687683105469,37.361103057861328
91974717,2023,2023-01-23,9340,2023-01-15,"905 ",022541,,7,1,9,4300,0,1,3,,2,171,"SR-17 N/B","RAINERI LN",390.00,N,N,C,-,Y,SCL,,17," "," ",2.279,H,,R,Y,4,0,1,1,A,-,03,22350,,N,E,8,A,B,H,-,A,D,0,,,,,Y,,A,01,0,0,1,0,0,0,0,0,0,"- ","- ",37.1668701171875,-121.98847198486328,"SANTA CLARA",UNINCORPORATED,-121.98849487304688,37.166862487792969
91975008,2023,2023-01-23,9725,2023-01-16,1540,023169,,1,2,9,4300,0,1,2,,2,015,"US-101 S/B","BLOSSOM HILL ROAD",4382.00,S,N,B,C,Y,SCL,,101," ",R,27.769,H,,L,N,4,0,1,1,A,-,03,22350,,N,E,I,A,B,H,-,A,D,0,,,,,Y,,-,"- ",0,0,1,0,0,0,0,0,0,"- ","- ",37.24993896484375,-121.78408813476562,"SANTA CLARA",UNINCORPORATED,-121.78398132324219,37.250072479248047
91975013,2023,2023-01-23,9725,2023-01-11,"900 ",023192,,3,1,4,4304,0,1,2,,2,011,"US-101 S/B TO 10TH ST","10TH ST",17.00,N,N,C,-,Y,,,,,,,,,,N,4,0,1,2,A,-,03,22350,,N,C,C,A,B,H,-,A,A,0,,,,,Y,,-,"- ",0,0,1,0,0,0,0,0,0,"- ","- ",37.002559661865234,-121.55841827392578,"SANTA CLARA",GILROY,-121.55841827392578,37.002559661865234
91975027,2023,2023-01-23,9725,2023-01-18,1357,022590,,3,1,9,4300,0,1,2,,1,010,"SR-25 S/B","US-101 N/B",0.00,,Y,A,-,Y,SCL,,25," "," ",2.363,H,,L,Y,4,0,1,2,A,-,09,21802,A,N,A,C,A,A,H,-,A,A,0,,,,,Y,,A,08,0,0,1,0,0,0,0,0,0,"- ","- ",36.962108612060547,-121.54823303222656,"SANTA CLARA",UNINCORPORATED,-121.5482177734375,36.962093353271484
91975603,2023,2023-01-24,9725,2023-01-21,"244 ",022880,,6,3,9,4300,0,1,2,,2,012,"US-101 S/B","SAN MARTIN AVENUE",2077.00,N,N,A,-,Y,SCL,,101," ",R,12.744,H,,L,N,3,0,1,2,A,-,08,22107,,F,B,C,A,A,H,-,E,D,0,,,,,Y,,-,99,0,1,0,0,0,0,0,0,0,"- ","- ",37.092548370361328,-121.60163879394531,"SANTA CLARA",UNINCORPORATED,-121.60166931152344,37.092540740966797
91975701,2023,2023-01-24,9330,2023-01-11,"930 ",022409,,3,1,5,4311,0,1,2,,2,078,"US 101 NB","RENGSTORFF AVENUE",2300.00,S,N,B,-,Y,SCL,,101," "," ",49.173,H,,R,N,3,0,1,2,A,-,07,21658,A,N,B,C,A,B,H,-,A,D,0,,,,,Y,,A,01,0,1,0,0,0,0,0,0,0,"- ","- ",37.416671752929688,-122.08643341064453,"SANTA CLARA","MOUNTAIN VIEW",-122.08636474609375,37.416728973388672
91976021,2023,2023-03-27,9330,2023-01-20,"630 ",022975,,5,1,5,4311,0,1,2,,2,078,"US-101 N/B","ELLIS STREET",250.00,S,N,A,-,Y,SCL,,101," "," ",46.995,H,,R,Y,3,0,3,4,A,-,03,22350,,N,C,C,A,A,H,-,A,D,0,,,,,Y,,A,07,0,2,1,0,0,0,0,0,0,"- ","- ",37.404048919677734,-122.05069732666016,"SANTA CLARA","MOUNTAIN VIEW",-122.05068969726562,37.404071807861328
91976804,2023,2023-01-25,9340,2023-01-10,2051,023149,,2,2,7,4313,0,1,2,,2,110,"US-101 N/B","TULLY ROAD",2850.00,N,N,B,-,Y,SCL,,101," "," ",33.611,H,,R,Y,3,0,5,3,A,-,03,22350,,F,E,I,A,A,H,-,D,D,0,,,,,Y,,A,01,0,3,2,0,0,0,0,0,0,"- ","- ",37.325141906738281,-121.83791351318359,"SANTA CLARA","SAN JOSE",-121.83786773681641,37.325168609619141
91976858,2023,2023-01-25,9340,2023-01-12,1620,023075,,4,2,4,4302,0,1,3,,2,172,"SR-17 S/B","HAMILTON AVE",2005.00,N,N,A,-,Y,SCL,,17," "," ",12.731,H,,L,Y,4,0,1,3,A,-,03,22350,,N,C,C,A,A,H,-,A,D,0,,,,,Y,,A,01,0,0,1,0,0,0,0,0,0,"- ","- ",37.299739837646484,-121.94071960449219,"SANTA CLARA",CAMPBELL,-121.94068145751953,37.29974365234375
91978148,2023,2023-01-26,9340,2023-01-15,2325,022803,,7,3,7,4313,0,1,3,,2,083,"SR-85 S/B","UNION AVE",1400.00,S,N,B,C,Y,SCL,,85," "," ",9.005,H,,L,Y,3,0,1,1,A,-,03,22350,,N,E,8,A,B,H,-,C,D,0,,,,,Y,,A,01,0,1,0,0,0,0,0,0,0,"- ","- ",37.250350952148438,-121.92642211914062,"SANTA CLARA","SAN JOSE",-121.92642211914062,37.250385284423828
91978178,2023,2023-01-26,9340,2023-01-16,"342 ",022684,,1,3,6,4314,0,1,3,,2,230,"SR-237 E/B","GREAT AMERICA PKY",940.00,W,N,B,C,Y,SCL,,237," ",R,5.658,H,,R,Y,3,0,1,1,A,-,03,22350,,N,E,I,A,B,F,-,D,D,0,,,,,Y,,A,01,0,1,0,0,0,0,0,0,0,"- ","- ",37.414169311523438,-121.98069763183594,"SANTA CLARA","SANTA CLARA",-121.98075866699219,37.414249420166016
91978404,2023,2023-01-26,9340,2023-01-19,1055,022668,,4,1,7,4313,0,1,2,,2,110,"US-101 N/B","BLOSSOM HILL ROAD",2815.00,N,N,A,-,Y,SCL,,101," "," ",28.807,H,,R,Y,4,0,1,1,A,-,08,22107,,N,E,I,A,A,H,-,A,D,0,,,,,Y,,A,01,0,0,1,0,0,0,0,0,0,"- ","- ",37.264118194580078,-121.80106353759766,"SANTA CLARA","SAN JOSE",-121.80093383789062,37.264144897460938
91980216,2023,2023-01-27,9340,2023-01-15,"430 ",022779,,7,3,7,4313,0,1,2,,2,110,"US-101 N/B","TULLY RD",3625.00,S,N,B,-,Y,SCL,,101," "," ",32.334,H,,R,Y,4,0,1,2,A,-,03,22350,,F,C,2,A,B,H,-,D,D,0,,,,,Y,,A,01,0,0,1,0,0,0,0,0,0,"- ","- ",37.310508728027344,-121.82369232177734,"SANTA CLARA","SAN JOSE",-121.82367706298828,37.310516357421875
91980260,2023,2023-01-27,9340,2023-01-14,"845 ",023024,,6,1,7,4313,0,1,1,,2,089,"I-880 N/B","W. CALAVERAS BLVD",850.00,N,N,C,-,Y,SCL,,880," "," ",8.596,H,,R,Y,3,0,1,1,A,-,08,22107,,N,A,I,A,B,H,-,A,A,0,,,,,Y,,A,01,0,1,0,0,0,0,0,0,0,"- ","- ",37.428070068359375,-121.91748809814453,"SANTA CLARA","SAN JOSE",-121.91736602783203,37.428104400634766
91980287,2023,2023-01-27,9340,2023-01-14,"848 ",023161,,6,1,7,4313,0,1,1,,2,282,"I-280 S/B","WINCHESTER BLVD.",1531.00,N,N,C,-,Y,SCL,,280," "," ",4.848,H,,L,Y,4,0,1,2,A,-,03,22350,,N,B,C,A,B,H,-,A,D,0,,,,,Y,,A,01,0,0,1,0,0,0,0,0,0,"- ","- ",37.316459655761719,-121.95555877685547,"SANTA CLARA","SAN JOSE",-121.95555877685547,37.316478729248047