CASE_ID,ACCIDENT_YEAR,PROC_DATE,JURIS,COLLISION_DATE,COLLISION_TIME,OFFICER_ID,REPORTING_DISTRICT,DAY_OF_WEEK,CHP_SHIFT,POPULATION,CNTY_CITY_LOC,SPECIAL_COND,BEAT_TYPE,CHP_BEAT_TYPE,CITY_DIVISION_LAPD,CHP_BEAT_CLASS,BEAT_NUMBER,PRIMARY_RD,SECONDARY_RD,DISTANCE,DIRECTION,INTERSECTION,WEATHER_1,WEATHER_2,STATE_HWY_IND,CALTRANS_COUNTY,CALTRANS_DISTRICT,STATE_ROUTE,ROUTE_SUFFIX,POSTMILE_PREFIX,POSTMILE,LOCATION_TYPE,RAMP_INTERSECTION,SIDE_OF_HWY,TOW_AWAY,COLLISION_SEVERITY,NUMBER_KILLED,NUMBER_INJURED,PARTY_COUNT,PRIMARY_COLL_FACTOR,PCF_CODE_OF_VIOL,PCF_VIOL_CATEGORY,PCF_VIOLATION,PCF_VIOL_SUBSECTION,HIT_AND_RUN,TYPE_OF_COLLISION,MVIW,PED_ACTION,ROAD_SURFACE,ROAD_COND_1,ROAD_COND_2,LIGHTING,CONTROL_DEVICE,CHP_ROAD_TYPE,PEDESTRIAN_ACCIDENT,BICYCLE_ACCIDENT,MOTORCYCLE_ACCIDENT,TRUCK_ACCIDENT,NOT_PRIVATE_PROPERTY,ALCOHOL_INVOLVED,STWD_VEHTYPE_AT_FAULT,CHP_VEHTYPE_AT_FAULT,COUNT_SEVERE_INJ,COUNT_VISIBLE_INJ,COUNT_COMPLAINT_PAIN,COUNT_PED_KILLED,COUNT_PED_INJURED,COUNT_BICYCLIST_KILLED,COUNT_BICYCLIST_INJURED,COUNT_MC_KILLED,COUNT_MC_INJURED,PRIMARY_RAMP,SECONDARY_RAMP,LATITUDE,LONGITUDE,COUNTY,CITY,POINT_X,POINT_Y
92197174,2023,2023-10-12,9340,2023-09-30,1929,022806,,6,2,7,4313,0,1,1,,2,088,"I-880 N/B","BASCOM AVE",75.00,N,N,A,-,Y,SCL,,880," "," ",1.288,H,,R,N,3,0,1,1,A,-,08,22107,,N,F,A,A,A,H,-,D,D,0,,,Y,,Y,,C,02,0,1,0,0,0,0,0,0,1,"- ","- ",37.334609985351562,-121.93611907958984,"SANTA CLARA","SAN JOSE",-121.93609619140625,37.334590911865234
92197219,2023,2023-10-12,9340,2023-10-02,"10  ",023274,,1,3,7,4313,0,1,1,,2,681,"I-680 N/B","BERRYESSA RD",1514.00,S,N,A,-,Y,SCL,,680," ",M,3.543,H,,R,Y,3,0,1,2,A,-,01,23152,A,N,D,C,A,A,H,-,C,D,0,,,,,Y,Y,A,07,0,1,0,0,0,0,0,0,0,"- ","- ",37.381278991699219,-121.85930633544922,"SANTA CLARA","SAN JOSE",-121.85934448242188,37.381256103515625
92197261,2023,2023-10-12,9340,2023-10-01,1748,022779,,7,2,4,4302,0,1,3,,2,172,"SR-17 S/B","E HAMILTON AVE.",2250.00,N,N,A,-,Y,SCL,,17," "," ",12.781,H,,L,Y,4,0,1,3,A,-,03,22350,,N,C,C,A,A,H,-,A,D,0,,,,,Y,,A,07,0,0,1,0,0,0,0,0,0,"- ","- ",37.300460815429688,-121.94078063964844,"SANTA CLARA",CAMPBELL,-121.94068908691406,37.300460815429688
92197404,2023,2023-10-12,9725,2023-10-08,1339,022571,,7,1,9,4300,0,1,2,,2,011,"US-101 SOUTHBOUND","6TH ST",910.00,N,N,A,-,Y,SCL,,101," ",R,6.758,H,,L,Y,4,0,1,1,A,-,08,22107,,N,E,I,A,A,H,-,A,D,0,,,,,Y,,A,01,0,0,1,0,0,0,0,0,0,"- ","- ",37.012119293212891,-121.56108856201172,"SANTA CLARA",UNINCORPORATED,-121.56123352050781,37.012069702148438
92199739,2023,2023-10-16,9340,2023-10-02,1100,023056,,1,1,7,4313,0,1,3,,2,087,"SR-87 N/B","WEST VIRGINIA ST",177.00,S,N,A,-,Y,SCL,,87," "," ",4.821,H,,R,Y,4,0,2,2,A,-,03,22350,,N,C,C,A,A,H,-,A,D,0,,,,,Y,,A,01,0,0,2,0,0,0,0,0,0,"- ","- ",37.319358825683594,-121.88983154296875,"SANTA CLARA","SAN JOSE",-121.88983917236328,37.319358825683594
92199937,2023,2023-10-16,9340,2023-10-04,1815,023054,,3,2,7,4313,0,1,1,,2,681,"I-680 S/B","YOSEMITE DR",1454.00,S,N,A,-,Y,SCL,,680," ",M,6.697,H,,L,N,4,0,1,2,A,-,03,22350,,N,C,C,A,A,H,-,A,D,0,,,,,Y,,A,07,0,0,1,0,0,0,0,0,0,"- ","- ",37.421791076660156,-121.88262939453125,"SANTA CLARA","SAN JOSE",-121.88269805908203,37.421775817871094
92200172,2023,2023-10-16,9340,2023-10-05,1130,023339,,4,1,7,4313,0,1,3,,2,083,"SR-85 S/B","UNION AVE",1362.00,S,N,A,-,Y,SCL,,85," "," ",9.009,H,,L,N,3,0,1,3,A,-,08,22107,,N,B,C,A,A,H,-,A,D,0,,,,,Y,,A,01,0,1,0,0,0,0,0,0,0,"- ","- ",37.250389099121094,-121.926513671875,"SANTA CLARA","SAN JOSE",-121.92650604248047,37.250385284423828
92200782,2023,2023-10-17,9340,2023-10-04,1749,023469,,3,2,7,4313,0,1,1,,2,281,"I-280 N/B","N. FIRST ST",381.00,N,N,A,-,Y,SCL,,280," ",R,2.070,H,,R,Y,3,0,1,2,A,-,03,22350,,N,D,C,A,A,H,-,A,D,0,,,,,Y,,A,01,0,1,0,0,0,0,0,0,0,"- ","- ",37.325698852539062,-121.88442993164062,"SANTA CLARA","SAN JOSE",-121.88447570800781,37.325778961181641
92201015,2023,2023-10-17,9340,2023-10-06,2340,023174,,5,3,7,4313,0,1,1,,2,281,"I-280 S/B","MERIDIAN AVE",810.00,N,N,A,-,Y,SCL,,280," ",R,4.155,H,,L,N,4,0,1,3,A,-,03,22350,,M,C,C,A,A,H,-,D,D,0,,,,,Y,,-,99,0,0,1,0,0,0,0,0,0,"- ","- ",37.316349029541016,-121.91768646240234,"SANTA CLARA","SAN JOSE",-121.917724609375,37.316276550292969
92201134,2023,2023-10-17,9725,2023-10-07,1412,023169,,6,2,4,4304,1,1,2,,1,010,"US-101 SOUTHBOUND","10TH STREET",528.00,S,N,A,-,Y,SCL,,101," ",R,5.893,H,,L,Y,4,0,3,2,A,-,17,23114,A,N,D,C,A,A,H,-,A,D,0,,,,,Y,,E,22,0,0,3,0,0,0,0,0,0,"- ","- ",37.000289916992188,-121.55629730224609,"SANTA CLARA",GILROY,-121.55625152587891,37.000289916992188
92202184,2023,2023-10-18,9725,2023-10-10,2245,022873,,2,3,9,4300,0,1,3,,1,150,SR-152,"POLE LINE ROAD",5280.00,E,N,A,-,Y,SCL,,152," "," ",1.999,H,,R,Y,3,0,1,1,A,-,08,22107,,N,E,I,A,B,H,-,D,D,0,,,,,Y,,A,01,0,1,0,0,0,0,0,0,0,"- ","- ",36.991771697998047,-121.69004058837891,"SANTA CLARA",UNINCORPORATED,-121.69012451171875,36.99188232421875
92202215,2023,2023-10-18,9340,2023-10-06,1815,023024,,5,2,6,4316,0,1,3,,2,220,"SR-237 W/B","JAVA DR",2422.00,W,N,A,-,Y,SCL,,237," ",R,3.500,H,,L,Y,4,0,1,2,A,-,03,22350,,N,C,C,A,A,H,-,A,D,0,,,,,Y,,A,01,0,0,1,0,0,0,0,0,0,"- ","- ",37.405021667480469,-122.01799011230469,"SANTA CLARA",SUNNYVALE,-122.01798248291016,37.404994964599609
92202317,2023,2024-01-02,9340,2023-10-06,1300,023161,,5,1,9,4300,0,3,5,,2,070,"MOORPARK AVE","TURNER DR.",148.00,E,N,A,-,N,,,,,,,,,,N,4,0,1,2,A,-,08,22107,,M,D,G,A,A,H,-,A,D,0,,Y,,,Y,,A,01,0,0,1,0,0,0,1,0,0,"- ","- ",37.316001892089844,-121.93433380126953,"SANTA CLARA",UNINCORPORATED,-121.93438720703125,37.316093444824219
92203596,2023,2023-10-19,9340,2023-09-23,1455,022967,,6,2,7,4313,0,3,5,,2,010,"SIERRA ROAD","FELTER ROAD",1500.00,S,N,A,-,N,,,,,,,,,,Y,3,0,1,1,A,-,03,22350,,N,E,J,A,A,H,-,A,D,0,,,,,Y,,A,01,0,1,0,0,0,0,0,0,0,"- ","- ",37.415321350097656,-121.779541015625,"SANTA CLARA","SAN JOSE",-121.77950286865234,37.415554046630859
92203641,2023,2023-10-19,9340,2023-10-09,1630,022247,,1,2,4,4315,0,1,3,,2,085,"SR-85 S/B","SARATOGA AVE",814.00,N,N,B,-,Y,SCL,,85," ",R,13.870,H,,L,N,4,0,1,3,A,-,03,22350,,N,C,C,A,A,H,-,A,D,0,,,,,Y,,A,07,0,0,1,0,0,0,0,0,0,"- ","- ",37.278438568115234,-122.00980377197266,"SANTA CLARA",SARATOGA,-122.00979614257812,37.2784423828125
92203975,2023,2023-10-19,9340,2023-10-06,2145,022967,,5,2,9,4300,0,1,3,,2,171,"SR-17 N/B","HEBARD ROAD",1300.00,N,N,A,-,N,,,,,,,,,,N,3,0,3,1,A,-,08,22107,,N,E,I,A,A,H,-,D,D,0,,,,,Y,,A,01,0,3,0,0,0,0,0,0,0,"- ","- ",37.175849914550781,-121.99600982666016,"SANTA CLARA",UNINCORPORATED,-121.99592590332031,37.175884246826172
92204010,2023,2023-10-19,9340,2023-10-05,2210,022868,,4,3,7,4313,0,1,1,,2,088,"I-880 N/B TO THE ALAMEDA","THE ALAMEDA",270.00,S,N,A,-,Y,,,,,,,,,,Y,3,0,2,1,A,-,03,22350,,N,F,A,A,A,H,-,D,D,0,,,,,Y,,A,01,0,2,0,0,0,0,0,0,0,"- ","- ",37.341751098632812,-121.92611694335938,"SANTA CLARA","SAN JOSE",-121.92611694335938,37.341751098632812
92204612,2023,2023-10-20,9340,2023-10-07,"750 ",022543,,6,1,7,4313,0,1,1,,2,681,"I-680 S/B","HOSTETTER RD",270.00,N,N,A,-,Y,SCL,,680," ",M,4.859,H,,L,N,4,0,1,2,A,-,07,21658,A,N,B,C,A,A,H,-,A,D,0,,,,,Y,,A,01,0,0,1,0,0,0,0,0,0,"- ","- ",37.395950317382812,-121.87452697753906,"SANTA CLARA","SAN JOSE",-121.87455749511719,37.395942687988281
92204879,2023,2023-10-20,9340,2023-10-12,2040,023402,,4,2,7,4313,0,1,2,,2,120,"US-101 S/B","SANTA CLARA ST",63.00,S,N,A,-,Y,SCL,,101," ",R,35.759,H,,L,N,2,0,1,2,A,-,11,21954,A,N,G,B,E,A,H,-,D,D,0,Y,,,,Y,,N,60,1,0,0,0,1,0,0,0,0,"- ","- ",37.349819183349609,-121.86180877685547,"SANTA CLARA","SAN JOSE",-121.86180877685547,37.349819183349609
92205679,2023,2023-10-23,9330,2023-10-06,1215,023253,,5,1,5,4312,0,1,2,,2,078,"US-101 SOUTHBOUND","SAN ANTONIO ROAD",91.00,N,N,A,-,Y,SCL,,101," "," ",50.298,H,,L,Y,3,0,1,2,A,-,03,22350,,N,C,C,A,A,H,-,A,D,0,,,,Y,Y,,A,07,0,1,0,0,0,0,0,0,0,"- ","- ",37.427928924560547,-122.10128021240234,"SANTA CLARA","PALO ALTO",-122.10121917724609,37.427970886230469
92205689,2023,2023-10-23,9340,2023-10-11,2250,023374,,3,3,7,4313,0,1,1,,2,281,"I-280 N/B TO STEVENS CREEK BLVD.","STEVENS CREEK BLVD",329.00,S,N,A,-,Y,,,,,,,,,,Y,2,0,1,1,A,-,01,23152,A,N,F,A,A,A,H,-,C,D,0,,,,,Y,Y,A,01,1,0,0,0,0,0,0,0,0,"- ","- ",37.322170257568359,-121.9398193359375,"SANTA CLARA","SAN JOSE",-121.99867248535156,37.322586059570312
92205928,2023,2023-10-23,9340,2023-10-12,1955,022247,,4,2,7,4313,0,1,3,,2,230,"SR-237 E/B","N. FIRST STREET",728.00,W,N,A,-,Y,SCL,,237," "," ",6.760,H,,R,Y,4,0,1,3,A,-,03,22350,,N,C,A,A,A,H,-,C,D,0,,,,,Y,,A,01,0,0,1,0,0,0,0,0,0,"- ","- ",37.418979644775391,-121.96195983886719,"SANTA CLARA","SAN JOSE",-121.96195983886719,37.418949127197266
92206531,2023,2023-10-23,9330,2023-10-17,2140,022754,,2,2,5,4312,0,1,2,,2,078,"US-101 NORTHBOUND","OREGON EXPRESSWAY",4013.00,S,N,A,-,Y,SCL,,101," "," ",51.228,H,,R,Y,4,0,2,4,A,-,03,22350,,N,C,C,A,A,D,E,D,D,0,,,,,Y,,A,07,0,0,2,0,0,0,0,0,0,"- ","- ",37.438499450683594,-122.11193084716797,"SANTA CLARA","PALO ALTO",-122.11194610595703,37.438491821289062
92207111,2023,2023-12-18,9330,2023-07-19,2345,022793,,3,3,5,4311,0,1,2,,2,078,"US-101 N/B","OLD MIDDLEFIELD WAY",1056.00,N,N,A,-,Y,SCL,,101," "," ",49.187,H,,R,Y,4,0,1,2,A,-,08,22107,,N,B,C,A,A,H,-,C,D,0,,,,,Y,,A,01,0,0,1,0,0,0,0,0,0,"- ","- ",37.416908264160156,-122.08650970458984,"SANTA CLARA","MOUNTAIN VIEW",-122.08655548095703,37.416862487792969
92207167,2023,2023-10-24,9340,2023-10-14,1230,022963,,6,1,7,4313,0,1,1,,2,089,"I-880 N/B","OLD BAYSHORE HWY",2190.00,N,N,A,-,Y,SCL,,880," "," ",4.726,H,,R,N,4,0,2,2,A,-,03,22350,,N,C,C,A,A,H,-,A,D,0,,,,,Y,,D,22,0,0,2,0,0,0,0,0,0,"- ","- ",37.373310089111328,-121.90252685546875,"SANTA CLARA","SAN JOSE",-121.90225219726562,37.37335205078125
92208080,2023,2023-10-25,9340,2023-10-16,"630 ",023461,,1,1,6,4316,0,1,2,,2,120,"US101 S/B TO SR-237 E/B",SR-237,274.00,S,N,A,-,Y,,,,,,,,,,Y,3,0,1,1,A,-,01,23152,A,N,E,8,A,A,H,-,B,D,0,,,,,Y,Y,D,22,0,1,0,0,0,0,0,0,0,"- ","- ",37.400131225585938,-122.03514862060547,"SANTA CLARA",SUNNYVALE,-122.03514862060547,37.400131225585938
92208322,2023,2023-10-25,9340,2023-10-13,"800 ",023446,,5,1,4,4302,0,1,3,,2,172,"SR-17 S/B TO CAMDEN AVENUE","CAMDEN AVE",478.00,N,N,A,-,Y,,,,,,,,,,N,4,0,1,2,A,-,03,22350,,N,C,C,A,A,H,-,A,D,0,,,,,Y,,D,22,0,0,1,0,0,0,0,0,0,"- ","- ",37.272880554199219,-121.94745635986328,"SANTA CLARA",CAMPBELL,-121.94745635986328,37.272880554199219
92208625,2023,2023-10-25,9725,2023-10-22,1123,022571,,7,1,9,4300,0,1,2,,2,011,"US-101 NORTHBOUND","LEAVESLEY ROAD",10.00,N,N,C,-,Y,SCL,,101," ",R,7.523,H,,R,Y,3,0,5,2,A,-,08,22107,,N,C,C,A,B,H,-,A,D,0,,,,,Y,,A,07,0,5,0,0,0,0,0,0,0,"- ","- ",37.022331237792969,-121.56645965576172,"SANTA CLARA",UNINCORPORATED,-121.56643676757812,37.0223388671875
92208692,2023,2023-10-25,9725,2023-10-21,1314,023192,,6,1,9,4300,0,3,5,,2,003,"33600 UVAS RD","MCKEAN RD",1584.00,S,N,A,-,N,,,,,,,,,,Y,3,0,1,2,A,-,09,21804,A,N,D,C,A,A,H,-,A,D,0,,,,,Y,,A,01,0,1,0,0,0,0,0,0,0,"- ","- ",37.150001525878906,-121.74403381347656,"SANTA CLARA",UNINCORPORATED,-121.74302673339844,37.149467468261719
92209491,2023,2023-10-26,9340,2023-10-18,1030,023461,,3,1,5,4308,0,1,1,,2,089,"I-880 S/B TO SR-237 W/B","W. CALAVERAS BLVD.",788.00,N,N,A,-,Y,,,,,,,,,,N,3,0,1,2,A,-,03,22350,,N,C,C,A,A,H,-,A,D,0,,,,,Y,,A,07,0,1,0,0,0,0,0,0,0,"- ","- ",37.427619934082031,-121.91831970214844,"SANTA CLARA",MILPITAS,-121.91831970214844,37.427619934082031
92221421,2023,2023-10-27,9340,2023-10-17,"844 ",020208,,2,1,7,4313,0,1,3,,2,087,"SR-87 N/B","TAYLOR STREET",1900.00,S,N,A,-,Y,SCL,,87," "," ",6.533,H,,R,N,4,0,1,2,A,-,03,22350,,N,C,C,A,A,H,-,A,D,0,,,,,Y,,A,01,0,0,1,0,0,0,0,0,0,"- ","- ",37.342361450195312,-121.90099334716797,"SANTA CLARA","SAN JOSE",-121.90096282958984,37.342369079589844
92221976,2023,2023-10-27,9330,2023-10-22,"530 ",023253,,7,3,5,4312,0,1,2,,2,078,"US-101 NORTHBOUND","RENGSTORFF AVE",1056.00,S,N,A,-,Y,SCL,,101," "," ",49.379,H,,R,Y,3,0,3,2,A,-,03,22350,,N,C,C,A,A,E,-,C,D,0,,,,,Y,,A,01,0,1,2,0,0,0,0,0,0,"- ","- ",37.418788909912109,-122.0892333984375,"SANTA CLARA","PALO ALTO",-122.0892333984375,37.418788909912109
92222056,2023,2023-10-30,9340,2023-10-15,"145 ",023374,,7,3,7,4313,0,1,1,,2,282,"I-280 S/B","WINCHESTER BLVD",930.00,N,N,A,-,Y,SCL,,280," "," ",4.719,H,,L,Y,4,0,2,2,A,-,01,23152,A,N,C,C,A,A,H,-,C,D,0,,,,,Y,Y,A,07,0,0,2,0,0,0,0,0,0,"- ","- ",37.316650390625,-121.95304107666016,"SANTA CLARA","SAN JOSE",-121.95304107666016,37.316661834716797
92222522,2023,2023-10-30,9340,2023-10-18,1255,023339,,3,1,7,4313,0,1,1,,2,281,"I-280 S/B","MCLAUGHLIN AVE",1838.00,N,N,A,-,Y,SCL,,280," ",R,0.948,H,,L,Y,3,0,1,2,A,-,03,22350,,N,D,C,A,A,H,-,A,D,0,,,,Y,Y,,A,01,0,1,0,0,0,0,0,0,0,"- ","- ",37.331100463867188,-121.86566925048828,"SANTA CLARA","SAN JOSE",-121.86567687988281,37.331108093261719
92222929,2023,2023-10-30,9725,2023-10-23,1550,022777,,1,2,9,4300,0,1,2,,2,011,"US-101 NORTHBOUND","MASTEN AVE",1795.00,N,N,A,-,Y,SCL,,101," ",R,10.620,H,,R,Y,4,0,1,1,A,-,08,22107,,N,B,8,A,A,H,-,A,D,0,,,,,Y,,A,07,0,0,1,0,0,0,0,0,0,"- ","- ",37.064178466796875,-121.58657836914062,"SANTA CLARA",UNINCORPORATED,-121.58645629882812,37.064212799072266
92223160,2023,2023-10-31,9340,2023-10-20,"640 ",022968,,5,1,7,4313,0,1,3,,2,087,"SR-87 N/B","COLEMAN AVE",187.00,N,N,A,-,Y,SCL,,87," "," ",6.537,H,,R,Y,3,0,1,4,A,-,03,22350,,N,C,C,A,A,H,-,A,D,0,,,,,Y,,A,07,0,1,0,0,0,0,0,0,0,"- ","- ",37.342418670654297,-121.90101623535156,"SANTA CLARA","SAN JOSE",-121.90100860595703,37.342426300048828
92224247,2023,2023-10-31,9340,2023-10-20,1155,023446,,5,1,7,4313,0,1,1,,2,089,"I-880 S/B","OLD BAYSHORE HWY",120.00,S,N,A,-,Y,SCL,,880," "," ",4.270,H,,L,Y,4,0,1,4,A,-,07,21658,A,N,B,C,A,A,H,-,A,D,0,,,,,Y,,A,01,0,0,1,0,0,0,0,0,0,"- ","- ",37.366939544677734,-121.90129852294922,"SANTA CLARA","SAN JOSE",-121.90125274658203,37.366939544677734
92224311,2023,2023-10-31,9340,2023-10-22,1155,023446,,7,1,9,4300,0,1,3,,2,171,"SR-17 S/B",I-280,2112.00,S,N,C,-,Y,SCL,,17," "," ",13.504,H,,L,N,4,0,1,2,A,-,03,22350,,F,C,C,A,B,H,-,A,D,0,,,,,Y,,-,99,0,0,1,0,0,0,0,0,0,"- ","- ",37.310951232910156,-121.94046783447266,"SANTA CLARA",UNINCORPORATED,-121.94070434570312,37.310951232910156
92224380,2023,2023-10-31,9340,2023-10-21,1605,022864,,6,2,7,4313,0,1,1,,2,281,"I-280 N/B","MCLAUGHLIN AVE",600.00,N,N,A,-,Y,SCL,,280," ",R,0.826,H,,R,N,3,0,1,3,A,-,03,22350,,N,C,C,A,A,H,-,A,D,0,,,,,Y,,A,01,0,1,0,0,0,0,0,0,0,"- ","- ",37.332500457763672,-121.86399841308594,"SANTA CLARA","SAN JOSE",-121.86396026611328,37.33245849609375
92224496,2023,2023-10-31,9340,2023-10-23,"100 ",023175,,1,3,7,4313,0,1,3,,2,087,"SR-87 N/B","ALMADEN EXPY",102.00,N,N,B,C,Y,SCL,,87," "," ",3.416,H,,R,N,3,0,1,1,A,-,03,22350,,N,F,A,A,B,H,-,D,D,0,,,,,Y,,A,01,0,1,0,0,0,0,0,0,0,"- ","- ",37.302238464355469,-121.87693786621094,"SANTA CLARA","SAN JOSE",-121.87701416015625,37.302200317382812
92225183,2023,2023-11-01,9340,2023-10-19,2020,023402,,4,2,7,4313,0,1,1,,2,088,"I-880 N/B","STEVENS CREEK BLVD",1690.00,N,N,A,-,Y,SCL,,880," "," ",0.746,H,,R,Y,2,0,2,2,A,-,03,22350,,N,C,D,A,A,H,-,C,D,0,,,,Y,Y,,F,26,1,1,0,0,0,0,0,0,0,"- ","- ",37.328140258789062,-121.94069671630859,"SANTA CLARA","SAN JOSE",-121.94073486328125,37.328140258789062
92225191,2023,2023-11-01,9340,2023-10-05,"450 ",023356,,4,3,7,4313,0,1,3,,2,083,"SR-85 S/B","DENT AVENUE PEDESTRIAN OVERCROSSING",130.00,N,N,A,-,Y,SCL,,85," "," ",7.522,H,,L,Y,3,0,2,5,A,-,03,22350,,N,C,C,E,A,G,-,D,D,0,Y,,,,Y,,A,07,0,1,1,0,1,0,0,0,0,"- ","- ",37.250560760498047,-121.89943695068359,"SANTA CLARA","SAN JOSE",-121.89943695068359,37.25054931640625
92225203,2023,2023-11-01,9340,2023-10-20,1710,023075,,5,2,5,4308,0,1,1,,2,681,"I-680 S/B","CALAVERAS BLVD.",175.00,N,N,A,-,Y,SCL,,680," ",M,7.692,H,,L,N,3,0,1,2,A,-,03,22350,,N,C,C,A,A,H,-,A,D,0,,,,,Y,,A,01,0,1,0,0,0,0,0,0,0,"- ","- ",37.435298919677734,-121.88892364501953,"SANTA CLARA",MILPITAS,-121.88899230957031,37.435287475585938
92225210,2023,2023-11-01,9340,2023-10-22,2216,022969,,7,3,7,4313,0,1,1,,2,281,"I-280 S/B","NORTH ROAD EDGE OF S. BASCOM AVE",16.00,S,N,B,-,Y,SCL,,280," ",L,4.952,H,,L,Y,2,0,2,3,A,-,03,22350,,N,C,C,A,A,H,-,C,D,0,,,,,Y,,A,01,1,1,0,0,0,0,0,0,0,"- ","- ",37.316940307617188,-121.93202209472656,"SANTA CLARA","SAN JOSE",-121.9320068359375,37.316997528076172
92225234,2023,2023-11-01,9340,2023-10-20,1900,023075,,5,2,7,4313,0,1,1,,2,681,"I-680 N/B","KING RD.",430.00,N,N,A,-,Y,SCL,,680," ",M,0.487,H,,R,N,4,0,1,3,A,-,03,22350,,N,C,C,A,A,H,-,C,D,0,,,,,Y,,A,01,0,0,1,0,0,0,0,0,0,"- ","- ",37.344081878662109,-121.84516906738281,"SANTA CLARA","SAN JOSE",-121.84524536132812,37.344139099121094
92225561,2023,2023-11-01,9340,2023-10-23,1700,023075,,1,2,7,4313,0,1,3,,2,087,"SR-87 S/B","CURTNER AVE",900.00,N,N,A,-,Y,SCL,,87," "," ",3.033,H,,L,N,4,0,1,2,A,-,03,22350,,N,C,C,A,A,H,-,A,D,0,,,,,Y,,A,01,0,0,1,0,0,0,0,0,0,"- ","- ",37.296920776367188,-121.87410736083984,"SANTA CLARA","SAN JOSE",-121.87409973144531,37.296920776367188
92225617,2023,2023-11-01,9340,2023-10-23,2232,023174,,1,3,9,4300,0,1,3,,2,171,"SR-17 N/B","HEBARD RD",1631.00,N,N,A,-,Y,SCL,,17," "," ",3.070,H,,R,N,3,0,1,2,A,-,03,22350,,N,C,C,A,A,H,-,D,D,0,,,,,Y,,A,01,0,1,0,0,0,0,0,0,0,"- ","- ",37.176231384277344,-121.99600982666016,"SANTA CLARA",UNINCORPORATED,-121.99607086181641,37.176219940185547
92225891,2023,2023-11-01,9340,2023-10-25,1220,022682,,3,1,7,4313,0,1,1,,2,681,"I-680 N/B","MABURY RD",1150.00,N,N,A,-,Y,SCL,,680," ",M,3.377,H,,R,Y,4,0,1,2,A,-,03,22350,,N,C,C,A,A,H,-,A,D,0,,,,,Y,,A,07,0,0,1,0,0,0,0,0,0,"- ","- ",37.379421234130859,-121.85739898681641,"SANTA CLARA","SAN JOSE",-121.85746765136719,37.379375457763672
92226308,2023,2023-11-02,9725,2023-10-25,"222 ",023169,,3,3,9,4300,0,1,3,,1,170,"SR-152 W/B","EL TORO",6864.00,W,N,B,-,Y,SCL,,152," "," ",31.409,H,,L,Y,3,0,1,1,A,-,03,22350,,N,F,A,A,A,H,-,D,D,0,,,,,Y,,A,01,0,1,0,0,0,0,0,0,0,"- ","- ",37.045051574707031,-121.27207183837891,"SANTA CLARA",UNINCORPORATED,-121.27207183837891,37.045040130615234
92226327,2023,2023-11-02,9725,2023-10-27,1715,020120,,5,2,9,4300,0,1,3,,1,160,"SR-152 E/B","PRUNEDALE AVE.",2640.00,W,N,A,-,Y,SCL,,152," "," ",13.842,H,,R,N,4,0,1,3,A,-,03,22350,,N,C,C,A,A,H,-,D,D,0,,,,Y,Y,,G,25,0,0,1,0,0,0,0,0,0,"- ","- ",36.999298095703125,-121.50376892089844,"SANTA CLARA",UNINCORPORATED,-121.50377655029297,36.999298095703125
92226745,2023,2023-11-02,9340,2023-10-25,1545,021032,,3,2,5,4303,0,1,3,,2,085,"SR-85 S/B","STEVENS CREEK BOULEVARD",870.00,S,N,B,-,Y,SCL,,85," ",R,17.542,H,,L,N,4,0,1,2,A,-,03,22350,,N,C,C,A,A,H,-,A,D,0,,,,,Y,,A,01,0,0,1,0,0,0,0,0,0,"- ","- ",37.320659637451172,-122.04940795898438,"SANTA CLARA",CUPERTINO,-122.04939270019531,37.320663452148438
92226857,2023,2023-11-02,9330,2023-10-23,"820 ",021648,,1,1,9,4300,0,1,1,,2,074,"I-280 N/B","FOOTHILL EXPRESSWAY",1620.00,N,N,A,-,Y,SCL,,280," "," ",12.116,H,,R,N,4,0,1,3,A,-,03,22350,,N,C,C,A,A,H,-,A,D,0,,,,,Y,,A,01,0,0,1,0,0,0,0,0,0,"- ","- ",37.334861755371094,-122.07974243164062,"SANTA CLARA",UNINCORPORATED,-122.07971954345703,37.334877014160156