CASE_ID,ACCIDENT_YEAR,PROC_DATE,JURIS,COLLISION_DATE,COLLISION_TIME,OFFICER_ID,REPORTING_DISTRICT,DAY_OF_WEEK,CHP_SHIFT,POPULATION,CNTY_CITY_LOC,SPECIAL_COND,BEAT_TYPE,CHP_BEAT_TYPE,CITY_DIVISION_LAPD,CHP_BEAT_CLASS,BEAT_NUMBER,PRIMARY_RD,SECONDARY_RD,DISTANCE,DIRECTION,INTERSECTION,WEATHER_1,WEATHER_2,STATE_HWY_IND,CALTRANS_COUNTY,CALTRANS_DISTRICT,STATE_ROUTE,ROUTE_SUFFIX,POSTMILE_PREFIX,POSTMILE,LOCATION_TYPE,RAMP_INTERSECTION,SIDE_OF_HWY,TOW_AWAY,COLLISION_SEVERITY,NUMBER_KILLED,NUMBER_INJURED,PARTY_COUNT,PRIMARY_COLL_FACTOR,PCF_CODE_OF_VIOL,PCF_VIOL_CATEGORY,PCF_VIOLATION,PCF_VIOL_SUBSECTION,HIT_AND_RUN,TYPE_OF_COLLISION,MVIW,PED_ACTION,ROAD_SURFACE,ROAD_COND_1,ROAD_COND_2,LIGHTING,CONTROL_DEVICE,CHP_ROAD_TYPE,PEDESTRIAN_ACCIDENT,BICYCLE_ACCIDENT,MOTORCYCLE_ACCIDENT,TRUCK_ACCIDENT,NOT_PRIVATE_PROPERTY,ALCOHOL_INVOLVED,STWD_VEHTYPE_AT_FAULT,CHP_VEHTYPE_AT_FAULT,COUNT_SEVERE_INJ,COUNT_VISIBLE_INJ,COUNT_COMPLAINT_PAIN,COUNT_PED_KILLED,COUNT_PED_INJURED,COUNT_BICYCLIST_KILLED,COUNT_BICYCLIST_INJURED,COUNT_MC_KILLED,COUNT_MC_INJURED,PRIMARY_RAMP,SECONDARY_RAMP,LATITUDE,LONGITUDE,COUNTY,CITY,POINT_X,POINT_Y
92343706,2023,2024-03-21,9340,2023-10-07,"314 ",023246,,6,3,7,4313,0,1,2,,2,110,"US-101 N/B","COYOTE RD",113.00,S,N,A,-,Y,SCL,,101," "," ",29.695,H,,R,Y,1,1,0,1,A,-,08,22107,,N,E,8,A,A,H,-,D,D,0,,,,,Y,,A,08,0,0,0,0,0,0,0,0,0,"- ","- ",37.276538848876953,-121.80487823486328,"SANTA CLARA","SAN JOSE",-121.80500030517578,37.276500701904297
92364849,2023,2024-04-15,9340,2023-07-24,"359 ",023059,,1,3,7,4313,0,1,2,,2,110,"US-101 S/B","TULLY RD",1528.00,S,N,A,-,Y,SCL,,101," "," ",32.704,H,,L,Y,2,0,2,3,A,-,03,22350,,F,C,2,A,A,H,-,D,D,0,,,,,Y,,A,07,1,1,0,0,0,0,0,0,0,"- ","- ",37.314628601074219,-121.82791900634766,"SANTA CLARA","SAN JOSE",-121.8280029296875,37.314579010009766
9320596,2022,2022-04-22,4313,2022-03-16,1713,5014,CENTR,3,5,7,4313,0,0,0,,0,0V4,"E SANTA CLARA ST","N 11TH ST",0.00,,Y,A,-,N,,,,,,,,,,Y,1,1,0,1,A,-,08,22107,,N,E,I,A,A,H,-,A,A,0,,,,,Y,,A,01,0,0,0,0,0,0,0,0,0,"- ","- ",,,"SANTA CLARA","SAN JOSE",-121.88001251220703,37.341205596923828
9379867,2022,2022-02-18,4313,2022-01-24,1404,4340,SOUTH,1,5,7,4313,0,0,0,,0,0Y3,"COTTLE RD","RT 85",10.00,N,N,A,-,Y,SCL,4,85,-,-,1.757,R,4,N,Y,4,0,3,2,D,-,00,,,N,D,C,A,A,H,-,A,A,0,,,,,Y,,-,"- ",0,0,3,0,0,0,0,0,0,"- ","- ",,,"SANTA CLARA","SAN JOSE",-121.80027008056641,37.242118835449219
9379927,2022,2022-03-23,4302,2022-01-06,1226,57,4302,4,5,4,4302,0,0,0,,0,001,"SAN TOMAS EXPWY","RT 17",452.00,N,N,A,-,Y,SCL,4,17,-,-,10.775,R,4,S,,3,0,1,2,A,-,07,21658,A,F,H,C,A,A,H,-,A,D,0,,,Y,,Y,,-,,0,1,0,0,0,0,0,0,1,"- ","- ",,,"SANTA CLARA",CAMPBELL,-121.94660949707031,37.274642944335938
9379988,2022,2022-02-28,4313,2022-01-27,1906,4681,XRAY,4,5,7,4313,0,0,0,,0,0X1,"CAPITOL EXPWY","VISTA PARK DR",0.00,,Y,A,-,N,,,,,,,,,,Y,2,0,1,2,A,-,11,21954,A,N,G,B,D,A,H,-,C,A,0,Y,,,,Y,,N,60,1,0,0,0,1,0,0,0,0,"- ","- ",,,"SANTA CLARA","SAN JOSE",-121.84983062744141,37.274490356445312
9381493,2022,2022-02-02,4312,2022-01-12,1215,804807,82300,3,5,5,4312,0,0,0,,0,PA1,"SANDHILL RD","PLUM LN",0.00,,-,-,-,N,,,,,,,,,,N,4,0,1,2,A,-,03,22350,,N,-,-,A,-,-,-,-,-,0,,,Y,,Y,,A,01,0,0,1,0,0,0,0,0,1,"- ","- ",,,"SANTA CLARA","PALO ALTO",-122.17390441894531,37.442314147949219
9381548,2022,2022-02-14,4302,2022-01-11,0904,125,4302,2,5,4,4302,0,0,0,,0,001,"DELL AV","CAMDEN AV",0.00,,Y,A,-,N,,,,,,,,,,,4,0,2,2,A,-,09,21804,A,N,D,C,A,A,H,-,A,D,0,,,,,Y,,A,01,0,0,2,0,0,0,0,0,0,"- ","- ",,,"SANTA CLARA",CAMPBELL,-121.94915771484375,37.273509979248047
9381549,2022,2022-02-14,4302,2022-01-05,1603,56,4302,3,5,4,4302,0,0,0,,0,002,"CAMPBELL AV","SAN TOMAS EXPWY",150.00,W,N,A,-,N,,,,,,,,,,,4,0,1,2,A,-,21,22106,,N,C,C,A,A,H,-,A,A,0,,,,,Y,,A,01,0,0,1,0,0,0,0,0,0,"- ","- ",,,"SANTA CLARA",CAMPBELL,-121.96101379394531,37.287014007568359
9388682,2022,2022-02-11,4313,2022-01-01,0047,4551,LINCO,6,5,7,4313,0,0,0,,0,0L1,"SENTER RD","STORY RD",100.00,S,N,A,-,N,,,,,,,,,,Y,3,0,1,3,A,-,01,23152,,N,D,C,A,A,H,-,C,A,0,,,,,Y,Y,-,,0,1,0,0,0,0,0,0,0,"- ","- ",,,"SANTA CLARA","SAN JOSE",-121.86538696289062,37.325481414794922
9389091,2022,2022-01-27,4312,2022-01-11,1244,808069,88300,2,5,5,4312,0,0,0,,0,PA3,"ALMA ST","COLORADO AV",0.00,,Y,A,-,N,,,,,,,,,,N,4,0,1,2,A,-,03,22350,,N,C,C,A,A,H,-,A,A,0,,,,,Y,,A,01,0,0,1,0,0,0,0,0,0,"- ","- ",37.427799224853516,-122.13893890380859,"SANTA CLARA","PALO ALTO",-122.13893890380859,37.427776336669922
9389559,2022,2022-02-02,4312,2022-01-07,0910,808733,87200,5,5,5,4312,0,0,0,,0,PA2,"MIDDLEFIELD RD","SANTA RITA AV",50.00,S,N,A,-,N,,,,,,,,,,N,3,0,1,2,A,-,08,22107,,N,B,C,A,A,H,-,A,D,0,,,,Y,Y,,A,01,0,1,0,0,0,0,0,0,0,"- ","- ",37.438331604003906,-122.13661956787109,"SANTA CLARA","PALO ALTO",-122.13685607910156,37.438167572021484
9391378,2022,2022-01-28,4313,2022-01-04,0558,4700,DISTR,2,5,7,4313,0,0,0,,0,0L2,"STORY RD","MCLAUGHLIN AV",0.00,,Y,B,-,N,,,,,,,,,,Y,4,0,1,2,A,-,12,21453,A,N,D,C,A,A,H,-,C,A,0,,,,,Y,,A,01,0,0,1,0,0,0,0,0,0,"- ","- ",37.195781707763672,-121.51132965087891,"SANTA CLARA","SAN JOSE",-121.85377502441406,37.332775115966797
9391379,2022,2022-01-27,4313,2022-01-05,1558,4567,LINCO,3,5,7,4313,0,0,0,,0,0L2,"STORY RD","LUCRETIA AV",0.00,,Y,B,-,N,,,,,,,,,,Y,4,0,2,3,A,-,12,21453,A,N,D,C,A,A,H,-,A,A,0,,,,,Y,,D,22,0,0,2,0,0,0,0,0,0,"- ","- ",,,"SANTA CLARA","SAN JOSE",-121.85751342773438,37.330219268798828
9391760,2022,2022-02-04,4313,2022-01-06,2500,4576,MARY,4,5,7,4313,0,0,0,,0,0M2,"N CAPITOL AV","MCKEE RD",0.00,,Y,A,-,N,,,,,,,,,,Y,4,0,1,1,A,-,08,22107,,N,A,I,A,A,H,-,C,A,0,,,,,Y,,-,,0,0,1,0,0,0,0,0,0,"- ","- ",,,"SANTA CLARA","SAN JOSE",-121.84317016601562,37.370079040527344
9392228,2022,2022-03-02,4313,2022-01-02,1910,4964,SAM,7,5,7,4313,0,0,0,,0,0S6,"MONTEREY RD","SAN JOSE AV",0.00,,Y,A,-,N,,,,,,,,,,Y,4,0,3,2,A,-,03,22350,,N,C,C,A,A,H,-,C,A,0,,,,,Y,,-,,0,0,3,0,0,0,0,0,0,"- ","- ",,,"SANTA CLARA","SAN JOSE",-121.87015533447266,37.312488555908203
9392231,2022,2022-02-11,4313,2022-01-07,2030,4602,WESTE,5,5,7,4313,0,0,0,,0,0L5,"SENTER RD","CAPITAL EXPWY",0.00,,Y,B,-,N,,,,,,,,,,N,2,0,1,2,A,-,11,21955,,F,A,B,E,A,H,-,C,A,0,Y,,,,Y,Y,-,,1,0,0,0,1,0,0,0,0,"- ","- ",,,"SANTA CLARA","SAN JOSE",-121.83335876464844,37.293460845947266
9392258,2022,2022-02-03,4313,2022-01-02,1751,4720,MARY,7,5,7,4313,0,0,0,,0,0M5,"MCGINNESS AV","STORY RD",37.00,E,N,A,-,N,,,,,,,,,,Y,4,0,1,2,A,-,00,20001,,F,C,C,A,A,H,-,C,D,0,,,,,Y,,-,,0,0,1,0,0,0,0,0,0,"- ","- ",,,"SANTA CLARA","SAN JOSE",-121.82427215576172,37.352550506591797
9392259,2022,2022-02-04,4313,2022-01-03,2300,4599,YELLO,1,5,7,4313,0,0,0,,0,003,"LINCOLN AV","WILLOW GLEN WY",0.00,,Y,A,-,N,,,,,,,,,,N,3,0,1,2,A,-,10,21950,A,F,A,B,B,B,H,-,C,D,0,Y,,,,Y,,-,,0,1,0,0,1,0,0,0,0,"- ","- ",,,"SANTA CLARA","SAN JOSE",-121.89414978027344,37.300518035888672
9392260,2022,2022-02-28,4313,2022-01-04,2055,5015,SJPD,2,5,7,4313,0,0,0,,0,0C3,"SOUTH KING RD","SEMINOLE WY",265.00,S,N,A,-,N,,,,,,,,,,N,3,0,1,2,A,-,11,21955,,F,G,B,D,A,H,-,C,D,0,Y,,,,Y,,-,,0,1,0,0,1,0,0,0,0,"- ","- ",37.192539215087891,-121.49369049072266,"SANTA CLARA","SAN JOSE",-121.82699584960938,37.323478698730469
9395399,2022,2022-01-28,4304,2022-01-05,1345,203,4304,3,5,4,4304,0,0,0,,0,001,"10TH ST","CHESTNUT ST",0.00,,Y,A,-,N,,,,,,,,,,Y,4,0,1,2,A,-,12,21453,A,N,D,C,A,A,H,-,A,A,0,,,,,Y,,A,01,0,0,1,0,0,0,0,0,0,"- ","- ",,,"SANTA CLARA",GILROY,-121.56066131591797,37.001789093017578
9395692,2022,2022-02-03,4313,2022-01-14,1342,4610,X-RAY,5,5,7,4313,0,0,0,,0,0X1,"HILLSDALE AV","CHARTER OAK AV",0.00,,-,A,-,N,,,,,,,,,,Y,4,0,2,2,A,-,08,22107,,F,B,C,A,A,H,-,A,D,0,,,,,Y,,-,,0,0,2,0,0,0,0,0,0,"- ","- ",37.164989471435547,-121.50569915771484,"SANTA CLARA","SAN JOSE",,
9395693,2022,2022-02-03,4313,2022-01-03,1130,3389,CENTR,1,5,7,4313,0,0,0,,0,0E1,"S MONTGOMERY ST","W SAN CARLOS ST",0.00,,Y,B,-,N,,,,,,,,,,Y,4,0,1,2,D,-,00,,,N,G,B,F,A,H,-,A,A,0,Y,,,,Y,Y,-,"- ",0,0,1,0,1,0,0,0,0,"- ","- ",,,"SANTA CLARA","SAN JOSE",,
9395695,2022,2022-02-03,4313,2022-01-06,1707,4485,LINCO,4,5,7,4313,0,0,0,,0,0L1,"S 2ND ST","MARTHA ST",0.00,,Y,B,-,N,,,,,,,,,,N,4,0,1,2,A,-,09,21802,A,N,-,C,A,A,H,-,A,A,0,,,,,Y,,A,01,0,0,1,0,0,0,0,0,0,"- ","- ",37.19232177734375,-121.52461242675781,"SANTA CLARA","SAN JOSE",-121.87943267822266,37.323127746582031
9395697,2022,2022-02-03,4313,2022-01-17,1759,4964,LINCO,1,5,7,4313,0,0,0,,0,0L2,"MCLAUGHLIN AV","MCLAUGHLIN CT",0.00,,Y,A,-,N,,,,,,,,,,Y,4,0,1,2,A,-,01,23153,A,N,C,C,A,A,H,-,C,A,0,,,,,Y,Y,A,01,0,0,1,0,0,0,0,0,0,"- ","- ",,,"SANTA CLARA","SAN JOSE",,
9395744,2022,2022-02-08,4313,2022-01-18,1836,5003,LINCO,2,5,7,4313,0,0,0,,0,0L3,"LUCRETIA AV","SUMMERSIDE DR",0.00,S,N,A,-,N,,,,,,,,,,N,3,0,1,2,A,-,11,21955,,N,G,B,D,A,H,-,C,A,0,Y,,,,Y,Y,N,60,0,1,0,0,1,0,0,0,0,"- ","- ",,,"SANTA CLARA","SAN JOSE",-121.84333801269531,37.315898895263672
9395745,2022,2022-02-08,4313,2022-01-23,1650,4922,LINCO,7,5,7,4313,0,0,0,,0,002,"STORY RD","FELIPE AV",300.00,E,N,A,-,N,,,,,,,,,,N,4,0,1,2,A,-,08,22107,,N,B,C,A,A,H,-,A,D,0,,,,,Y,,-,,0,0,1,0,0,0,0,0,0,"- ","- ",37.203048706054688,-121.51541137695312,"SANTA CLARA","SAN JOSE",-121.85061645507812,37.334686279296875
9395747,2022,2022-02-08,4313,2022-01-12,1517,3967,CENTR,3,5,7,4313,0,0,0,,0,0N1,"MILLER AV","BANCROFT WY",0.00,,Y,A,-,N,,,,,,,,,,N,4,0,1,2,A,-,04,21703,,N,C,C,A,A,H,-,A,A,0,,,,,Y,,-,,0,0,1,0,0,0,0,0,0,"- ","- ",,,"SANTA CLARA","SAN JOSE",-122.01506042480469,37.303657531738281
9395753,2022,2022-02-08,4313,2022-01-19,1357,4941,YELLO,3,5,7,4313,0,0,0,,0,0Y4,"SANTA TERESA BL","MIYUKI DR",0.00,,N,A,-,N,,,,,,,,,,Y,3,0,2,2,A,-,03,22350,,F,C,C,A,A,H,-,A,A,0,,,,,Y,Y,-,,0,1,1,0,0,0,0,0,0,"- ","- ",,,"SANTA CLARA","SAN JOSE",-121.79365539550781,37.236537933349609
9395754,2022,2022-02-08,4313,2022-01-15,1126,4662,FOOTH,6,5,7,4313,0,0,0,,0,0M5,"STORY RD","STONEHEDGE WY",0.00,,Y,A,-,N,,,,,,,,,,Y,4,0,2,2,A,-,09,21801,,F,D,C,A,A,H,-,A,A,0,,,,,Y,Y,-,,0,0,2,0,0,0,0,0,0,"- ","- ",37.212009429931641,-121.49120330810547,"SANTA CLARA","SAN JOSE",-121.81996917724609,37.355617523193359
9395758,2022,2022-02-08,4313,2022-01-11,2005,4964,LINCO,2,5,7,4313,0,0,0,,0,0L1,"S 11TH ST","BESTOR ST",0.00,,Y,A,-,N,,,,,,,,,,Y,4,0,1,4,A,-,00,20001,,F,A,C,A,A,H,-,C,D,0,,,,,Y,,-,,0,0,1,0,0,0,0,0,0,"- ","- ",,,"SANTA CLARA","SAN JOSE",-121.86882781982422,37.326168060302734
9395759,2022,2022-02-08,4313,2022-01-12,0325,4177,FOOTH,3,5,7,4313,0,0,0,,0,0P4,"NIEMAN BL","ABORN RD",90.00,,N,A,-,N,,,,,,,,,,N,4,0,1,2,A,-,03,22350,,F,D,G,A,A,H,-,C,A,0,,Y,,,Y,Y,-,,0,0,1,0,0,0,1,0,0,"- ","- ",,,"SANTA CLARA","SAN JOSE",-121.80191040039062,37.312477111816406
9396015,2022,2022-02-03,4313,2022-01-06,1137,5000,FOOTH,4,5,7,4313,0,0,0,,0,0P4,"EAST CAPITOL EXPWY","QUIMBY RD",0.00,,-,A,B,N,,,,,,,,,,Y,3,0,1,2,A,-,04,21703,,N,C,C,A,A,-,-,A,D,0,,,,,Y,,-,,0,1,0,0,0,0,0,0,0,"- ","- ",,,"SANTA CLARA","SAN JOSE",-121.80857849121094,37.323883056640625
9400763,2022,2022-02-17,4304,2022-01-31,2245,174,43635,1,5,4,4304,0,0,0,,0,001,"ROSSI LN","ROSSI CT",123.00,N,N,A,-,N,,,,,,,,,,N,4,0,1,2,A,-,11,21954,A,N,G,B,E,A,H,-,D,D,0,Y,,,,Y,,N,60,0,0,1,0,1,0,0,0,0,"- ","- ",,,"SANTA CLARA",GILROY,-121.54891967773438,36.987857818603516
9403421,2022,2022-04-25,4313,2022-02-17,0803,5007,FOOTH,4,5,7,4313,0,0,0,,0,0P5,"CORTONA DR","LOUVRE AV",12.00,,N,A,-,N,,,,,,,,,,,4,0,1,2,A,-,"- ",,,N,-,-,A,-,-,-,-,-,0,,,,,Y,,-,"- ",0,0,1,0,0,0,0,0,0,"- ","- ",37.184650421142578,-121.46141815185547,"SANTA CLARA","SAN JOSE",-121.77056121826172,37.312919616699219
9403490,2022,2022-03-24,4313,2022-02-28,1530,4986,FOOTH,1,5,7,4313,0,0,0,,0,0W1,"N CAPITOL AV","RT 680",0.00,,Y,A,-,Y,SCL,4,680,-,M,4.986,R,4,S,Y,3,0,1,3,A,-,03,22350,,F,B,C,A,A,H,-,A,D,0,,,,,Y,,-,,0,1,0,0,0,0,0,0,0,"- ","- ",,,"SANTA CLARA","SAN JOSE",-121.87539672851562,37.397792816162109
9403493,2022,2022-03-18,4313,2022-02-28,1730,5017,SJPD,1,5,7,4313,0,0,0,,0,0DV,"N 14TH ST","E HEDDING ST",216.00,S,N,A,-,N,,,,,,,,,,N,4,0,1,3,A,-,00,21604,A,N,D,C,A,A,H,-,A,D,0,,,,,Y,,-,,0,0,1,0,0,0,0,0,0,"- ","- ",,,"SANTA CLARA","SAN JOSE",-121.8896484375,37.359214782714844
9403792,2022,2022-03-17,4313,2022-03-01,1316,4996,FOOTH,2,5,7,4313,0,0,0,,0,0P1,"TULLY RD","KING RD",0.00,,Y,A,-,N,,,,,,,,,,Y,4,0,1,2,A,-,03,22350,,N,B,C,A,A,H,-,A,D,0,,,,,Y,,-,,0,0,1,0,0,0,0,0,0,"- ","- ",,,"SANTA CLARA","SAN JOSE",-121.82598114013672,37.322441101074219
9403795,2022,2022-03-17,4313,2022-03-01,1516,3698,CENTR,2,5,7,4313,0,0,0,,0,K-6,"E WILLIAM ST","S 9TH ST",0.00,,Y,A,-,N,,,,,,,,,,N,3,0,1,4,A,-,09,21802,A,N,D,C,A,A,H,-,A,D,0,,,,,Y,,-,,0,1,0,0,0,0,0,0,0,"- ","- ",,,"SANTA CLARA","SAN JOSE",-121.87644958496094,37.332603454589844
9403860,2022,2022-03-22,4313,2022-02-21,1440,4991,SOUTH,1,5,7,4313,0,0,0,,0,0X4,"BLOSSOM HILL RD","JUDITH ST",0.00,,Y,A,-,N,,,,,,,,,,N,3,0,2,2,A,-,04,21703,,N,C,C,A,A,H,-,A,A,0,,,,,Y,,-,,0,1,1,0,0,0,0,0,0,"- ","- ",37.154991149902344,-121.4930419921875,"SANTA CLARA","SAN JOSE",-121.82508087158203,37.251331329345703
9404774,2022,2022-02-14,4313,2022-01-28,2224,4808,TOM,5,5,7,4313,0,0,0,,0,0T2,"HILLSDALE AV","KILO AV",0.00,,Y,A,-,N,,,,,,,,,,Y,3,0,2,2,A,-,12,22450,A,F,D,C,A,A,H,-,C,A,0,,,,,Y,,-,,0,1,1,0,0,0,0,0,0,"- ","- ",33.715568542480469,-121.544189453125,"SANTA CLARA","SAN JOSE",-121.91159057617188,37.265777587890625
9405271,2022,2022-02-17,4313,2022-01-27,0838,4610,XRAY,4,5,7,4313,0,0,0,,0,0X1,"HILLCAP AV","HILLCAP AV  3630",0.00,,Y,A,-,N,,,,,,,,,,N,4,0,1,2,A,-,11,21954,A,N,B,B,D,A,G,-,A,D,0,Y,,,,Y,,N,60,0,0,1,0,1,0,0,0,0,"- ","- ",,,"SANTA CLARA","SAN JOSE",,
9405272,2022,2022-02-18,4313,2022-01-28,2051,4646,TOM,5,5,7,4313,0,0,0,,0,0T3,"ALMADEN EX","IRONWOOD DR",122.00,N,N,A,-,N,,,,,,,,,,Y,4,0,1,2,A,-,03,22350,,N,C,C,A,A,H,-,C,A,0,,,,,Y,Y,-,,0,0,1,0,0,0,0,0,0,"- ","- ",,,"SANTA CLARA","SAN JOSE",-121.88075256347656,37.289279937744141
9405273,2022,2022-03-08,4313,2022-01-30,1959,4964,LINCO,7,5,7,4313,0,0,0,,0,0L1,"STORY RD","SENTER RD",0.00,,Y,A,-,N,,,,,,,,,,N,4,0,2,3,A,-,12,21453,A,N,A,C,A,A,H,-,A,A,0,,,,,Y,,-,,0,0,2,0,0,0,0,0,0,"- ","- ",,,"SANTA CLARA","SAN JOSE",-121.86553955078125,37.325725555419922
9405287,2022,2022-02-23,4313,2022-01-15,1109,4863,SOUTH,6,5,7,4313,0,0,0,,0,0X4,"CHYNOWETH AV","EDENVALE AV",0.00,,Y,A,-,N,,,,,,,,,,N,4,0,1,2,A,-,22,23123,A,N,C,-,A,A,H,-,A,A,0,,,,,Y,,-,,0,0,1,0,0,0,0,0,0,"- ","- ",,,"SANTA CLARA","SAN JOSE",-121.81938934326172,37.25897216796875
9405289,2022,2022-02-23,4313,2022-01-14,2123,4489,FRANK,5,5,7,4313,0,0,0,,0,0F5,"PARKMOOR AV","LEIGH AV",0.00,,-,A,-,N,,,,,,,,,,Y,4,0,1,2,A,-,12,21453,A,N,D,C,A,A,H,-,C,A,0,,,,,Y,,-,,0,0,1,0,0,0,0,0,0,"- ","- ",,,"SANTA CLARA","SAN JOSE",-121.92377471923828,37.317295074462891
9405296,2022,2022-03-04,4313,2022-01-07,1545,4661,SOUTH,5,5,7,4313,0,0,0,,0,0Y3,"COTTLE RD","RT 85",0.00,,Y,A,-,Y,SCL,4,85,-,-,2.190,R,4,S,N,4,0,1,2,A,-,03,22350,A,N,A,C,A,A,H,-,A,A,0,,,,,Y,,-,,0,0,1,0,0,0,0,0,0,"- ","- ",,,"SANTA CLARA","SAN JOSE",-121.80792236328125,37.243057250976562
9405299,2022,2022-03-23,4313,2022-01-06,2058,4776,ROBER,4,5,7,4313,0,0,0,,0,0R3,"NORTH 1ST","CHARCOT AV",0.00,,Y,C,-,N,,,,,,,,,,Y,4,0,2,2,A,-,"- ",,,N,D,C,A,B,H,-,C,A,0,,,,,Y,,-,"- ",0,0,2,0,0,0,0,0,0,"- ","- ",,,"SANTA CLARA","SAN JOSE",-121.9227294921875,37.379123687744141
9405422,2022,2022-03-08,4313,2022-01-29,1301,4947,DR,6,5,7,4313,0,0,0,,0,0R5,"BERRYESSA RD","FLEA MARKET PL",0.00,,Y,A,-,N,,,,,,,,,,N,4,0,1,2,A,-,03,22350,,F,C,C,A,A,H,-,A,A,0,,,,,Y,,-,,0,0,1,0,0,0,0,0,0,"- ","- ",,,"SANTA CLARA","SAN JOSE",-121.87757110595703,37.370548248291016
9405424,2022,2022-02-24,4313,2022-01-28,1542,4938,PAUL,5,5,7,4313,0,0,0,,0,0P4,"NIEMAN BL","TORYGLEN WY",0.00,,Y,A,-,N,,,,,,,,,,Y,3,0,2,2,A,-,03,22350,,F,D,C,A,A,H,-,A,A,0,,,,,Y,,-,,0,2,0,0,0,0,0,0,0,"- ","- ",37.182380676269531,-121.47525024414062,"SANTA CLARA","SAN JOSE",-121.79791259765625,37.306594848632812
9405430,2022,2022-02-24,4313,2022-01-24,0750,4682,CENTR,1,5,7,4313,0,0,0,,0,0R2,"HOSTETTER RD","FLICKINGER AV",0.00,,Y,A,-,N,,,,,,,,,,Y,4,0,3,2,A,-,12,21453,A,N,D,C,A,A,H,-,A,A,0,,,,,Y,,-,,0,0,3,0,0,0,0,0,0,"- ","- ",37.232749938964844,-121.52451324462891,"SANTA CLARA","SAN JOSE",-121.87924957275391,37.391029357910156
9405433,2022,2022-02-24,4313,2022-01-23,1605,4861,FOOTH,7,5,7,4313,0,0,0,,0,0C3,"TULLY RD","HURAN DR",0.00,,Y,A,-,N,,,,,,,,,,Y,4,0,1,2,A,-,12,21453,A,N,D,C,A,A,H,-,A,D,0,,,,,Y,,-,,0,0,1,0,0,0,0,0,0,"- ","- ",,,"SANTA CLARA","SAN JOSE",-121.82379913330078,37.323883056640625
9405437,2022,2022-02-24,4313,2022-01-23,1835,4891,WILLI,7,5,7,4313,0,0,0,,0,002,"VICEORY LN","PENITENCIA CREEK",0.00,,Y,A,-,N,,,,,,,,,,N,3,0,1,2,A,-,08,22107,,F,G,B,B,A,H,-,C,D,0,Y,,,,Y,Y,-,,0,1,0,0,1,0,0,0,0,"- ","- ",,,"SANTA CLARA","SAN JOSE",-121.84938812255859,37.388572692871094
9405439,2022,2022-03-08,4313,2022-01-21,2111,4522,WESTE,5,5,7,4313,0,0,0,,0,0F4,"PARK AV","MARTIN AV",0.00,,Y,A,-,N,,,,,,,,,,N,4,0,1,2,A,-,03,22350,,N,B,C,A,A,H,-,C,A,0,,,,,Y,,-,"- ",0,0,1,0,0,0,0,0,0,"- ","- ",37.194129943847656,-121.5513916015625,"SANTA CLARA","SAN JOSE",-121.91703033447266,37.328128814697266
9405696,2022,2022-02-11,4313,2022-01-31,2316,3729,SOUTH,1,5,7,4313,0,0,0,,0,0Y2,"BLOSSOM HILL RD","BLOSSOM AV",0.00,,Y,A,-,N,,,,,,,,,,Y,3,0,1,2,A,-,00,23103,,N,D,C,A,A,H,-,C,A,0,,,,,Y,,-,,0,1,0,0,0,0,0,0,0,"- ","- ",,,"SANTA CLARA","SAN JOSE",-121.83972930908203,37.250568389892578
9405763,2022,2022-03-02,4313,2022-02-02,1833,4964,LINCO,3,5,7,4313,0,0,0,,0,0L1,"S 7TH ST","KEYES ST",0.00,,Y,A,-,N,,,,,,,,,,Y,2,0,2,2,A,-,08,22107,,N,D,C,A,A,H,-,C,A,0,,,,,Y,,-,,1,0,1,0,0,0,0,0,0,"- ","- ",,,"SANTA CLARA","SAN JOSE",-121.87193298339844,37.322731018066406
9406421,2022,2022-02-23,4313,2022-02-05,2217,4870,SANJO,6,5,7,4313,0,0,0,,0,0K5,"MCLAUGHLIN AV","MELBOURNE BL",0.00,,Y,A,-,N,,,,,,,,,,Y,4,0,1,2,A,-,00,14601,5,N,D,C,A,A,H,-,C,A,0,,,,,Y,,-,,0,0,1,0,0,0,0,0,0,"- ","- ",,,"SANTA CLARA","SAN JOSE",-121.85901641845703,37.338111877441406
9406422,2022,2022-02-23,4313,2022-02-02,1546,4654,CENTR,3,5,7,4313,0,0,0,,0,0R2,"LUNDY AV","IAMPPOST #6L60",57.00,N,N,A,-,N,,,,,,,,,,N,3,0,1,2,A,-,05,21650,1,N,D,G,A,A,H,-,A,D,0,,Y,,,Y,,L,04,0,1,0,0,0,0,1,0,0,"- ","- ",,,"SANTA CLARA","SAN JOSE",,
9406424,2022,2022-02-23,4313,2022-02-03,2149,4644,W1,4,5,7,4313,0,0,0,,0,0W1,"HOSTETTER RD","MORRILL AV",0.00,,Y,A,-,N,,,,,,,,,,Y,4,0,1,1,A,-,08,22107,,N,A,I,A,A,H,-,C,D,0,,,,,Y,,-,,0,0,1,0,0,0,0,0,0,"- ","- ",,,"SANTA CLARA","SAN JOSE",-121.86442565917969,37.401092529296875
9406425,2022,2022-02-23,4313,2022-02-09,1331,4356,WESTE,3,5,7,4313,0,0,0,,0,0S1,"SOUTHWEST EXPWY","LEIGH AV",0.00,,Y,A,-,N,,,,,,,,,,Y,4,0,1,2,A,-,17,21451,A,N,A,C,A,A,H,-,A,A,0,,,,,Y,,-,,0,0,1,0,0,0,0,0,0,"- ","- ",,,"SANTA CLARA","SAN JOSE",-121.92186737060547,37.3067626953125
9406427,2022,2022-02-23,4313,2022-02-09,1909,3627,WESTE,3,5,7,4313,0,0,0,,0,0N6,"WESTMONT AV","KINGSTON WY",0.00,E,N,A,-,N,,,,,,,,,,Y,3,0,2,3,A,-,08,22103,,N,D,C,A,A,H,-,C,D,0,,,,,Y,,-,,0,1,1,0,0,0,0,0,0,"- ","- ",,,"SANTA CLARA","SAN JOSE",-121.99124145507812,37.271842956542969