CASE_ID,ACCIDENT_YEAR,PROC_DATE,JURIS,COLLISION_DATE,COLLISION_TIME,OFFICER_ID,REPORTING_DISTRICT,DAY_OF_WEEK,CHP_SHIFT,POPULATION,CNTY_CITY_LOC,SPECIAL_COND,BEAT_TYPE,CHP_BEAT_TYPE,CITY_DIVISION_LAPD,CHP_BEAT_CLASS,BEAT_NUMBER,PRIMARY_RD,SECONDARY_RD,DISTANCE,DIRECTION,INTERSECTION,WEATHER_1,WEATHER_2,STATE_HWY_IND,CALTRANS_COUNTY,CALTRANS_DISTRICT,STATE_ROUTE,ROUTE_SUFFIX,POSTMILE_PREFIX,POSTMILE,LOCATION_TYPE,RAMP_INTERSECTION,SIDE_OF_HWY,TOW_AWAY,COLLISION_SEVERITY,NUMBER_KILLED,NUMBER_INJURED,PARTY_COUNT,PRIMARY_COLL_FACTOR,PCF_CODE_OF_VIOL,PCF_VIOL_CATEGORY,PCF_VIOLATION,PCF_VIOL_SUBSECTION,HIT_AND_RUN,TYPE_OF_COLLISION,MVIW,PED_ACTION,ROAD_SURFACE,ROAD_COND_1,ROAD_COND_2,LIGHTING,CONTROL_DEVICE,CHP_ROAD_TYPE,PEDESTRIAN_ACCIDENT,BICYCLE_ACCIDENT,MOTORCYCLE_ACCIDENT,TRUCK_ACCIDENT,NOT_PRIVATE_PROPERTY,ALCOHOL_INVOLVED,STWD_VEHTYPE_AT_FAULT,CHP_VEHTYPE_AT_FAULT,COUNT_SEVERE_INJ,COUNT_VISIBLE_INJ,COUNT_COMPLAINT_PAIN,COUNT_PED_KILLED,COUNT_PED_INJURED,COUNT_BICYCLIST_KILLED,COUNT_BICYCLIST_INJURED,COUNT_MC_KILLED,COUNT_MC_INJURED,PRIMARY_RAMP,SECONDARY_RAMP,LATITUDE,LONGITUDE,COUNTY,CITY,POINT_X,POINT_Y
9415040,2022,2022-03-02,4304,2022-02-16,1415,203,4304,3,5,4,4304,0,0,0,,0,001,"10TH ST","AUTOMALL PY W",175.00,W,N,A,-,N,,,,,,,,,,N,4,0,1,2,A,-,09,21804,A,N,D,C,A,A,H,-,A,A,0,,,,,Y,,A,08,0,0,1,0,0,0,0,0,0,"- ","- ",,,"SANTA CLARA",GILROY,-121.56123352050781,37.001605987548828
9415041,2022,2022-02-28,4311,2022-01-10,0831,55788,5329,1,5,5,4311,0,0,0,,0,MV2,"CALIFORNIA ST","OAKTREE DR",364.00,E,N,A,-,N,,,,,,,,,,N,2,0,1,3,A,-,05,21650,,N,G,B,E,A,H,-,A,D,0,Y,,,,Y,,A,07,1,0,0,0,1,0,0,0,0,"- ","- ",37.399318695068359,-122.10199737548828,"SANTA CLARA","MOUNTAIN VIEW",-122.1016845703125,37.400142669677734
9415830,2022,2022-04-11,4308,2022-02-17,1737,323,,4,5,5,4308,0,0,0,,0,004,"E CALAVERAS BL","N PARK VICTORIA DR",380.00,W,N,A,-,N,,,,,,,,,,Y,4,0,1,2,A,-,03,22350,,N,C,E,A,A,H,-,B,D,0,,,,Y,Y,,A,07,0,0,1,0,0,0,0,0,0,"- ","- ",37.435459136962891,-121.88572692871094,"SANTA CLARA",MILPITAS,-121.88560485839844,37.435420989990234
9416028,2022,2022-04-26,4313,2022-02-25,1923,4785,NORA,5,5,7,4313,0,0,0,,0,0N2,"SAN TOMAS EXPWY","STEVENS CREEK BL",0.00,,Y,A,-,N,,,,,,,,,,Y,3,0,2,2,A,-,12,21453,A,N,A,C,A,-,H,-,C,A,0,,,,,Y,,A,01,0,2,0,0,0,0,0,0,0,"- ","- ",,,"SANTA CLARA","SAN JOSE",-121.9639892578125,37.3232421875
9416029,2022,2022-03-22,4313,2022-02-26,0628,3634,YELLO,6,5,7,4313,0,0,0,,0,0Y5,"BLOSSOM HILL RD","MONTEREY RD",0.00,,-,A,-,N,,,,,,,,,,N,3,0,1,2,A,-,03,22350,,N,C,G,A,A,H,-,A,A,0,,Y,,,Y,,A,01,0,1,0,0,0,0,1,0,0,"- ","- ",,,"SANTA CLARA","SAN JOSE",-121.80253601074219,37.255615234375
9416031,2022,2022-03-22,4313,2022-02-28,1912,4305,CENTR,1,5,7,4313,0,0,0,,0,0K6,"E WILLIAM ST","S 6TH ST",0.00,,Y,A,-,N,,,,,,,,,,N,4,0,1,2,A,-,03,22350,,F,-,C,A,-,H,-,C,A,0,,,,,Y,,A,01,0,0,1,0,0,0,0,0,0,"- ","- ",,,"SANTA CLARA","SAN JOSE",-121.87960052490234,37.331108093261719
9416190,2022,2022-03-25,4313,2022-03-04,0238,3195,,5,5,7,4313,0,0,0,,0,,"JUNCTION AV","E BROKAW RD",0.00,,Y,A,-,N,,,,,,,,,,N,2,0,1,2,-,-,"- ",,,N,D,C,A,A,H,-,A,A,0,,,,,Y,,-,"- ",1,0,0,0,0,0,0,0,0,"- ","- ",,,"SANTA CLARA","SAN JOSE",-121.90923309326172,37.379997253417969
9416524,2022,2022-03-18,4308,2022-02-08,1506,268,31B02,2,5,5,4308,0,0,0,,0,001,"S ABEL ST","W CURTIS AV",0.00,,Y,A,-,N,,,,,,,,,,N,3,0,1,2,A,-,09,21803,B,N,D,G,A,A,H,-,A,A,0,,Y,,,Y,,L,04,0,1,0,0,0,0,1,0,0,"- ","- ",37.418270111083984,-121.90556335449219,"SANTA CLARA",MILPITAS,-121.90575408935547,37.418327331542969
9416527,2022,2022-03-18,4308,2022-02-14,1231,311,31B01,1,5,5,4308,0,0,0,,0,001,"N ABEL ST","WELLER LN",189.00,S,N,A,-,N,,,,,,,,,,Y,4,0,1,2,A,-,09,21804,A,N,D,C,A,A,H,-,A,A,0,,,,,Y,,A,01,0,0,1,0,0,0,0,0,0,"- ","- ",37.432758331298828,-121.90950012207031,"SANTA CLARA",MILPITAS,-121.90957641601562,37.432895660400391
9416530,2022,2022-03-18,4308,2022-02-25,1015,279,31B01,5,5,5,4308,0,0,0,,0,001,"GREAT MALL PKWY","GREAT MALL DR",0.00,,Y,A,-,N,,,,,,,,,,Y,3,0,2,4,A,-,09,21453,C,N,D,C,A,-,H,-,A,A,0,,,,,Y,,A,01,0,1,1,0,0,0,0,0,0,"- ","- ",37.412700653076172,-121.89882659912109,"SANTA CLARA",MILPITAS,-121.89875030517578,37.412631988525391
9417368,2022,2022-03-28,4305,2022-01-06,1221,10372,1309,4,5,4,4305,0,0,0,,0,LA2,"FOOTHILL EXPWY","SAINT JOSEPH AV",0.00,,Y,A,-,N,,,,,,,,,,Y,4,0,2,2,A,-,09,21453,C,N,D,C,A,A,H,-,A,A,0,,,,,Y,,D,22,0,0,2,0,0,0,0,0,0,"- ","- ",,,"SANTA CLARA","LOS ALTOS",-122.07799530029297,37.345462799072266
9417603,2022,2022-04-28,4312,2022-03-28,1631,808914,89200,1,5,5,4312,0,0,0,,0,PA3,"MIDDLEFIELD RD","MONTROSE AV",0.00,,Y,A,-,N,,,,,,,,,,Y,3,0,1,2,A,-,09,21801,A,N,D,C,A,A,H,-,A,A,0,,,,,Y,,A,01,0,1,0,0,0,0,0,0,0,"- ","- ",37.4180908203125,-122.10832214355469,"SANTA CLARA","PALO ALTO",-122.10594177246094,37.417526245117188
9417606,2022,2022-04-27,4312,2022-03-30,2034,808914,8720,3,5,5,4312,0,0,0,,0,PA2,"ALMA ST","OREGON EXPWY",43.00,E,N,A,-,N,,,,,,,,,,Y,3,0,1,2,A,-,09,21801,A,N,D,C,A,A,H,-,C,D,0,,,,,Y,,A,01,0,1,0,0,0,0,0,0,0,"- ","- ",,,"SANTA CLARA","PALO ALTO",-122.13991546630859,37.428455352783203
9417614,2022,2022-04-27,4311,2022-03-29,1345,55788,5321,2,5,5,4311,0,0,0,,0,MV1,"BRYANT ST","VILLA ST",0.00,,Y,A,-,N,,,,,,,,,,N,4,0,1,3,A,-,10,21950,A,N,G,B,B,A,H,-,A,D,0,Y,,,,Y,,A,07,0,0,1,0,1,0,0,0,0,"- ","- ",,,"SANTA CLARA","MOUNTAIN VIEW",-122.08004760742188,37.394252777099609
9417691,2022,2022-05-04,4311,2022-04-06,0830,55788,5418,3,5,5,4311,0,0,0,,0,MV4,"N SHORELINE BL","SPACE PARK WY",0.00,,Y,A,-,N,,,,,,,,,,N,3,0,1,2,-,-,"- ",,,N,D,G,A,A,H,-,A,D,0,,Y,,,Y,,A,07,0,1,0,0,0,0,1,0,0,"- ","- ",,,"SANTA CLARA","MOUNTAIN VIEW",-122.07802581787109,37.417121887207031
9418236,2022,2022-04-01,4304,2022-03-02,1836,230,4304,3,5,4,4304,0,0,0,,0,003,"1ST ST","KELTON DR",0.00,,Y,A,-,N,,,,,,,,,,N,4,0,1,2,A,-,17,21461,A,N,D,C,A,A,H,-,D,A,0,,,,,Y,,A,01,0,0,1,0,0,0,0,0,0,"- ","- ",,,"SANTA CLARA",GILROY,-121.59720611572266,37.01348876953125
9418553,2022,2022-04-12,4313,2022-02-10,1346,4341,MARY,4,5,7,4313,0,0,0,,0,0M3,"ALUM ROCK RD","RT 680",0.00,,Y,A,-,Y,SCL,4,130,-,-,1.360,H,-,W,Y,4,0,1,4,A,-,03,22350,,N,-,C,A,A,H,-,A,A,0,,,,,Y,,-,,0,0,1,0,0,0,0,0,0,"- ","- ",,,"SANTA CLARA","SAN JOSE",-121.84091186523438,37.35980224609375
9418556,2022,2022-04-22,4313,2022-03-11,0055,5001,CENTR,5,5,7,4313,0,0,0,,0,0E2,"W ST JAMES ST","N MARKET ST",0.00,,Y,A,-,N,,,,,,,,,,Y,4,0,1,2,A,-,12,21453,A,N,D,C,A,A,H,-,C,A,0,,,,,Y,,D,22,0,0,1,0,0,0,0,0,0,"- ","- ",,,"SANTA CLARA","SAN JOSE",-121.89424896240234,37.338390350341797
9419061,2022,2022-04-05,4313,2022-03-12,2237,4681,XRAY,6,5,7,4313,0,0,0,,0,0X2,"CAS DR","EZIE ST",0.00,,Y,A,-,N,,,,,,,,,,Y,3,0,1,2,A,-,12,22450,A,N,D,C,A,A,H,-,C,A,0,,,,,Y,Y,-,,0,1,0,0,0,0,0,0,0,"- ","- ",37.172931671142578,-121.49529266357422,"SANTA CLARA","SAN JOSE",-121.83130645751953,37.284145355224609
9419062,2022,2022-04-27,4313,2022-03-10,0225,,,4,5,7,4313,0,0,0,,0,,"E WILLIAM ST","S 6TH ST",0.00,,Y,A,-,N,,,,,,,,,,,4,0,1,2,-,-,"- ",,,N,C,C,A,A,H,-,A,A,0,,,,,Y,,-,"- ",0,0,1,0,0,0,0,0,0,"- ","- ",,,"SANTA CLARA","SAN JOSE",-121.87960052490234,37.331108093261719
9419063,2022,2022-04-22,4313,2022-03-07,1926,4631,SOUTH,1,5,7,4313,0,0,0,,0,0A4,"SANTA TERESA BL","FURLONG AV",9.00,E,N,A,-,N,,,,,,,,,,N,4,0,1,2,A,-,09,21800,A,N,-,C,A,A,H,-,C,A,0,,,,,Y,,-,,0,0,1,0,0,0,0,0,0,"- ","- ",,,"SANTA CLARA","SAN JOSE",-121.86068725585938,37.243923187255859
9419065,2022,2022-04-05,4313,2022-03-06,0020,5037,SAM,7,5,7,4313,0,0,0,,0,0S4,"PINE AV","NEWPORT AV",0.00,,Y,A,-,N,,,,,,,,,,Y,4,0,1,2,A,-,12,22450,A,N,D,C,A,A,H,-,C,A,0,,,,,Y,Y,-,,0,0,1,0,0,0,0,0,0,"- ","- ",,,"SANTA CLARA","SAN JOSE",-121.89733123779297,37.296756744384766
9419067,2022,2022-04-05,4313,2022-03-11,2316,4775,LINC,5,5,7,4313,0,0,0,,0,0L6,"MCLAUGHLIN AV","CHESWICK DR",0.00,,Y,A,-,N,,,,,,,,,,Y,3,0,1,2,A,-,08,22107,,F,C,E,A,A,H,-,C,A,0,,,,,Y,,-,,0,1,0,0,0,0,0,0,0,"- ","- ",37.183059692382812,-121.49484252929688,"SANTA CLARA","SAN JOSE",-121.83010101318359,37.308502197265625
9419068,2022,2022-04-20,4313,2022-03-17,0610,4966,CENTR,4,5,7,4313,0,0,0,,0,0R3,"E BROKAW RD","BERING DR",30.00,W,N,A,-,N,,,,,,,,,,N,4,0,1,2,A,-,11,21955,,N,G,B,D,A,H,-,C,A,0,Y,,,,Y,,N,60,0,0,1,0,1,0,0,0,0,"- ","- ",,,"SANTA CLARA","SAN JOSE",-121.91574096679688,37.375560760498047
9419075,2022,2022-04-21,4313,2022-03-04,1644,4951,DK,5,5,7,4313,0,0,0,,0,0K6,"S 10TH ST","E REED ST",0.00,,Y,A,G,N,,,,,,,,,,Y,4,0,1,3,A,-,12,21453,A,N,B,C,A,A,H,-,A,A,0,,,,,Y,,-,,0,0,1,0,0,0,0,0,0,"- ","- ",37.195369720458984,-121.52275085449219,"SANTA CLARA","SAN JOSE",-121.874267578125,37.331611633300781
9419076,2022,2022-04-05,4313,2022-03-12,2323,4756,CENTR,6,5,7,4313,0,0,0,,0,0R4,"SAJAK AV","OYAMA DR",0.00,,Y,A,-,N,,,,,,,,,,N,3,0,1,1,A,-,03,22350,,N,H,J,A,A,H,-,C,D,0,,,,,Y,,-,,0,1,0,0,0,0,0,0,0,"- ","- ",37.225078582763672,-121.53208923339844,"SANTA CLARA","SAN JOSE",-121.88909149169922,37.380779266357422
9419773,2022,2022-04-21,4308,2022-03-13,1142,269,,7,5,5,4308,0,0,0,,0,001,"RT 237","S ABBOTT AV",174.00,W,N,A,-,Y,SCL,4,237,-,-,9.540,H,-,E,N,4,0,1,2,A,-,08,22107,,N,D,C,A,A,H,-,A,A,0,,,,,Y,,D,22,0,0,1,0,0,0,0,0,0,"- ","- ",37.426570892333984,-121.91297912597656,"SANTA CLARA",MILPITAS,-121.91301727294922,37.426593780517578
9419986,2022,2022-04-28,4313,2022-03-09,0954,5012,KING,3,5,7,4313,0,0,0,,0,006,"S 10TH ST","E REED ST",0.00,,Y,A,-,N,,,,,,,,,,Y,4,0,2,2,A,-,09,21801,A,N,A,C,A,A,H,-,A,A,0,,,,,Y,,-,"- ",0,0,2,0,0,0,0,0,0,"- ","- ",37.195369720458984,-121.52275085449219,"SANTA CLARA","SAN JOSE",-121.874267578125,37.331611633300781
9419991,2022,2022-04-28,4313,2022-03-22,1900,4504,,2,5,7,4313,0,0,0,,0,,"MOOREPARK AV","MOORPARK AV 4434",0.00,,Y,A,-,N,,,,,,,,,,N,4,0,1,2,A,-,09,21801,A,N,D,B,E,A,H,-,A,A,0,Y,,,,Y,,-,"- ",0,0,1,0,1,0,0,0,0,"- ","- ",,,"SANTA CLARA","SAN JOSE",,
9419992,2022,2022-04-28,4313,2022-03-29,0318,4893,SANTA,2,5,7,4313,0,0,0,,0,0F4,"SCHIELE AV","HOOVER AV",0.00,,Y,A,-,N,,,,,,,,,,Y,2,0,1,2,A,-,03,22350,,N,F,E,A,A,H,-,C,D,0,,,,,Y,,-,"- ",1,0,0,0,0,0,0,0,0,"- ","- ",,,"SANTA CLARA","SAN JOSE",-121.91400146484375,37.337284088134766
9420094,2022,2022-04-28,4313,2022-03-26,1333,4864,DA,6,5,7,4313,0,0,0,,0,0A3,"ALMADEN EXPWY","CHERRY AV",0.00,,Y,A,-,N,,,,,,,,,,Y,2,0,1,2,A,-,11,21955,,N,G,B,B,A,H,-,A,A,0,Y,,,,Y,,N,60,1,0,0,0,1,0,0,0,0,"- ","- ",,,"SANTA CLARA","SAN JOSE",-121.87612152099609,37.259063720703125
9420096,2022,2022-05-03,4313,2022-03-31,2110,5024,SAM,4,5,7,4313,0,0,0,,0,002,"HAMILTON AV","MERIDIAN AV",0.00,,Y,A,-,N,,,,,,,,,,Y,4,0,2,2,A,-,09,21801,,N,A,C,A,A,H,-,C,A,0,,,,,Y,,-,,0,0,2,0,0,0,0,0,0,"- ","- ",,,"SANTA CLARA","SAN JOSE",-121.91355133056641,37.29443359375
9422062,2022,2022-05-24,4313,2022-04-02,1755,4631,ADAM,6,5,7,4313,0,0,0,,0,0A4,"BLOSSOM HILL RD","ALMADEN EXPWY",0.00,,Y,A,-,N,,,,,,,,,,Y,4,0,1,2,A,-,"- ",,,F,G,B,B,A,H,-,A,A,0,Y,,,,Y,,-,,0,0,1,0,1,0,0,0,0,"- ","- ",,,"SANTA CLARA","SAN JOSE",-121.87517547607422,37.250728607177734
9422064,2022,2022-05-24,4313,2022-04-02,2338,4847,CENTR,6,5,7,4313,0,0,0,,0,0R2,"LUNDY AV","CONCOURSE DR",0.00,,Y,A,-,N,,,,,,,,,,,4,0,1,2,A,-,00,20001,B,F,G,B,E,A,H,-,C,A,0,Y,,,,Y,Y,-,,0,0,1,0,1,0,0,0,0,"- ","- ",,,"SANTA CLARA","SAN JOSE",-121.89102935791016,37.397041320800781
9422066,2022,2022-05-18,4313,2022-04-01,1052,4565,PAUL,5,5,7,4313,0,0,0,,0,004,"CASTLETON DR","S WHITE RD",0.00,,Y,A,-,N,,,,,,,,,,N,4,0,1,2,A,-,03,22350,,N,B,D,A,A,H,-,A,A,0,,,,,Y,,-,,0,0,1,0,0,0,0,0,0,"- ","- ",,,"SANTA CLARA","SAN JOSE",-121.79601287841797,37.321929931640625
9422746,2022,2022-04-01,4313,2022-03-08,2347,5001,CENTR,2,5,7,4313,0,0,0,,0,0E2,"E ST JAMES ST","N 4TH ST",0.00,,Y,A,-,N,,,,,,,,,,N,4,0,1,2,A,-,08,22107,,F,B,C,A,A,H,-,C,A,0,,,,,Y,Y,-,,0,0,1,0,0,0,0,0,0,"- ","- ",37.202610015869141,-121.53227233886719,"SANTA CLARA","SAN JOSE",-121.88961791992188,37.340587615966797
9422747,2022,2022-04-18,4313,2022-03-02,1418,4945,TOM,3,5,7,4313,0,0,0,,0,0T4,"BRANHAM LN","CALLE DE TOSCA",0.00,,-,A,-,N,,,,,,,,,,N,3,0,1,2,A,-,00,20001,,F,G,B,B,A,H,-,A,C,0,Y,,,,Y,,-,,0,1,0,0,1,0,0,0,0,"- ","- ",,,"SANTA CLARA","SAN JOSE",-121.89625549316406,37.256526947021484
9422748,2022,2022-04-01,4313,2022-03-04,1824,4990,FOOTH,5,5,7,4313,0,0,0,,0,0P3,"SILVER CREEK RD","ABORN RD",0.00,,-,A,-,N,,,,,,,,,,N,4,0,1,2,A,-,04,21703,,F,C,C,A,A,H,-,A,A,0,,,,,Y,,-,99,0,0,1,0,0,0,0,0,0,"- ","- ",37.183658599853516,-121.48484802246094,"SANTA CLARA","SAN JOSE",-121.81352233886719,37.310138702392578
9422749,2022,2022-04-04,4313,2022-03-04,0825,4797,SOUTH,5,5,7,4313,0,0,0,,0,0X1,"COPPERFIELD DR","SANDPEBBLE DR",0.00,,Y,A,-,N,,,,,,,,,,N,4,0,1,2,A,-,12,22450,,F,A,G,A,A,-,-,A,A,0,,Y,,,Y,,-,99,0,0,1,0,0,0,1,0,0,"- ","- ",,,"SANTA CLARA","SAN JOSE",-121.85467529296875,37.275741577148438
9422752,2022,2022-04-07,4313,2022-03-03,1946,4644,W1,4,5,7,4313,0,0,0,,0,0W1,"HOSTETTER RD","N CAPITOL AV",165.00,E,N,B,-,N,,,,,,,,,,,4,0,1,2,A,-,03,22350,,F,C,C,A,A,H,-,C,A,0,,,,,Y,,-,99,0,0,1,0,0,0,0,0,0,"- ","- ",37.234798431396484,-121.5218505859375,"SANTA CLARA","SAN JOSE",-121.87151336669922,37.396949768066406
9422755,2022,2022-04-04,4313,2022-03-03,1903,4886,SOUTH,4,5,7,4313,0,0,0,,0,0Y2,"SNELL AV","AVENIDA DEL ROBLE",57.00,S,N,A,-,N,,,,,,,,,,Y,3,0,2,2,A,-,03,22350,,N,C,C,A,A,-,-,C,A,0,,,,,Y,,-,,0,1,1,0,0,0,0,0,0,"- ","- ",,,"SANTA CLARA","SAN JOSE",-121.83092498779297,37.254623413085938
9423339,2022,2022-03-29,4304,2022-03-06,1528,236,4304,7,5,4,4304,0,0,0,,0,003,"1ST ST","ROSANNA ST",81.00,E,N,A,-,Y,SCL,4,152,-,-,9.250,H,-,W,Y,4,0,1,2,A,-,03,22350,,N,C,C,A,A,H,-,A,D,0,,,,,Y,Y,A,07,0,0,1,0,0,0,0,0,0,"- ","- ",,,"SANTA CLARA",GILROY,-121.57550811767578,37.013736724853516
9423626,2022,2022-04-11,4313,2022-03-19,0140,4731,TOM,6,5,7,4313,0,0,0,,0,0T4,"MERIDIAN AV","LIGHT POLE #17K261",3.00,W,N,A,-,N,,,,,,,,,,Y,3,0,2,4,A,-,07,21658,A,N,C,E,A,A,H,-,C,A,0,,,,,Y,,-,,0,2,0,0,0,0,0,0,0,"- ","- ",,,"SANTA CLARA","SAN JOSE",,
9423629,2022,2022-04-11,4313,2022-03-07,0715,5023,DL,1,5,7,4313,0,0,0,,0,0S3,"TULLY RD","CORDE TERRA CL",0.00,,Y,A,-,N,,,,,,,,,,Y,4,0,1,2,A,-,07,21658,A,N,B,C,A,A,H,-,A,A,0,,,,,Y,,-,,0,0,1,0,0,0,0,0,0,"- ","- ",37.182220458984375,-121.51113128662109,"SANTA CLARA","SAN JOSE",-121.85031127929688,37.306232452392578
9423681,2022,2022-04-05,4300,2022-01-22,1754,2252,S2,6,5,4,4315,0,0,0,,0,71S3,"KILBRIDE DR","BEAUMONT AV",292.00,W,N,A,-,N,,,,,,,,,,Y,4,0,1,2,A,-,03,22350,,N,C,E,A,A,H,-,D,D,0,,,,,Y,,A,01,0,0,1,0,0,0,0,0,0,"- ","- ",37.27471923828125,-122.02365875244141,"SANTA CLARA",SARATOGA,-122.02455902099609,37.274894714355469
9423687,2022,2022-04-05,4300,2022-01-29,1645,2354,C7,6,5,5,4303,0,0,0,,0,71C6,"MCCLELLAN RD","SAN LEANDRO AV",325.00,E,N,A,-,N,,,,,,,,,,N,2,0,1,1,A,-,03,22350,,N,F,A,A,A,H,-,A,D,0,,Y,,,Y,,L,04,1,0,0,0,0,0,1,0,0,"- ","- ",37.313850402832031,-122.06713104248047,"SANTA CLARA",CUPERTINO,-122.06595611572266,37.313552856445312
9423703,2022,2022-04-05,4300,2022-01-11,1600,2237,74C2,2,5,5,4303,0,0,0,,0,0C9,"BLANEY AV","LA MAR DR",101.00,N,N,A,-,N,,,,,,,,,,N,3,0,1,1,C,-,18,,,N,H,A,A,A,D,-,A,A,0,,Y,,,Y,,-,"- ",0,1,0,0,0,0,1,0,0,"- ","- ",37.318061828613281,-122.02317047119141,"SANTA CLARA",CUPERTINO,-122.02314758300781,37.318458557128906
9424697,2022,2022-03-28,4305,2022-01-20,0805,10372,1303,4,5,4,4305,0,0,0,,0,LA1,"ALMOND AV","SOLANO DR",0.00,,Y,A,-,N,,,,,,,,,,N,3,0,1,2,A,-,09,21801,A,N,D,G,A,A,H,-,A,A,0,,Y,,,Y,,A,01,0,1,0,0,0,0,1,0,0,"- ","- ",37.385009765625,-122.10391235351562,"SANTA CLARA","LOS ALTOS",-122.10386657714844,37.385002136230469
9425993,2022,2022-04-26,4305,2022-02-28,1305,10369,1402,1,5,4,4305,0,0,0,,0,LA1,"EL CAMINO REAL","SHOWERS DR",208.00,W,N,A,-,Y,SCL,4,82,-,-,21.600,H,-,N,Y,4,0,1,2,A,-,03,22350,,N,C,C,A,A,H,-,A,D,0,,,,Y,Y,,F,26,0,0,1,0,0,0,0,0,0,"- ","- ",,,"SANTA CLARA","LOS ALTOS",-122.10990142822266,37.399375915527344
9426180,2022,2022-04-05,4304,2022-03-03,0750,214,,4,5,4,4304,0,0,0,,0,,"WREN AV","LA PRIMAVERA WY",157.00,N,N,A,-,N,,,,,,,,,,,4,0,2,2,A,-,09,21804,A,N,D,C,A,A,H,-,A,D,0,,,,Y,Y,,F,26,0,0,2,0,0,0,0,0,0,"- ","- ",,,"SANTA CLARA",GILROY,-121.58683013916016,37.027980804443359
9426403,2022,2022-03-30,4313,2022-03-03,2052,4530,WESTE,4,5,7,4313,0,0,0,,0,0S6,"ALMADEN RD","STONE CT",0.00,,Y,C,-,N,,,,,,,,,,N,4,0,1,2,A,-,05,21460,,N,B,C,A,B,H,-,C,D,0,,,,,Y,,-,,0,0,1,0,0,0,0,0,0,"- ","- ",37.1822509765625,-121.52430725097656,"SANTA CLARA","SAN JOSE",-121.87860107421875,37.306285858154297
9426407,2022,2022-04-06,4313,2022-03-07,0120,4836,FOOTH,1,5,7,4313,0,0,0,,0,0M1,"MCKEE RD","RT 101",0.00,,Y,A,-,Y,SCL,4,101,-,R,36.223,R,4,N,Y,3,0,2,1,A,-,01,23152,,N,E,I,A,A,H,-,C,A,0,,,,,Y,Y,-,,0,1,1,0,0,0,0,0,0,"- ",NO,,,"SANTA CLARA","SAN JOSE",-121.86704254150391,37.355121612548828
9426409,2022,2023-11-16,4313,2022-03-02,0534,4984,FOOTH,3,5,7,4313,0,0,0,,0,0M5,"ALUM ROCK AV","NB RT 680 FROM ALUM ROCK RP",0.00,N,-,A,-,Y,SCL,4,680,-,M,1.868,R,3,N,Y,1,1,0,2,A,-,10,21950,A,N,G,B,C,A,H,-,C,A,0,Y,,,,Y,Y,-,"- ",0,0,0,1,0,0,0,0,0,"- ","- ",37.213661193847656,-121.50241088867188,"SANTA CLARA","SAN JOSE",-121.84201812744141,37.361431121826172
9426413,2022,2022-03-30,4313,2022-03-02,1200,5038,XRAY,3,5,7,4313,0,0,0,,0,004,"ARMONK CT","HAYES AV",27.00,S,N,A,-,N,,,,,,,,,,Y,4,0,2,2,A,-,08,22107,,N,D,C,A,A,H,-,A,D,0,,,,,Y,,-,,0,0,2,0,0,0,0,0,0,"- ","- ",37.152309417724609,-121.48342132568359,"SANTA CLARA","SAN JOSE",-121.80941009521484,37.256420135498047
9426416,2022,2022-04-06,4313,2022-03-02,0830,4968,TOM,3,5,7,4313,0,0,0,,0,0T3,"ALMADEN RD","CURTNER AV",0.00,,-,A,-,N,,,,,,,,,,Y,3,0,2,4,A,-,03,22350,A,N,B,C,A,A,H,-,A,A,0,,,,,Y,,-,"- ",0,1,1,0,0,0,0,0,0,"- ","- ",37.173229217529297,-121.52448272705078,"SANTA CLARA","SAN JOSE",-121.88020324707031,37.292282104492188
9426417,2022,2022-03-30,4313,2022-03-01,0716,4915,CHARE,2,5,7,4313,0,0,0,,0,003,"MCGINNESS AV","SUSSEX DR",0.00,,Y,A,-,N,,,,,,,,,,Y,4,0,1,2,A,-,08,22107,,N,A,D,A,A,H,-,A,D,0,,,,,Y,Y,-,,0,0,1,0,0,0,0,0,0,"- ","- ",,,"SANTA CLARA","SAN JOSE",-121.82329559326172,37.351108551025391
9426418,2022,2022-04-06,4313,2022-03-01,1653,4550,SOUTH,2,5,7,4313,0,0,0,,0,0Y4,"GREAT OAKS BL","RT 85",0.00,,Y,A,-,Y,SCL,4,85,-,-,0.811,R,4,N,N,3,0,2,2,A,-,12,21453,,N,A,C,A,A,H,-,A,A,0,,,,,Y,,-,,0,1,1,0,0,0,0,0,0,"- ",NO,37.142841339111328,-121.46457672119141,"SANTA CLARA","SAN JOSE",-121.78362274169922,37.240123748779297
9426479,2022,2022-04-06,4300,2022-01-18,1814,2213,C4,2,5,5,4303,0,0,0,,0,74S4,"DE ANZA BL","RT 280",0.00,,Y,A,-,Y,SCL,4,280,-,-,9.271,R,4,S,Y,4,0,1,2,A,-,12,21453,A,N,D,C,A,A,H,-,C,A,0,,,,,Y,,A,07,0,0,1,0,0,0,0,0,0,"- ",SO,37.333511352539062,-122.03212738037109,"SANTA CLARA",CUPERTINO,-122.02936553955078,37.334262847900391
9426509,2022,2022-04-06,4312,2022-02-25,1324,808914,80500,5,5,5,4312,0,0,0,,0,PA2,"HAMILTON AV","ALMA ST",0.00,,Y,A,-,N,,,,,,,,,,N,3,0,1,2,A,-,08,22107,,N,B,G,A,A,H,-,A,A,0,,Y,,,Y,,A,01,0,1,0,0,0,0,1,0,0,"- ","- ",,,"SANTA CLARA","PALO ALTO",-122.16275024414062,37.442672729492188
9427233,2022,2022-04-15,4312,2022-03-15,1820,808536,80400,2,5,5,4312,0,0,0,,0,PA2,"MIDDLEFIELD RD","PALO ALTO AV",110.00,N,N,A,-,N,,,,,,,,,,Y,3,0,1,1,A,-,03,22350,,N,A,J,A,A,H,-,A,D,0,,,,,Y,,A,01,0,1,0,0,0,0,0,0,0,"- ","- ",37.453571319580078,-122.16204833984375,"SANTA CLARA","PALO ALTO",-122.162841796875,37.453975677490234