CASE_ID,ACCIDENT_YEAR,PROC_DATE,JURIS,COLLISION_DATE,COLLISION_TIME,OFFICER_ID,REPORTING_DISTRICT,DAY_OF_WEEK,CHP_SHIFT,POPULATION,CNTY_CITY_LOC,SPECIAL_COND,BEAT_TYPE,CHP_BEAT_TYPE,CITY_DIVISION_LAPD,CHP_BEAT_CLASS,BEAT_NUMBER,PRIMARY_RD,SECONDARY_RD,DISTANCE,DIRECTION,INTERSECTION,WEATHER_1,WEATHER_2,STATE_HWY_IND,CALTRANS_COUNTY,CALTRANS_DISTRICT,STATE_ROUTE,ROUTE_SUFFIX,POSTMILE_PREFIX,POSTMILE,LOCATION_TYPE,RAMP_INTERSECTION,SIDE_OF_HWY,TOW_AWAY,COLLISION_SEVERITY,NUMBER_KILLED,NUMBER_INJURED,PARTY_COUNT,PRIMARY_COLL_FACTOR,PCF_CODE_OF_VIOL,PCF_VIOL_CATEGORY,PCF_VIOLATION,PCF_VIOL_SUBSECTION,HIT_AND_RUN,TYPE_OF_COLLISION,MVIW,PED_ACTION,ROAD_SURFACE,ROAD_COND_1,ROAD_COND_2,LIGHTING,CONTROL_DEVICE,CHP_ROAD_TYPE,PEDESTRIAN_ACCIDENT,BICYCLE_ACCIDENT,MOTORCYCLE_ACCIDENT,TRUCK_ACCIDENT,NOT_PRIVATE_PROPERTY,ALCOHOL_INVOLVED,STWD_VEHTYPE_AT_FAULT,CHP_VEHTYPE_AT_FAULT,COUNT_SEVERE_INJ,COUNT_VISIBLE_INJ,COUNT_COMPLAINT_PAIN,COUNT_PED_KILLED,COUNT_PED_INJURED,COUNT_BICYCLIST_KILLED,COUNT_BICYCLIST_INJURED,COUNT_MC_KILLED,COUNT_MC_INJURED,PRIMARY_RAMP,SECONDARY_RAMP,LATITUDE,LONGITUDE,COUNTY,CITY,POINT_X,POINT_Y
9443429,2022,2022-05-17,4313,2022-04-25,0618,4897,FOOTH,1,5,7,4313,0,0,0,,0,0M3,"KING RD","SAN ANTONIO ST",0.00,,Y,A,-,N,,,,,,,,,,Y,4,0,1,2,A,-,12,21453,A,F,D,C,A,A,H,-,A,A,0,,,,,Y,,-,,0,0,1,0,0,0,0,0,0,"- ","- ",,,"SANTA CLARA","SAN JOSE",-121.85267639160156,37.349845886230469
9443469,2022,2022-05-12,4313,2022-04-04,1806,4259,DS,1,5,7,4313,0,0,0,,0,0S3,"WEST VIRGINIA ST","PREVOST ST",0.00,,Y,A,-,N,,,,,,,,,,N,4,0,1,2,A,-,08,22107,,N,B,G,A,A,H,-,A,D,0,,Y,,,Y,,L,04,0,0,1,0,0,0,1,0,0,"- ","- ",,,"SANTA CLARA","SAN JOSE",-121.89109802246094,37.319923400878906
9443475,2022,2022-05-12,4313,2022-04-26,0645,3389,CENTR,2,5,7,4313,0,0,0,,0,0E2,"E SANTA CLARA ST","N 3RD ST",0.00,,Y,A,-,N,,,,,,,,,,Y,4,0,1,2,D,-,00,,,N,D,C,A,A,H,-,A,A,0,,,,,Y,,-,"- ",0,0,1,0,0,0,0,0,0,"- ","- ",37.201381683349609,-121.5318603515625,"SANTA CLARA","SAN JOSE",-121.88847351074219,37.337184906005859
9443476,2022,2022-05-12,4313,2022-04-27,0732,5034,SOUTH,3,5,7,4313,0,0,0,,0,0X5,"CROCKER DR","PAGE MILL DR",0.00,,Y,A,-,N,,,,,,,,,,Y,4,0,2,3,A,-,09,21801,A,N,B,C,A,A,H,-,A,D,0,,,,,Y,,-,,0,0,2,0,0,0,0,0,0,"- ","- ",37.154811859130859,-121.48432922363281,"SANTA CLARA","SAN JOSE",-121.81198120117188,37.263393402099609
9443485,2022,2022-05-24,4313,2022-04-06,0811,4920,CENTR,3,5,7,4313,0,0,0,,0,0R3,"OLD BAYSHORE HWY","QUEENS LN",300.00,,N,A,-,N,,,,,,,,,,Y,4,0,1,2,A,-,08,22102,,N,D,C,A,A,H,-,A,D,0,,,,,Y,,-,,0,0,1,0,0,0,0,0,0,"- ","- ",37.226421356201172,-121.54216766357422,"SANTA CLARA","SAN JOSE",-121.90467834472656,37.368206024169922
9443486,2022,2022-05-12,4313,2022-04-19,2123,4659,VICTO,2,5,7,4313,0,0,0,,0,001,"W TAYLOR ST","IRENE ST",20.00,W,N,A,-,N,,,,,,,,,,Y,3,0,1,1,A,-,03,22350,,N,E,I,A,A,H,-,C,D,0,,,,,Y,,A,08,0,1,0,0,0,0,0,0,0,"- ","- ",,,"SANTA CLARA","SAN JOSE",-121.90692901611328,37.345195770263672
9443501,2022,2022-06-21,4313,2022-03-15,2020,5017,SANJO,2,5,7,4313,0,0,0,,0,0V2,"N 10TH ST","E TAYLOR ST",0.00,,Y,A,-,N,,,,,,,,,,Y,4,0,1,2,A,-,12,21453,A,N,D,D,A,A,H,-,C,A,0,,,,,Y,,-,,0,0,1,0,0,0,0,0,0,"- ","- ",,,"SANTA CLARA","SAN JOSE",-121.89064025878906,37.353618621826172
9443584,2022,2022-05-10,4313,2022-03-19,2303,4815,SOUTH,6,5,7,4313,0,0,0,,0,0X4,"CEDARGATE LN","SNELL AV",7.00,N,N,B,-,N,,,,,,,,,,N,4,0,1,2,A,-,17,21200,,N,G,G,A,A,H,-,C,D,0,,Y,,,Y,,L,04,0,0,1,0,0,0,1,0,0,"- ","- ",37.153881072998047,-121.49514007568359,"SANTA CLARA","SAN JOSE",-121.83087921142578,37.260780334472656
9443600,2022,2022-05-10,4313,2022-03-21,1136,5008,LINCO,1,5,7,4313,0,0,0,,0,0L5,"KENBROOK CL","KENBROOK CL 301",0.00,,Y,A,-,N,,,,,,,,,,N,4,0,1,1,A,-,21,22106,,N,G,B,A,A,H,-,A,D,0,,,,,Y,,-,,0,0,1,0,0,0,0,0,0,"- ","- ",,,"SANTA CLARA","SAN JOSE",,
9443658,2022,2022-05-12,4304,2022-04-14,1127,203,4304,4,5,4,4304,0,0,0,,0,001,"5TH ST","MONTEREY ST",80.00,W,N,B,-,N,,,,,,,,,,Y,4,0,1,2,A,-,21,22106,,N,B,C,A,A,H,-,A,D,0,,,,,Y,,A,01,0,0,1,0,0,0,0,0,0,"- ","- ",,,"SANTA CLARA",GILROY,-121.56964874267578,37.008285522460938
9443659,2022,2022-05-12,4304,2022-04-08,1344,239,4304,5,5,4,4304,0,0,0,,0,002,"6TH ST","GOURMET ALLEY",0.00,,Y,A,-,N,,,,,,,,,,N,3,0,1,2,A,-,09,21804,A,N,D,C,A,A,H,-,A,D,0,,,,,Y,,A,01,0,1,0,0,0,0,0,0,0,"- ","- ",37.014430999755859,-121.57492828369141,"SANTA CLARA",GILROY,-121.56928253173828,37.006633758544922
9443702,2022,2022-05-25,4313,2022-03-22,1752,4907,DF,2,5,7,4313,0,0,0,,0,002,"NEWHALL ST","N MONROE ST",0.00,,Y,A,-,N,,,,,,,,,,N,4,0,1,2,A,-,12,21453,,N,D,D,A,A,H,-,A,A,0,,,,,Y,,-,,0,0,1,0,0,0,0,0,0,"- ","- ",,,"SANTA CLARA","SAN JOSE",-121.94351959228516,37.337722778320312
9443703,2022,2022-06-14,4313,2022-03-24,1641,4392,DP,4,5,7,4313,0,0,0,,0,0P3,"E CAPITOL EXPWY","SILVER CREEK RD",0.00,,Y,A,-,N,,,,,,,,,,N,4,0,1,2,A,-,03,22350,,N,C,C,A,A,H,-,-,D,0,,,,,Y,,-,,0,0,1,0,0,0,0,0,0,"- ","- ",,,"SANTA CLARA","SAN JOSE",-121.81096649169922,37.307140350341797
9443704,2022,2022-05-25,4313,2022-03-19,1422,3716,SOUTH,6,5,7,4313,0,0,0,,0,0T3,"ALMADEN EXPWY","CHARD DR",0.00,,Y,B,C,N,,,,,,,,,,N,4,0,1,2,A,-,04,21703,,N,C,C,A,B,H,-,A,D,0,,,,,Y,,-,,0,0,1,0,0,0,0,0,0,"- ","- ",,,"SANTA CLARA","SAN JOSE",,
9443884,2022,2022-05-12,4313,2022-03-23,1548,4899,DE,3,5,7,4313,0,0,0,,0,0E1,"JULIAN ST","AUTUMN PKWY",131.00,W,N,A,-,N,,,,,,,,,,N,3,0,1,2,A,-,11,21456,,N,-,B,B,A,H,-,A,A,0,Y,,,,Y,,N,60,0,1,0,0,1,0,0,0,0,"- ","- ",,,"SANTA CLARA","SAN JOSE",-121.90152740478516,37.335933685302734
9443981,2022,2022-05-16,4313,2022-03-21,0405,4922,YELLO,1,5,7,4313,0,0,0,,0,003,"BLOSSOM HILL RD","SNELL AV",80.00,E,N,A,-,N,,,,,,,,,,N,4,0,1,2,A,-,"- ",,,N,B,C,A,A,H,-,C,A,0,,,Y,,Y,,-,"- ",0,0,1,0,0,0,0,0,1,"- ","- ",,,"SANTA CLARA","SAN JOSE",-121.83064270019531,37.251224517822266
9444268,2022,2022-05-25,4308,2022-04-08,0743,279,,5,5,5,4308,0,0,0,,0,004,"N PARK VICTORIA DR","PRINCESS PL",0.00,,Y,A,-,N,,,,,,,,,,Y,4,0,1,3,A,-,03,22350,,N,D,C,A,A,H,-,A,A,0,,,,,Y,,A,07,0,0,1,0,0,0,0,0,0,"- ","- ",37.454689025878906,-121.89494323730469,"SANTA CLARA",MILPITAS,-121.89495086669922,37.454696655273438
9444340,2022,2022-05-25,4313,2022-05-01,2235,4480,YELLO,7,5,7,4313,0,0,0,,0,0Y3,"COTTLE RD","RT 85",0.00,,Y,A,-,N,,,,,,,,,,Y,4,0,1,2,A,-,12,21453,,F,C,C,A,A,-,-,C,A,0,,,,,Y,Y,-,,0,0,1,0,0,0,0,0,0,"- ","- ",,,"SANTA CLARA","SAN JOSE",-121.80403137207031,37.24273681640625
9444341,2022,2022-06-30,4313,2022-05-01,1348,4806,SAM,7,5,7,4313,0,0,0,,0,001,"MOORPARK AV","MENKER AV",0.00,,Y,A,-,N,,,,,,,,,,N,4,0,1,2,A,-,12,22450,A,F,G,B,E,A,H,-,A,D,0,Y,,,,Y,,-,,0,0,1,0,1,0,0,0,0,"- ","- ",37.185859680175781,-121.55181884765625,"SANTA CLARA","SAN JOSE",-121.92165374755859,37.316455841064453
9444347,2022,2022-06-30,4313,2022-05-05,2025,5028,FOOTH,4,5,7,4313,0,0,0,,0,0P3,"E CAPITOL EXPWY","NIEMAN BL",0.00,,Y,A,-,N,,,,,,,,,,N,3,0,1,2,A,-,09,21804,A,F,C,C,A,A,H,-,A,-,0,,,,,Y,,-,,0,1,0,0,0,0,0,0,0,"- ","- ",,,"SANTA CLARA","SAN JOSE",-121.80784606933594,37.316150665283203
9444350,2022,2022-06-02,4313,2022-05-05,1528,4513,LINCO,4,5,7,4313,0,0,0,,0,002,"STORY RD","MCLAUGHLIN AV",0.00,,Y,A,-,N,,,,,,,,,,N,2,0,1,3,A,-,03,22350,,N,C,C,A,A,H,-,A,D,0,,,,,Y,,-,,1,0,0,0,0,0,0,0,0,"- ","- ",,,"SANTA CLARA","SAN JOSE",-121.85377502441406,37.332775115966797
9444351,2022,2022-06-03,4313,2022-05-05,1343,4952,LINCO,4,5,7,4313,0,0,0,,0,005,"SENTER RD","SOUTHSIDE DR",0.00,,Y,A,-,N,,,,,,,,,,Y,4,0,1,2,A,-,00,20001,,F,A,C,A,A,H,-,A,-,0,,,,,Y,,-,,0,0,1,0,0,0,0,0,0,"- ","- ",,,"SANTA CLARA","SAN JOSE",-121.83506011962891,37.295116424560547
9444352,2022,2022-06-03,4313,2022-05-07,0929,4667,WILLI,6,5,7,4313,0,0,0,,0,002,"PIEDMONT RD","BERRYESSA RD",0.00,,Y,A,-,N,,,,,,,,,,Y,4,0,1,2,A,-,03,22350,,N,C,C,A,A,H,-,A,A,0,,,,,Y,,-,,0,0,1,0,0,0,0,0,0,"- ","- ",,,"SANTA CLARA","SAN JOSE",-121.84541320800781,37.396564483642578
9444386,2022,2022-05-31,4313,2022-03-20,1211,4792,SOUTH,7,5,7,4313,0,0,0,,0,0Y5,"PIERCY RD","GRAVINA LP",0.00,,Y,A,-,N,,,,,,,,,,Y,3,0,3,1,A,-,08,22107,,N,A,J,A,A,A,-,A,D,0,,,,,Y,,-,,0,2,1,0,0,0,0,0,0,"- ","- ",37.157211303710938,-121.46871948242188,"SANTA CLARA","SAN JOSE",-121.76902770996094,37.252044677734375
9444647,2022,2022-06-13,4313,2022-04-28,0737,4266,CENTR,4,5,7,4313,0,0,0,,0,0R3,"DE LA CRUZ BL","RT 101",0.00,,Y,A,-,Y,SCL,4,101,-,-,40.701,R,4,N,N,4,0,1,2,A,-,12,21453,A,N,D,G,A,A,H,-,A,A,0,,Y,,,Y,,L,04,0,0,1,0,0,0,1,0,0,"- ","- ",,,"SANTA CLARA","SAN JOSE",-121.94162750244141,37.376819610595703
9444801,2022,2022-05-31,4313,2022-04-15,0747,4864,DT,5,5,7,4313,0,0,0,,0,0T2,"FOXWORTHY AV","KILO AV",0.00,,Y,A,-,N,,,,,,,,,,N,3,0,1,2,A,-,12,22450,A,N,D,G,A,A,H,-,A,D,0,,Y,,,Y,,-,,0,1,0,0,0,0,1,0,0,"- ","- ",,,"SANTA CLARA","SAN JOSE",-121.91301727294922,37.268821716308594
9444831,2022,2022-06-08,4313,2022-04-02,2110,3838,CENTR,6,5,7,4313,0,0,0,,0,0K4,"E SANTA CLARA ST","RT 101",0.00,,Y,A,-,Y,SCL,4,101,-,R,35.861,R,4,S,Y,4,0,2,5,A,-,12,21453,A,N,A,C,A,A,H,-,C,A,0,,,,,Y,,-,,0,0,2,0,0,0,0,0,0,"- ",SF,,,"SANTA CLARA","SAN JOSE",-121.86289215087891,37.351009368896484
9444839,2022,2022-06-06,4313,2022-04-12,0827,5029,CHARL,2,5,7,4313,0,0,0,,0,006,"MOUNT PLEASANT RD","HARVEST DR",0.00,,Y,A,-,N,,,,,,,,,,N,4,0,1,2,A,-,10,21950,,N,G,B,B,A,H,-,A,-,0,Y,,,,Y,,-,,0,0,1,0,1,0,0,0,0,"- ","- ",,,"SANTA CLARA","SAN JOSE",-121.80034637451172,37.353031158447266
9444887,2022,2022-06-29,4313,2022-03-19,1440,4894,CHARL,6,5,7,4313,0,0,0,,0,0C3,"TULLY RD",HURAN,105.00,E,N,C,-,N,,,,,,,,,,N,4,0,1,4,A,-,01,23153,,N,C,C,A,B,H,-,A,A,0,,,,,Y,,-,,0,0,1,0,0,0,0,0,0,"- ","- ",,,"SANTA CLARA","SAN JOSE",-121.82352447509766,37.324066162109375
9444927,2022,2022-07-28,4313,2022-05-07,1101,4894,FRANK,6,5,7,4313,0,0,0,,0,0F1,"SOUTH WINCHESTER BL","OLIN AV",0.00,,N,A,-,N,,,,,,,,,,Y,3,0,2,3,A,-,03,22350,,N,D,C,A,A,H,-,A,-,0,,,,,Y,,-,,0,1,1,0,0,0,0,0,0,"- ","- ",37.191379547119141,-121.57070922851562,"SANTA CLARA","SAN JOSE",-121.95026397705078,37.320480346679688
9444928,2022,2022-07-06,4313,2022-05-08,1646,4971,WESTE,7,5,7,4313,0,0,0,,0,0L3,"TULLY RD","LUCRETIA AV",0.00,,Y,B,-,N,,,,,,,,,,Y,4,0,2,2,A,-,01,23153,A,N,C,C,A,A,H,-,A,A,0,,,,,Y,Y,-,,0,0,2,0,0,0,0,0,0,"- ","- ",,,"SANTA CLARA","SAN JOSE",-121.84024047851562,37.312831878662109
9445025,2022,2022-06-09,4313,2022-01-10,1521,5011,SANJO,1,5,7,4313,0,0,0,,0,0R3,"E BROKAW RD","RT 101",0.00,,Y,A,-,Y,SCL,4,101,-,-,39.161,R,4,N,Y,4,0,1,2,A,-,12,21453,A,N,B,C,A,A,H,-,A,A,0,,,,,Y,,-,,0,0,1,0,0,0,0,0,0,"- ",NF,,,"SANTA CLARA","SAN JOSE",-121.91462707519531,37.371257781982422
9445201,2022,2022-05-23,4312,2022-04-21,1439,22-01226,81900,4,5,5,4312,0,0,0,,0,PA1,"EL CAMINO REAL","CALIFORNIA AV",0.00,,Y,A,-,Y,SCL,4,82,-,-,24.330,I,5,S,N,3,0,1,2,A,-,"- ",,,N,G,B,B,A,H,-,A,A,0,Y,,,,Y,,-,99,0,1,0,0,1,0,0,0,0,"- ","- ",,,"SANTA CLARA","PALO ALTO",-122.14591979980469,37.425010681152344
9445253,2022,2022-05-18,4313,2022-04-28,1013,4966,CENTR,4,5,7,4313,0,0,0,,0,0R4,"N 10TH ST","OLD BAYSHORE HWY",325.00,S,N,A,-,N,,,,,,,,,,N,4,0,1,2,A,-,11,21954,A,N,G,B,E,A,H,-,A,A,0,Y,,,,Y,,N,60,0,0,1,0,1,0,0,0,0,"- ","- ",,,"SANTA CLARA","SAN JOSE",-121.90000915527344,37.366142272949219
9445254,2022,2022-06-01,4308,2022-04-16,2335,345,,6,5,5,4308,0,0,0,,0,002,"MONTAGUE EXPWY","EAST CAPITOL AV",77.00,E,N,A,-,N,,,,,,,,,,N,3,0,1,2,A,-,11,21954,A,F,G,B,B,A,H,-,C,D,0,Y,,,,Y,,N,60,0,1,0,0,1,0,0,0,0,"- ","- ",37.41033935546875,-121.89392852783203,"SANTA CLARA",MILPITAS,-121.89391326904297,37.410232543945312
9445536,2022,2022-07-21,4308,2022-04-12,1630,298,,2,5,5,4308,0,0,0,,0,002,"MONTAGUE EXPY","PECTEN CT",20.00,W,N,A,-,N,,,,,,,,,,,4,0,2,3,A,-,03,22350,,N,C,C,A,A,H,-,A,A,0,,,,,Y,,A,01,0,0,2,0,0,0,0,0,0,"- ","- ",37.413169860839844,-121.88423156738281,"SANTA CLARA",MILPITAS,-121.88388824462891,37.413242340087891
9445544,2022,2022-05-24,4308,2022-04-03,0857,328,,7,5,5,4308,0,0,0,,0,001,"WOODLAND WY","FALLEN LEAF DR",0.00,,Y,A,-,N,,,,,,,,,,Y,4,0,1,2,A,-,08,22107,,N,B,C,A,A,H,-,A,D,0,,,,,Y,,A,01,0,0,1,0,0,0,0,0,0,"- ","- ",37.410881042480469,-121.90566253662109,"SANTA CLARA",MILPITAS,-121.90450286865234,37.411201477050781
9445919,2022,2022-05-25,4304,2022-04-29,2008,193,4304,5,5,4,4304,0,0,0,,0,001,"PACHECO PASS HWY","CAMINO ARROYO",65.00,W,N,A,-,N,,,,,,,,,,Y,4,0,1,2,A,-,17,21461,A,N,D,C,A,A,H,-,C,A,0,,,,,Y,,A,01,0,0,1,0,0,0,0,0,0,"- ","- ",,,"SANTA CLARA",GILROY,-121.55104064941406,37.004199981689453
94459267,2023,2024-11-05,9330,2023-08-10,"343 ",022735,,4,3,5,4311,0,1,2,,2,078,"US-101 S/B","SHORELINE BOULEVARD",1056.00,S,N,A,-,Y,SCL,,101," "," ",48.382,H,,L,Y,1,1,2,1,A,-,01,23152,A,N,E,8,A,A,H,-,C,D,0,,,,,Y,Y,A,07,0,2,0,0,0,0,0,0,0,"- ","- ",37.410430908203125,-122.07456207275391,"SANTA CLARA","MOUNTAIN VIEW",-122.07459259033203,37.410377502441406
9446243,2022,2022-07-20,4304,2022-05-02,1253,203,4304,1,5,4,4304,0,0,0,,0,002,"4TH ST","REA ST",130.00,E,N,A,-,N,,,,,,,,,,Y,4,0,1,3,C,-,18,,,N,C,E,A,A,H,-,A,D,0,,,,,Y,,-,"- ",0,0,1,0,0,0,0,0,0,"- ","- ",,,"SANTA CLARA",GILROY,-121.57923889160156,37.007297515869141
9447331,2022,2022-07-26,4311,2022-03-20,2340,54231,5347,7,5,5,4311,0,0,0,,0,MV3,"CENTRAL EXPWY","N RENGSTORFF AV",0.00,,Y,A,-,N,,,,,,,,,,Y,3,0,2,2,A,-,12,21453,A,N,A,C,A,A,H,-,C,A,0,,,,,Y,,-,"- ",0,2,0,0,0,0,0,0,0,"- ","- ",,,"SANTA CLARA","MOUNTAIN VIEW",-122.09745025634766,37.403190612792969
9447337,2022,2022-11-04,4312,2022-03-29,1500,806195,82800,2,5,5,4312,0,0,0,,0,PA4,"PARK BL","W MEADOW DR",0.00,,Y,A,-,N,,,,,,,,,,N,3,0,1,1,A,-,08,22107,,F,D,-,A,A,H,-,A,D,0,,Y,,,Y,,L,04,0,1,0,0,0,0,1,0,0,"- ","- ",,,"SANTA CLARA","PALO ALTO",-122.12370300292969,37.417121887207031
9447740,2022,2022-11-23,4313,2022-09-23,1533,5014,CENTR,5,5,7,4313,0,0,0,,0,0K6,"E REED ST","5TH ST",0.00,,N,A,-,N,,,,,,,,,,Y,4,0,1,2,A,-,08,22107,,N,B,C,A,A,H,-,A,A,0,,,,,Y,,-,,0,0,1,0,0,0,0,0,0,"- ","- ",,,"SANTA CLARA","SAN JOSE",-121.87952423095703,37.329120635986328
9447897,2022,2022-09-26,4313,2022-09-03,1132,4583,WESTE,6,5,7,4313,0,0,0,,0,0S5,"WILLOW ST","LOCUST ST",0.00,,Y,A,-,N,,,,,,,,,,Y,4,0,1,2,A,-,08,22107,,N,A,C,A,A,H,-,A,A,0,,,,,Y,,-,,0,0,1,0,0,0,0,0,0,"- ","- ",,,"SANTA CLARA","SAN JOSE",-121.88408660888672,37.317844390869141
9447962,2022,2022-09-19,4313,2022-08-19,1608,5059,PAUL,5,5,7,4313,0,0,0,,0,0P1,"RIGOLETTO DR","SOUTH KING RD",13.00,E,N,A,-,N,,,,,,,,,,Y,4,0,1,4,A,-,12,21453,A,N,D,C,A,A,H,-,A,A,0,,,,,Y,,-,,0,0,1,0,0,0,0,0,0,"- ","- ",,,"SANTA CLARA","SAN JOSE",-121.82235717773438,37.318733215332031
9447964,2022,2022-09-19,4313,2022-08-23,1700,4827,WESTE,2,5,7,4313,0,0,0,,0,0N2,"STEVENS CREEK BL","SAN TOMAS EXPWY",0.00,,Y,A,-,N,,,,,,,,,,Y,3,0,2,2,A,-,12,21453,A,N,A,C,A,A,H,-,A,A,0,,,,,Y,,-,"- ",0,1,1,0,0,0,0,0,0,"- ","- ",,,"SANTA CLARA","SAN JOSE",-121.9639892578125,37.3232421875
9447965,2022,2022-09-14,4313,2022-08-30,1558,6327,WESTE,2,5,7,4313,0,0,0,,0,0N4,"SAN TOMAS AQUINO RD","PAYNE AV",400.00,N,N,A,-,N,,,,,,,,,,N,3,0,1,2,A,-,09,21801,A,N,D,C,A,A,H,-,A,D,0,,,,,Y,,-,,0,1,0,0,0,0,0,0,0,"- ","- ",,,"SANTA CLARA","SAN JOSE",-121.97686004638672,37.301971435546875
9447966,2022,2022-09-14,4313,2022-08-20,1157,4499,SJPD,6,5,7,4313,0,0,0,,0,0V3,"E EMPIRE ST","N 8TH ST",0.00,,-,A,-,N,,,,,,,,,,N,3,0,1,2,A,-,09,21802,A,N,A,C,A,A,H,-,A,-,0,,,,,Y,,-,,0,1,0,0,0,0,0,0,0,"- ","- ",,,"SANTA CLARA","SAN JOSE",-121.88960266113281,37.348342895507812
9447986,2022,2022-09-22,4313,2022-08-30,1847,4611,DS,2,5,7,4313,0,0,0,,0,0S6,"ALMADEN AV","HUMBOLDT ST",11.00,S,N,A,-,N,,,,,,,,,,N,3,0,2,2,A,-,12,22450,,N,A,C,A,A,H,-,A,D,0,,,,,Y,,-,,0,1,1,0,0,0,0,0,0,"- ","- ",,,"SANTA CLARA","SAN JOSE",-121.88014984130859,37.316162109375
9448419,2022,2022-06-21,4311,2022-04-10,1451,53580,5325,7,5,5,4311,0,0,0,,0,MV2,"CALIFORNIA ST","ESCUELA AV",665.00,W,N,A,-,N,,,,,,,,,,Y,3,0,2,2,A,-,09,21804,A,N,D,C,A,A,H,-,A,D,0,,,,,Y,,A,01,0,2,0,0,0,0,0,0,0,"- ","- ",,,"SANTA CLARA","MOUNTAIN VIEW",-122.09619140625,37.397499084472656
9449105,2022,2022-06-24,4304,2022-04-05,1746,214,4304,2,5,4,4304,0,0,0,,0,003,"1ST ST","KERN AV",0.00,,Y,A,-,Y,SCL,4,152,-,-,8.356,I,5,W,N,4,0,1,2,A,-,12,22450,A,N,A,C,A,A,H,-,A,A,0,,,,Y,Y,,A,01,0,0,1,0,0,0,0,0,0,"- ","- ",,,"SANTA CLARA",GILROY,-121.5916748046875,37.013694763183594
9449699,2022,2022-06-07,4313,2022-02-28,1516,5030,XRAY,1,5,7,4313,0,0,0,,0,0X5,"MONTEREY RD","ROEDER RD",56.00,S,N,A,-,N,,,,,,,,,,Y,4,0,1,5,A,-,03,22350,,N,B,C,A,A,H,-,A,A,0,,,,,Y,,-,,0,0,1,0,0,0,0,0,0,"- ","- ",,,"SANTA CLARA","SAN JOSE",-121.80989074707031,37.260234832763672
9449768,2022,2022-05-31,4310,2022-03-08,2046,291,43635,2,5,4,4310,0,0,0,,0,003,"MONTEREY RD","DUNNE AV",0.00,,Y,A,-,N,,,,,,,,,,N,3,0,1,2,A,-,00,21450,,N,G,B,D,A,H,-,C,A,0,Y,,,,Y,,N,60,0,1,0,0,1,0,0,0,0,"- ","- ",37.125350952148438,-121.65003967285156,"SANTA CLARA","MORGAN HILL",-121.65017700195312,37.125244140625
9450874,2022,2022-06-21,4313,2022-05-05,1030,5033,CHARL,4,5,7,4313,0,0,0,,0,001,"STORY RD","KNOX AV",0.00,,N,A,-,N,,,,,,,,,,Y,4,0,1,2,A,-,08,22107,,N,B,C,A,A,H,-,A,A,0,,,,,Y,,-,,0,0,1,0,0,0,0,0,0,"- ","- ",,,"SANTA CLARA","SAN JOSE",-121.8455810546875,37.338336944580078
9450875,2022,2022-11-01,4313,2022-05-20,1308,4610,SAM,5,5,7,4313,0,0,0,,0,0S3,"LINCOLN AV","LINCOLN AV 898",0.00,,N,A,-,N,,,,,,,,,,,2,0,1,2,C,-,18,,,N,G,B,F,A,H,-,A,D,0,Y,,,,Y,,-,"- ",1,0,0,0,1,0,0,0,0,"- ","- ",,,"SANTA CLARA","SAN JOSE",-121.88899993896484,37.291759490966797
9450896,2022,2022-06-20,4313,2022-05-10,1517,4941,YELLO,2,5,7,4313,0,0,0,,0,0Y5,"MONTEREY RD","BAILY RAMP",5808.00,S,N,A,-,N,,,,,,,,,,Y,3,0,1,1,A,-,00,23103,A,N,F,I,A,A,H,-,A,A,0,,,,,Y,,-,,0,1,0,0,0,0,0,0,0,"- ","- ",,,"SANTA CLARA","SAN JOSE",-121.71658325195312,37.194362640380859
9450900,2022,2022-06-20,4313,2022-05-27,0030,4486,WESTE,5,5,7,4313,0,0,0,,0,0F3,"THE ALAMEDA","S KEEBLE AV",0.00,,Y,A,-,N,,,,,,,,,,Y,4,0,2,2,A,-,12,22450,A,F,D,C,A,A,H,-,C,A,0,,,,,Y,,-,,0,0,2,0,0,0,0,0,0,"- ","- ",,,"SANTA CLARA","SAN JOSE",-121.90991973876953,37.331531524658203
9450905,2022,2022-06-17,4313,2022-05-31,1236,4662,FOOTH,2,5,7,4313,0,0,0,,0,0W4,"ALUM ROCK AV","WHITE RD",0.00,,Y,-,-,N,,,,,,,,,,Y,4,0,1,3,A,-,03,22350,,F,C,C,A,A,H,-,A,A,0,,,,,Y,Y,-,,0,0,1,0,0,0,0,0,0,"- ","- ",,,"SANTA CLARA","SAN JOSE",-121.82808685302734,37.365875244140625
9450907,2022,2022-07-12,4313,2022-05-29,1300,5038,FRANK,7,5,7,4313,0,0,0,,0,005,"SCOTT ST","S WILLARD AV",0.00,,Y,A,-,N,,,,,,,,,,N,3,0,1,2,A,-,00,20001,,F,B,-,A,A,H,-,A,D,0,,Y,,,Y,,-,,0,1,0,0,0,0,1,0,0,"- ","- ",,,"SANTA CLARA","SAN JOSE",-121.91714477539062,37.319679260253906
94510485,2023,2024-12-19,9330,2023-10-21,"230 ",022933,,6,3,5,4312,0,1,2,,2,078,"US-101 N/B","SAN ANTONIO ROAD",3551.00,N,N,A,-,Y,SCL,,101," "," ",50.888,H,,R,Y,1,1,1,3,A,-,03,22350,,N,C,2,A,A,H,-,D,D,0,,,Y,,Y,,C,02,0,1,0,0,0,0,0,1,0,"- ","- ",37.434749603271484,-122.10790252685547,"SANTA CLARA","PALO ALTO",-122.10796356201172,37.434707641601562
9451278,2022,2022-06-20,4313,2022-06-03,0140,4979,SOUTH,5,5,7,4313,0,0,0,,0,0Y3,"BLOSSOM HILL RD","CHESBRO WY",19.00,W,N,A,-,N,,,,,,,,,,Y,3,0,2,2,A,-,12,21453,,N,A,C,A,A,H,-,C,A,0,,,,,Y,,-,,0,1,1,0,0,0,0,0,0,"- ","- ",37.152149200439453,-121.50334167480469,"SANTA CLARA","SAN JOSE",-121.84262847900391,37.25054931640625