CASE_ID,ACCIDENT_YEAR,PROC_DATE,JURIS,COLLISION_DATE,COLLISION_TIME,OFFICER_ID,REPORTING_DISTRICT,DAY_OF_WEEK,CHP_SHIFT,POPULATION,CNTY_CITY_LOC,SPECIAL_COND,BEAT_TYPE,CHP_BEAT_TYPE,CITY_DIVISION_LAPD,CHP_BEAT_CLASS,BEAT_NUMBER,PRIMARY_RD,SECONDARY_RD,DISTANCE,DIRECTION,INTERSECTION,WEATHER_1,WEATHER_2,STATE_HWY_IND,CALTRANS_COUNTY,CALTRANS_DISTRICT,STATE_ROUTE,ROUTE_SUFFIX,POSTMILE_PREFIX,POSTMILE,LOCATION_TYPE,RAMP_INTERSECTION,SIDE_OF_HWY,TOW_AWAY,COLLISION_SEVERITY,NUMBER_KILLED,NUMBER_INJURED,PARTY_COUNT,PRIMARY_COLL_FACTOR,PCF_CODE_OF_VIOL,PCF_VIOL_CATEGORY,PCF_VIOLATION,PCF_VIOL_SUBSECTION,HIT_AND_RUN,TYPE_OF_COLLISION,MVIW,PED_ACTION,ROAD_SURFACE,ROAD_COND_1,ROAD_COND_2,LIGHTING,CONTROL_DEVICE,CHP_ROAD_TYPE,PEDESTRIAN_ACCIDENT,BICYCLE_ACCIDENT,MOTORCYCLE_ACCIDENT,TRUCK_ACCIDENT,NOT_PRIVATE_PROPERTY,ALCOHOL_INVOLVED,STWD_VEHTYPE_AT_FAULT,CHP_VEHTYPE_AT_FAULT,COUNT_SEVERE_INJ,COUNT_VISIBLE_INJ,COUNT_COMPLAINT_PAIN,COUNT_PED_KILLED,COUNT_PED_INJURED,COUNT_BICYCLIST_KILLED,COUNT_BICYCLIST_INJURED,COUNT_MC_KILLED,COUNT_MC_INJURED,PRIMARY_RAMP,SECONDARY_RAMP,LATITUDE,LONGITUDE,COUNTY,CITY,POINT_X,POINT_Y
9499310,2022,2022-10-25,4313,2022-10-01,1233,5034,TOM,6,5,7,4313,0,0,0,,0,0T5,"ALMADEN EXPWY","FOXWORTHY AV",0.00,,Y,A,-,N,,,,,,,,,,N,4,0,1,2,A,-,13,22515,A,F,C,C,A,A,H,-,A,A,0,,,,,Y,,-,,0,0,1,0,0,0,0,0,0,"- ","- ",37.164081573486328,-121.52483367919922,"SANTA CLARA","SAN JOSE",-121.87995147705078,37.278053283691406
9499312,2022,2022-11-04,4313,2022-10-02,1327,4797,CENTR,7,5,7,4313,0,0,0,,0,0D2,"AIRPORT BL","AIRPORT BLVD 1701",0.00,,N,A,-,N,,,,,,,,,,N,3,0,2,3,A,-,13,22515,,N,G,B,E,A,H,-,A,A,0,Y,,,,Y,,-,,0,1,1,0,0,0,0,0,0,"- ","- ",,,"SANTA CLARA","SAN JOSE",-121.92555999755859,37.367198944091797
9499315,2022,2022-10-25,4313,2022-10-03,2130,5063,SAM,1,5,7,4313,0,0,0,,0,0S2,"LEIGH AV","SOUTHWEST EXPWY",0.00,,Y,A,-,N,,,,,,,,,,N,4,0,1,2,A,-,10,21950,,F,D,G,A,A,H,-,C,A,0,,Y,,,Y,,-,,0,0,1,0,0,0,1,0,0,"- ","- ",,,"SANTA CLARA","SAN JOSE",-121.92186737060547,37.3067626953125
9500534,2022,2022-10-06,4310,2022-08-14,1434,292,43635,7,5,4,4310,0,0,0,,0,002,"DUNNE AV","WALNUT GROVE DR",0.00,,Y,A,-,N,,,,,,,,,,Y,3,0,2,2,A,-,09,21804,A,N,D,C,A,A,H,-,A,D,0,,,,,Y,,A,01,0,1,1,0,0,0,0,0,0,"- ","- ",37.129848480224609,-121.63787078857422,"SANTA CLARA","MORGAN HILL",-121.63795471191406,37.129878997802734
9500738,2022,2022-10-18,4311,2022-09-01,1416,55788,5300,4,5,5,4311,0,0,0,,0,MV1,"TRUMAN AV","BRUCKNER CIR",0.00,,Y,A,-,N,,,,,,,,,,N,3,0,1,2,A,-,08,22107,,F,D,G,A,A,H,-,A,D,0,,Y,,,Y,,A,07,0,1,0,0,0,0,1,0,0,"- ","- ",,,"SANTA CLARA","MOUNTAIN VIEW",-122.06867980957031,37.359424591064453
9500978,2022,2022-10-13,4311,2022-08-30,1947,56577,5406,2,5,5,4311,0,0,0,,0,MV1,"CASTRO ST","HIGH SCHOOL WY",45.00,S,N,A,-,N,,,,,,,,,,N,4,0,1,2,A,-,08,22107,,N,B,C,A,-,H,-,A,D,0,,,,,Y,,A,01,0,0,1,0,0,0,0,0,0,"- ","- ",,,"SANTA CLARA","MOUNTAIN VIEW",-122.08339691162109,37.386669158935547
9501851,2022,2022-11-17,4313,2022-09-15,1700,4498,DF,4,5,7,4313,0,0,0,,0,0F2,"THE ALAMEDA","ALAMEDA WY",135.00,S,N,A,B,N,,,,,,,,,,,4,0,1,2,A,-,09,21804,,N,A,C,A,A,H,-,A,D,0,,,,,Y,Y,-,,0,0,1,0,0,0,0,0,0,"- ","- ",,,"SANTA CLARA","SAN JOSE",-121.92742919921875,37.343101501464844
9501855,2022,2022-12-29,4313,2022-09-17,1228,4543,DT,6,5,7,4313,0,0,0,,0,0T1,"SOUTH BASCOM AV","FOXWORTHY AV",0.00,,Y,A,-,N,,,,,,,,,,Y,3,0,3,2,-,-,"- ",,,N,B,C,A,A,H,-,A,A,0,,,,,Y,,-,"- ",0,2,1,0,0,0,0,0,0,"- ","- ",37.164169311523438,-121.56224822998047,"SANTA CLARA","SAN JOSE",-121.93965148925781,37.267864227294922
9501860,2022,2022-11-04,4313,2022-09-21,2351,4636,FOOTH,3,5,7,4313,0,0,0,,0,0W2,"N CAPITOL AV","MABURY RD",0.00,,Y,A,-,N,,,,,,,,,,Y,4,0,1,2,A,-,03,22350,,N,D,C,A,A,H,-,C,A,0,,,,,Y,Y,-,,0,0,1,0,0,0,0,0,0,"- ","- ",,,"SANTA CLARA","SAN JOSE",-121.85200500488281,37.378692626953125
9502150,2022,2022-10-28,4313,2022-10-09,0241,4963,FRANK,7,5,7,4313,0,0,0,,0,0F3,"SAN CARLOS ST","BASCOM AV",0.00,,Y,A,-,N,,,,,,,,,,Y,2,0,1,1,A,-,03,22350,,N,A,I,A,A,H,-,C,A,0,,,,,Y,Y,-,,1,0,0,0,0,0,0,0,0,"- ","- ",,,"SANTA CLARA","SAN JOSE",-121.93189239501953,37.323459625244141
9502337,2022,2022-09-19,4313,2022-08-19,1036,4583,WESTE,5,5,7,4313,0,0,0,,0,0S5,"WILLOW ST","ALMADEN AV",0.00,,Y,A,-,N,,,,,,,,,,Y,3,0,1,3,A,-,08,22107,A,N,B,C,A,A,H,-,A,A,0,,,,,Y,,-,,0,1,0,0,0,0,0,0,0,"- ","- ",,,"SANTA CLARA","SAN JOSE",-121.88220977783203,37.318931579589844
9502623,2022,2022-09-29,4308,2022-08-20,1214,337,,6,5,5,4308,0,0,0,,0,002,"S MILPITAS BL","GARDEN ST",0.00,,Y,A,-,N,,,,,,,,,,Y,3,0,2,2,A,-,12,21453,A,N,A,C,A,A,H,-,A,A,0,,,,,Y,,A,01,0,1,1,0,0,0,0,0,0,"- ","- ",37.414138793945312,-121.88748168945312,"SANTA CLARA",MILPITAS,-121.88732147216797,37.414314270019531
9502773,2022,2022-10-04,4308,2022-08-28,1304,337,,7,5,5,4308,0,0,0,,0,001,"N MAIN ST","WELLER LN",0.00,,Y,A,-,N,,,,,,,,,,N,3,0,1,2,A,-,09,21453,B,N,D,G,A,A,H,-,A,A,0,,Y,,,Y,,A,01,0,1,0,0,0,0,1,0,0,"- ","- ",37.431838989257812,-121.90727233886719,"SANTA CLARA",MILPITAS,-121.90757751464844,37.433403015136719
9503819,2022,2022-11-03,4313,2022-09-03,2215,4949,DE,6,5,7,4313,0,0,0,,0,0E3,"S MARKET ST","PARK AVE",0.00,,N,A,-,N,,,,,,,,,,N,3,0,3,6,A,-,21,22106,,N,G,-,E,A,H,-,C,D,0,Y,,,,Y,,-,,0,1,2,0,3,0,0,0,0,"- ","- ",,,"SANTA CLARA","SAN JOSE",-121.89010620117188,37.3321533203125
9504521,2022,2022-10-19,4304,2022-08-27,1223,163,4304,6,5,4,4304,0,0,0,,0,004,"MONTEREY HWY","2ND ST",0.00,,Y,A,-,N,,,,,,,,,,N,4,0,1,2,A,-,08,22107,,N,B,E,A,A,H,-,A,D,0,,,,,Y,,A,01,0,0,1,0,0,0,0,0,0,"- ","- ",,,"SANTA CLARA",GILROY,-121.57154846191406,37.013111114501953
9504525,2022,2022-10-25,4304,2022-08-09,0958,155,4304,2,5,4,4304,0,0,0,,0,004,"LEAVESLEY RD","MURRAY AV",0.00,,Y,A,-,Y,SCL,4,152,-,M,10.090,H,-,E,Y,3,0,1,2,A,-,03,22350,,N,C,C,A,A,H,-,A,A,0,,,,,Y,,A,01,0,1,0,0,0,0,0,0,0,"- ","- ",,,"SANTA CLARA",GILROY,-121.56952667236328,37.021251678466797
9504593,2022,2022-10-28,4313,2022-09-25,1641,4925,ADAM,7,5,7,4313,0,0,0,,0,003,"ALMADEN EXPWY","BRANHAM LN",0.00,,Y,A,-,N,,,,,,,,,,Y,4,0,1,3,A,-,08,22107,,N,B,C,A,A,H,-,A,A,0,,,,,Y,,-,,0,0,1,0,0,0,0,0,0,"- ","- ",,,"SANTA CLARA","SAN JOSE",-121.87659454345703,37.263042449951172
9504595,2022,2022-10-31,4313,2022-09-17,1304,4769,ADAM,6,5,7,4313,0,0,0,,0,0A2,"BLOSSOM HILL RD","CONISTON WY",0.00,,Y,A,-,N,,,,,,,,,,N,4,0,1,1,A,-,03,22350,,N,-,-,A,A,H,-,A,-,0,,,,,Y,,-,,0,0,1,0,0,0,0,0,0,"- ","- ",,,"SANTA CLARA","SAN JOSE",-121.88532257080078,37.246841430664062
9504602,2022,2022-10-28,4313,2022-09-06,1827,5068,SOUTH,2,5,7,4313,0,0,0,,0,0X4,"HAYES AV","GARRISON CIR",0.00,,Y,A,-,N,,,,,,,,,,Y,3,0,1,2,B,-,22,,,N,C,E,A,A,H,-,A,D,0,,,,,Y,,-,,0,1,0,0,0,0,0,0,0,"- ","- ",,,"SANTA CLARA","SAN JOSE",-121.80880737304688,37.256435394287109
9504604,2022,2022-10-28,4313,2022-09-15,1347,4585,DL,4,5,7,4313,0,0,0,,0,0L3,"TULLY RD","MCLAUGHLIN AV",0.00,,Y,A,-,N,,,,,,,,,,N,4,0,1,2,A,-,00,20001,,F,D,G,A,A,H,-,A,D,0,,Y,,,Y,,-,,0,0,1,0,0,0,1,0,0,"- ","- ",,,"SANTA CLARA","SAN JOSE",-121.8365478515625,37.315231323242188
9504608,2022,2022-10-31,4313,2022-09-23,0741,4897,FOOTH,5,5,7,4313,0,0,0,,0,0M3,"MCKEE RD","MCDONALD AV",0.00,,Y,A,-,N,,,,,,,,,,Y,4,0,1,2,A,-,12,22450,,N,D,C,A,A,H,-,A,A,0,,,,,Y,,-,,0,0,1,0,0,0,0,0,0,"- ","- ",,,"SANTA CLARA","SAN JOSE",-121.86177062988281,37.357379913330078
9504633,2022,2022-11-01,4313,2022-09-16,1017,5018,SANJO,5,5,7,4313,0,0,0,,0,0L3,"LUCRETIA AV","SUMMERSIDE DR",0.00,,-,A,-,N,,,,,,,,,,N,3,0,1,2,A,-,05,21202,,N,B,C,A,A,H,-,A,-,0,,Y,,,Y,,L,04,0,1,0,0,0,0,1,0,0,"- ","- ",37.185718536376953,-121.50360870361328,"SANTA CLARA","SAN JOSE",-121.84333801269531,37.315898895263672
9504639,2022,2022-11-14,4300,2022-06-15,0350,2276,C3,3,5,5,4303,0,0,0,,0,61C6,"STEVENS CREEK BL","STELLING RD",0.00,,Y,A,-,N,,,,,,,,,,Y,3,0,1,2,A,-,12,21453,A,N,D,C,A,A,H,-,C,A,0,,,,,Y,,-,"- ",0,1,0,0,0,0,0,0,0,"- ","- ",37.322761535644531,-122.04154968261719,"SANTA CLARA",CUPERTINO,-122.04148864746094,37.322990417480469
9504702,2022,2022-10-25,4304,2022-07-21,0647,233,4304,4,5,4,4304,0,0,0,,0,003,"SANTA TERESA BL","SUNRISE DR",42.00,S,N,A,-,N,,,,,,,,,,N,4,0,1,2,A,-,03,22350,,N,C,C,A,A,H,-,A,A,0,,,,,Y,,A,01,0,0,1,0,0,0,0,0,0,"- ","- ",,,"SANTA CLARA",GILROY,-121.59762573242188,37.032917022705078
9504764,2022,2022-11-03,4313,2022-10-19,1130,4752,FRANK,3,5,7,4313,0,0,0,,0,0F5,"BIRD AV","AUZERAIS AV",240.00,S,N,A,-,N,,,,,,,,,,Y,4,0,2,2,A,-,22,23123,A,N,B,C,A,A,H,-,A,A,0,,,,,Y,,-,,0,0,2,0,0,0,0,0,0,"- ","- ",,,"SANTA CLARA","SAN JOSE",-121.89885711669922,37.322719573974609
9504765,2022,2022-11-02,4313,2022-10-15,2329,4968,KING,6,5,7,4313,0,0,0,,0,0K3,"S 11TH ST","E SAN SALVADOR ST",0.00,,Y,A,-,N,,,,,,,,,,Y,3,0,1,2,A,-,12,21453,A,F,D,C,A,A,H,-,C,A,0,,,,,Y,,-,,0,1,0,0,0,0,0,0,0,"- ","- ",,,"SANTA CLARA","SAN JOSE",-121.87544250488281,37.335052490234375
9504768,2022,2022-11-01,4313,2022-10-15,1925,4885,CENTR,6,5,7,4313,0,0,0,,0,0V2,"N 10TH ST","E HEDDING ST",0.00,,Y,A,-,N,,,,,,,,,,N,3,0,1,2,A,-,10,21950,A,N,-,G,A,A,H,-,C,A,0,,Y,,,Y,,-,,0,1,0,0,0,0,1,0,0,"- ","- ",,,"SANTA CLARA","SAN JOSE",-121.89387512207031,37.357921600341797
9504772,2022,2022-11-01,4313,2022-10-19,0002,4561,DC,3,5,7,4313,0,0,0,,0,003,"CUNNINGHAM AV","NASSAU DR",0.00,,N,A,-,N,,,,,,,,,,Y,2,0,1,2,A,-,08,22107,,N,A,E,A,A,H,-,C,D,0,,,,,Y,,-,,1,0,0,0,0,0,0,0,0,"- ","- ",37.195018768310547,-121.49420166015625,"SANTA CLARA","SAN JOSE",-121.82826995849609,37.330631256103516
9504775,2022,2022-11-01,4313,2022-10-20,0311,4815,"X RAY",4,5,7,4313,0,0,0,,0,0X4,"BLOSSOM HILL RD","POLE #18Q20",48.00,W,N,A,-,N,,,,,,,,,,Y,4,0,1,3,A,-,01,23152,B,N,B,E,A,A,H,-,C,D,0,,,,,Y,Y,-,,0,0,1,0,0,0,0,0,0,"- ","- ",37.155208587646484,-121.49314117431641,"SANTA CLARA","SAN JOSE",,
9504787,2022,2022-11-03,4300,2022-06-08,1516,2237,74C2,3,5,5,4303,0,0,0,,0,0C8,"WILDFLOWER WY","DE ANZA BL",20.00,W,N,A,-,N,,,,,,,,,,N,3,0,1,1,A,-,08,22107,,N,E,I,A,A,H,-,A,A,0,,Y,,,Y,,L,04,0,1,0,0,0,0,1,0,0,"- ","- ",37.299461364746094,-122.03202056884766,"SANTA CLARA",CUPERTINO,-122.03243255615234,37.298358917236328
9504792,2022,2022-11-14,4300,2022-06-02,1436,2340,C9,4,5,5,4303,0,0,0,,0,74L4,"STEVENS CREEK BL","PORTAL AV",0.00,,Y,A,-,N,,,,,,,,,,Y,3,0,2,2,A,-,12,21453,A,N,D,C,A,A,H,-,A,A,0,,,,,Y,,-,"- ",0,2,0,0,0,0,0,0,0,"- ","- ",37.322921752929688,-122.01972198486328,"SANTA CLARA",CUPERTINO,-122.01958465576172,37.322872161865234
9504927,2022,2022-11-08,4313,2022-10-05,2130,5058,FOOTH,3,5,7,4313,0,0,0,,0,0C3,"STORY RD","POLE #11P454",2.00,W,-,A,-,N,,,,,,,,,,N,4,0,1,2,A,-,03,22350,,N,C,-,A,A,H,-,C,-,0,,,,,Y,,-,,0,0,1,0,0,0,0,0,0,"- ","- ",,,"SANTA CLARA","SAN JOSE",,
9504929,2022,2022-11-08,4313,2022-10-15,0915,5072,SAM,6,5,7,4313,0,0,0,,0,0S3,"WILLOW ST","MINNESOTA AV",0.00,,-,A,-,N,,,,,,,,,,Y,4,0,1,2,A,-,09,21804,A,N,D,-,A,A,-,-,A,A,0,,,,,Y,,-,,0,0,1,0,0,0,0,0,0,"- ","- ",,,"SANTA CLARA","SAN JOSE",-121.89002990722656,37.314422607421875
9504933,2022,2022-11-08,4313,2022-10-15,1451,4890,DR,6,5,7,4313,0,0,0,,0,0R3,"SEABOARD AV","W TRIMBLE RD",0.00,,Y,A,-,N,,,,,,,,,,Y,3,0,3,2,A,-,12,21453,,N,-,C,A,A,H,-,A,A,0,,,,,Y,,-,,0,1,2,0,0,0,0,0,0,"- ","- ",,,"SANTA CLARA","SAN JOSE",-121.93932342529297,37.379421234130859
9504938,2022,2022-11-08,4313,2022-10-23,1316,4739,WESTE,7,5,7,4313,0,0,0,,0,0N2,"STEVENS CREEK BL","SAN TOMAS EXPWY",0.00,,Y,A,-,N,,,,,,,,,,Y,2,0,4,2,-,-,"- ",,,N,D,C,A,A,H,-,A,A,0,,,,,Y,,-,"- ",1,3,0,0,0,0,0,0,0,"- ","- ",37.192371368408203,-121.57508850097656,"SANTA CLARA","SAN JOSE",-121.9639892578125,37.3232421875
9505256,2022,2022-10-19,4313,2022-10-01,1611,4873,DISTR,6,5,7,4313,0,0,0,,0,0W2,"BERRYESSA RD","CAPITOL AV",0.00,,Y,A,-,N,,,,,,,,,,Y,3,0,1,2,A,-,09,21804,A,N,B,C,A,A,H,-,A,A,0,,,,,Y,Y,-,,0,1,0,0,0,0,0,0,0,"- ","- ",,,"SANTA CLARA","SAN JOSE",-121.86071014404297,37.386550903320312
9505258,2022,2022-10-17,4313,2022-10-01,2042,4729,DK,6,5,7,4313,0,0,0,,0,0K2,"E SANTA CLARA ST","S 4TH ST",0.00,,Y,A,-,N,,,,,,,,,,Y,3,0,1,2,A,-,09,21801,A,N,E,C,A,-,H,-,C,A,0,,,,,Y,,-,,0,1,0,0,0,0,0,0,0,"- ","- ",,,"SANTA CLARA","SAN JOSE",-121.88745880126953,37.337680816650391
9505259,2022,2022-10-19,4313,2022-10-01,0206,5058,FOOTH,6,5,7,4313,0,0,0,,0,0C2,"TAMPA WY","POLE #12P434",26.00,N,N,A,-,N,,,,,,,,,,Y,4,0,1,5,A,-,08,22107,,F,B,E,A,A,H,-,C,-,0,,,,,Y,Y,-,,0,0,1,0,0,0,0,0,0,"- ","- ",,,"SANTA CLARA","SAN JOSE",,
9505399,2022,2022-10-20,4304,2022-09-15,0652,203,4304,4,5,4,4304,0,0,0,,0,003,"BUENA VISTA AV","MONTEREY HWY",0.00,,Y,A,-,N,,,,,,,,,,Y,4,0,1,2,A,-,09,21802,A,N,D,C,A,A,H,-,A,A,0,,,,,Y,,D,22,0,0,1,0,0,0,0,0,0,"- ","- ",,,"SANTA CLARA",GILROY,-121.58612060546875,37.04144287109375
9505407,2022,2022-10-20,4304,2022-09-03,2043,177,4304,6,5,4,4304,0,0,0,,0,002,"6TH ST","EIGLEBERRY ST",0.00,,Y,A,-,N,,,,,,,,,,Y,4,0,1,2,A,-,12,22450,A,N,D,D,A,A,H,-,C,D,0,,,,,Y,Y,D,83,0,0,1,0,0,0,0,0,0,"- ","- ",,,"SANTA CLARA",GILROY,-121.56990051269531,37.006450653076172
9505906,2022,2022-11-18,4313,2022-10-02,1659,4661,DP,7,5,7,4313,0,0,0,,0,0P3,"AIDA AV","ENESCO AV",0.00,,Y,A,-,N,,,,,,,,,,Y,3,0,1,2,A,-,09,21801,,N,A,-,A,A,H,-,A,D,0,,,,,Y,,A,01,0,1,0,0,0,0,0,0,0,"- ","- ",,,"SANTA CLARA","SAN JOSE",-121.8194580078125,37.316959381103516
9505908,2022,2022-11-18,4313,2022-10-11,0956,5074,CHARL,2,5,7,4313,0,0,0,,0,002,"CUNNINGHAM AV","TAMPA WY",0.00,,N,A,-,N,,,,,,,,,,,4,0,1,2,A,-,12,22450,A,N,D,C,A,A,H,-,A,D,0,,,,,Y,,-,,0,0,1,0,0,0,0,0,0,"- ","- ",,,"SANTA CLARA","SAN JOSE",-121.83242797851562,37.327743530273438
9505911,2022,2022-11-09,4313,2022-10-25,0805,5050,WESTE,2,5,7,4313,0,0,0,,0,0S6,"KEYES ST","S 1ST ST",0.00,,Y,A,-,N,,,,,,,,,,N,2,0,1,2,A,-,11,21456,A,N,A,B,B,A,H,-,A,A,0,Y,,,,Y,,N,60,1,0,0,0,1,0,0,0,0,"- ","- ",37.191200256347656,-121.52395629882812,"SANTA CLARA","SAN JOSE",-121.87763214111328,37.320037841796875
9506234,2022,2022-11-02,4313,2022-09-30,1727,4973,KING,5,5,7,4313,0,0,0,,0,003,"S 11TH ST","SAN CARLOS ST",250.00,,N,A,-,N,,,,,,,,,,N,4,0,1,3,A,-,"- ",,,F,B,C,A,A,H,-,A,D,0,,,,,Y,,-,,0,0,1,0,0,0,0,0,0,"- ","- ",37.208438873291016,-121.52342987060547,"SANTA CLARA","SAN JOSE",-121.87650299072266,37.336498260498047
9506257,2022,2022-10-07,4313,2022-08-23,1516,3769,FOOTH,2,5,7,4313,0,0,0,,0,0W1,"MORRILL AV","KNIGHTS BRIDGE RD",0.00,,Y,A,-,N,,,,,,,,,,Y,4,0,1,2,A,-,03,22350,,N,C,C,A,A,H,-,A,A,0,,,,,Y,,-,,0,0,1,0,0,0,0,0,0,"- ","- ",37.241550445556641,-121.5205078125,"SANTA CLARA","SAN JOSE",-121.86675262451172,37.404289245605469
9506268,2022,2022-10-06,4313,2022-08-23,1859,4861,CENTR,2,5,7,4313,0,0,0,,0,0R4,"SIERRA RD","LUNDY AV",0.00,,Y,A,-,N,,,,,,,,,,Y,2,0,2,2,A,-,12,22450,,N,A,-,A,A,H,-,A,A,0,,,,,Y,,-,,1,1,0,0,0,0,0,0,0,"- ","- ",37.224750518798828,-121.5242919921875,"SANTA CLARA","SAN JOSE",-121.87864685058594,37.379898071289062
9506269,2022,2022-11-23,4313,2022-08-29,1957,4718,DW,1,5,7,4313,0,0,0,,0,0W2,"BERRYESSA RD","RT 680",0.00,,Y,A,-,Y,SCL,4,680,-,M,3.713,R,4,N,Y,4,0,1,1,A,-,03,22350,,N,A,-,A,A,H,-,C,-,0,,,,,Y,,-,,0,0,1,0,0,0,0,0,0,"- ",NF,,,"SANTA CLARA","SAN JOSE",-121.86134338378906,37.383148193359375
9506270,2022,2022-10-06,4313,2022-08-29,0814,3698,CENTR,1,5,7,4313,0,0,0,,0,0K2,"E SANTA CLARA ST","S 4TH ST",0.00,,Y,A,-,N,,,,,,,,,,N,4,0,1,2,A,-,09,21801,A,N,-,C,A,A,H,-,A,A,0,,,,,Y,,-,,0,0,1,0,0,0,0,0,0,"- ","- ",,,"SANTA CLARA","SAN JOSE",-121.88745880126953,37.337680816650391
9506285,2022,2022-10-07,4313,2022-09-28,0810,3399,WESTE,3,5,7,4313,0,0,0,,0,00F,"DANA AV","BROOKLYN AV",40.00,N,N,A,-,N,,,,,,,,,,N,3,0,1,2,-,-,"- ",,,N,B,G,A,A,H,-,A,A,0,,Y,,,Y,,-,"- ",0,1,0,0,0,0,1,0,0,"- ","- ",,,"SANTA CLARA","SAN JOSE",-121.92477416992188,37.330108642578125
9506287,2022,2022-11-18,4313,2022-09-29,2500,4778,WESTE,4,5,7,4313,0,0,0,,0,0L1,"S 12TH ST","KEYES ST",0.00,,N,A,-,N,,,,,,,,,,N,4,0,1,2,A,-,03,22350,,F,G,B,D,A,H,-,C,D,0,Y,,,,Y,,-,,0,0,1,0,1,0,0,0,0,"- ","- ",,,"SANTA CLARA","SAN JOSE",-121.86680603027344,37.325107574462891
9506292,2022,2022-10-07,4313,2022-09-12,1109,4491,SOUTH,1,5,7,4313,0,0,0,,0,0X1,"WEST CAPITOL EXPWY","COPPERFIELD DR",0.00,,Y,A,-,N,,,,,,,,,,N,3,0,1,2,A,-,03,22350,,N,C,C,A,A,H,-,-,D,0,,,,,Y,,-,,0,1,0,0,0,0,0,0,0,"- ","- ",,,"SANTA CLARA","SAN JOSE",-121.85467529296875,37.274608612060547
9506293,2022,2022-10-07,4313,2022-09-26,1716,3548,WEST,1,5,7,4313,0,0,0,,0,0N3,"LAWRENCE EXPWY","MITTY WY",0.00,,Y,A,-,N,,,,,,,,,,N,3,0,1,2,A,-,10,21950,A,N,H,G,A,A,H,-,A,D,0,,Y,,,Y,,-,,0,1,0,0,0,0,1,0,0,"- ","- ",,,"SANTA CLARA","SAN JOSE",-121.99552917480469,37.315799713134766
9506312,2022,2022-10-11,4313,2022-09-16,1008,4899,,5,5,7,4313,0,0,0,,0,005,"MACKIN WOODS LN","MACKIN WOODS LN 4327",0.00,,Y,A,-,N,,,,,,,,,,Y,4,0,1,1,A,-,03,22350,,N,H,I,A,A,H,-,A,D,0,,,,,Y,,-,,0,0,1,0,0,0,0,0,0,"- ","- ",,,"SANTA CLARA","SAN JOSE",,
9506361,2022,2022-10-14,4313,2022-09-14,1530,3996,NORA,3,5,7,4313,0,0,0,,0,002,"STEVENS CREEK BL","STEVENS CREEK BL 5180",0.00,,Y,A,-,N,,,,,,,,,,N,3,0,1,2,A,-,08,22107,,N,G,G,A,A,-,-,A,D,0,,Y,,,Y,,-,,0,1,0,0,0,0,1,0,0,"- ","- ",,,"SANTA CLARA","SAN JOSE",-122.05985260009766,37.339946746826172
9506363,2022,2022-10-14,4313,2022-09-11,1225,4864,DR,7,5,7,4313,0,0,0,,0,0R2,"MCKAY DR","OAKLAND RD SJ",0.00,,Y,A,-,N,,,,,,,,,,Y,3,0,2,2,A,-,12,21453,,N,D,C,A,A,H,-,A,A,0,,,,,Y,,-,"- ",0,2,0,0,0,0,0,0,0,"- ","- ",,,"SANTA CLARA","SAN JOSE",-121.89798736572266,37.385719299316406
9506379,2022,2022-10-27,4313,2022-09-30,1719,4988,MARY,5,5,7,4313,0,0,0,,0,0M5,"CAPITAL EXPWY","RT 680",0.00,,Y,A,-,N,,,,,,,,,,Y,4,0,1,4,A,-,03,22350,,N,C,-,A,A,H,-,A,A,0,,,,,Y,,-,,0,0,1,0,0,0,0,0,0,"- ","- ",,,"SANTA CLARA","SAN JOSE",-121.83884429931641,37.355678558349609
9507038,2022,2022-10-18,4304,2022-09-11,2149,237,4304,7,5,4,4304,0,0,0,,0,001,"CAMINO ARROYO","PACHECO PASS HWY",0.00,,Y,A,-,N,,,,,,,,,,N,4,0,1,2,A,-,12,21453,A,F,B,C,A,A,H,-,C,A,0,,,,,Y,,-,,0,0,1,0,0,0,0,0,0,"- ","- ",,,"SANTA CLARA",GILROY,-121.55081939697266,37.004192352294922
9507309,2022,2022-10-20,4304,2022-09-21,1411,232,,3,5,4,4304,0,0,0,,0,001,"ROSSI LN","ROSSI CT",370.00,N,N,A,-,N,,,,,,,,,,N,4,0,2,2,A,-,08,22107,,N,B,C,A,A,H,-,A,D,0,,,,,Y,,A,01,0,0,2,0,0,0,0,0,0,"- ","- ",,,"SANTA CLARA",GILROY,-121.54935455322266,36.988437652587891
9507440,2022,2022-10-10,4313,2022-08-28,1903,4464,WILLI,7,5,7,4313,0,0,0,,0,004,"N CAPITOL AV","GIMELLI WY",0.00,,Y,A,-,N,,,,,,,,,,Y,4,0,1,2,A,-,12,21453,A,N,D,C,A,A,H,-,A,A,0,,,,,Y,,-,,0,0,1,0,0,0,0,0,0,"- ","- ",,,"SANTA CLARA","SAN JOSE",-121.84807586669922,37.375083923339844
9507443,2022,2022-10-07,4313,2022-09-07,0619,4077,VICTO,3,5,7,4313,0,0,0,,0,0V2,"N SAN PEDRO ST","HOBSON ST",0.00,,Y,A,-,N,,,,,,,,,,N,4,0,1,2,A,-,09,21804,,N,D,G,A,A,H,-,C,D,0,,Y,,,Y,,-,,0,0,1,0,0,0,1,0,0,"- ","- ",37.204418182373047,-121.54273986816406,"SANTA CLARA","SAN JOSE",-121.90076446533203,37.345645904541016
9507449,2022,2022-10-14,4313,2022-09-03,1725,4972,NORA,6,5,7,4313,0,0,0,,0,0N2,"LAWRENCE EXPY","RT 280",0.00,,Y,A,-,Y,SCL,4,280,-,-,6.981,R,4,S,Y,4,0,1,2,A,-,08,22107,A,N,B,C,A,A,H,-,A,A,0,,,,,Y,,-,,0,0,1,0,0,0,0,0,0,"- ","- ",,,"SANTA CLARA","SAN JOSE",-121.99311065673828,37.319419860839844