CASE_ID,ACCIDENT_YEAR,PROC_DATE,JURIS,COLLISION_DATE,COLLISION_TIME,OFFICER_ID,REPORTING_DISTRICT,DAY_OF_WEEK,CHP_SHIFT,POPULATION,CNTY_CITY_LOC,SPECIAL_COND,BEAT_TYPE,CHP_BEAT_TYPE,CITY_DIVISION_LAPD,CHP_BEAT_CLASS,BEAT_NUMBER,PRIMARY_RD,SECONDARY_RD,DISTANCE,DIRECTION,INTERSECTION,WEATHER_1,WEATHER_2,STATE_HWY_IND,CALTRANS_COUNTY,CALTRANS_DISTRICT,STATE_ROUTE,ROUTE_SUFFIX,POSTMILE_PREFIX,POSTMILE,LOCATION_TYPE,RAMP_INTERSECTION,SIDE_OF_HWY,TOW_AWAY,COLLISION_SEVERITY,NUMBER_KILLED,NUMBER_INJURED,PARTY_COUNT,PRIMARY_COLL_FACTOR,PCF_CODE_OF_VIOL,PCF_VIOL_CATEGORY,PCF_VIOLATION,PCF_VIOL_SUBSECTION,HIT_AND_RUN,TYPE_OF_COLLISION,MVIW,PED_ACTION,ROAD_SURFACE,ROAD_COND_1,ROAD_COND_2,LIGHTING,CONTROL_DEVICE,CHP_ROAD_TYPE,PEDESTRIAN_ACCIDENT,BICYCLE_ACCIDENT,MOTORCYCLE_ACCIDENT,TRUCK_ACCIDENT,NOT_PRIVATE_PROPERTY,ALCOHOL_INVOLVED,STWD_VEHTYPE_AT_FAULT,CHP_VEHTYPE_AT_FAULT,COUNT_SEVERE_INJ,COUNT_VISIBLE_INJ,COUNT_COMPLAINT_PAIN,COUNT_PED_KILLED,COUNT_PED_INJURED,COUNT_BICYCLIST_KILLED,COUNT_BICYCLIST_INJURED,COUNT_MC_KILLED,COUNT_MC_INJURED,PRIMARY_RAMP,SECONDARY_RAMP,LATITUDE,LONGITUDE,COUNTY,CITY,POINT_X,POINT_Y
9612728,2023,2023-10-11,4313,2023-08-06,2010,4761,DISTR,7,5,7,4313,0,0,0,,0,0L2,"REMILLARD CT","STORY RD",6.00,S,N,A,-,N,,,,,,,,,,N,4,0,1,2,A,-,10,21950,A,N,H,G,A,A,-,-,A,A,0,,Y,,,Y,,A,01,0,0,1,0,0,0,1,0,0,"- ","- ",37.194019317626953,-121.51393890380859,"SANTA CLARA","SAN JOSE",-121.86089324951172,37.327899932861328
9612732,2023,2023-09-11,4313,2023-08-08,"450 ",5120,XRAY,2,5,7,4313,0,0,0,,0,0X4,"CHYNOWETH AV","LEAN AV",70.00,W,N,A,-,N,,,,,,,,,,Y,4,0,1,1,A,-,07,21658,A,N,A,J,A,A,G,-,C,A,0,,,,,Y,,A,01,0,0,1,0,0,0,0,0,0,"- ","- ",37.153190612792969,-121.49983978271484,"SANTA CLARA","SAN JOSE",-121.81958770751953,37.258796691894531
9612736,2023,2023-09-11,4313,2023-08-02,1341,3821,SOUTH,3,5,7,4313,0,0,0,,0,0T2,"CAMDEN AV","HILLSDALE AV",9.00,E,N,A,-,N,,,,,,,,,,N,4,0,1,2,A,-,03,22350,,N,B,G,A,A,H,-,A,A,0,,Y,,,Y,,A,01,0,0,1,0,0,0,1,0,0,"- ","- ",37.154270172119141,-121.55153656005859,"SANTA CLARA","SAN JOSE",-121.92079925537109,37.261955261230469
9612828,2023,2023-09-21,4313,2023-07-29,1715,4858,ROBER,6,5,7,4313,0,0,0,,0,0R2,"N CAPITOL AV","RT 680",0.00,,Y,A,-,Y,SCL,4,680,-,M,5.001,R,4,N,Y,3,0,2,1,A,-,07,21658,,N,F,-,A,A,H,-,A,D,0,,,,,Y,,A,07,0,1,1,0,0,0,0,0,0,"- ",TO,37.235691070556641,-121.52317810058594,"SANTA CLARA","SAN JOSE",-121.87516021728516,37.397880554199219
9612829,2023,2023-09-08,4313,2023-07-30,"934 ",4603,WILLI,7,5,7,4313,0,0,0,,0,0W1,"LANDESS AV","ASHWOOD LN",6.00,W,N,A,-,N,,,,,,,,,,N,4,0,1,2,A,-,03,22350,,F,C,C,A,A,H,-,A,A,0,,,,,Y,Y,-,,0,0,1,0,0,0,0,0,0,"- ","- ",,,"SANTA CLARA","SAN JOSE",-121.87010955810547,37.418060302734375
9612832,2023,2023-09-21,4313,2023-07-29,2115,4889,CENTR,6,5,7,4313,0,0,0,,0,0R1,"ORCHARD WY","VISTA MONTANA",0.00,,Y,A,-,N,,,,,,,,,,N,4,0,1,2,A,-,12,22450,,N,-,C,A,A,H,-,C,A,0,,,,,Y,,A,01,0,0,1,0,0,0,0,0,0,"- ","- ",,,"SANTA CLARA","SAN JOSE",,
9612836,2023,2023-08-25,4313,2023-07-31,1335,4655,SAM,1,5,7,4313,0,0,0,,0,0S6,"S 1ST  ST","FLOYD ST",0.00,,-,A,-,N,,,,,,,,,,N,4,0,1,2,A,-,09,21804,,N,G,G,A,A,H,-,A,D,0,,Y,,,Y,,-,,0,0,1,0,0,0,1,0,0,"- ","- ",37.185859680175781,-121.52301788330078,"SANTA CLARA","SAN JOSE",,
9612840,2023,2023-08-24,4313,2023-07-29,"723 ",4873,,6,5,7,4313,0,0,0,,0,0R2,"HOSTETTER RD","AUTOMATION PY",0.00,,Y,A,-,N,,,,,,,,,,Y,4,0,1,2,A,-,12,21453,A,N,A,C,A,A,H,-,B,A,0,,,,,Y,Y,-,,0,0,1,0,0,0,0,0,0,"- ","- ",,,"SANTA CLARA","SAN JOSE",,
9612850,2023,2023-09-11,4313,2023-07-29,"416 ",4953,,6,5,7,4313,0,0,0,,0,0C5,"MCGINNESS AV","STORY RD",0.00,S,N,A,-,N,,,,,,,,,,Y,4,0,1,5,A,-,08,22107,,N,C,E,A,A,H,-,C,D,0,,,,,Y,,A,07,0,0,1,0,0,0,0,0,0,"- ","- ",37.21234130859375,-121.49221801757812,"SANTA CLARA","SAN JOSE",-121.82432556152344,37.352638244628906
9612851,2023,2023-08-24,4313,2023-07-29,1906,5050,FRANK,6,5,7,4313,0,0,0,,0,002,"S WILLARD AV","CHIECHI AV",0.00,,-,A,-,N,,,,,,,,,,Y,3,0,1,4,A,-,07,21658,,N,B,C,A,A,H,-,A,A,0,,,,,Y,,-,"- ",0,1,0,0,0,0,0,0,0,"- ","- ",,,"SANTA CLARA","SAN JOSE",,
9612894,2023,2023-08-23,4313,2023-07-29,1757,4626,PAUL,6,5,7,4313,0,0,0,,0,0P6,"FARNSWORTH DR","SILVER RIDGE DR",0.00,,Y,A,-,N,,,,,,,,,,Y,3,0,3,1,A,-,03,22350,,N,A,I,A,A,H,-,A,D,0,,,,,Y,,-,,0,2,1,0,0,0,0,0,0,"- ","- ",,,"SANTA CLARA","SAN JOSE",,
9612897,2023,2023-08-23,4313,2023-07-31,"933 ",5127,XRAY,1,5,7,4313,0,0,0,,0,003,"MONTEREY RD","SKYWAY DR",0.00,,Y,A,-,N,,,,,,,,,,Y,4,0,1,3,A,-,08,22101,D,N,B,C,A,A,H,-,A,A,0,,,,,Y,,-,,0,0,1,0,0,0,0,0,0,"- ","- ",,,"SANTA CLARA","SAN JOSE",,
9613871,2023,2023-10-24,4313,2023-09-09,"51  ",4639,WESTE,6,5,7,4313,0,0,0,,0,0S4,"MERIDIAN AV","WILLOW ST",0.00,,Y,A,-,N,,,,,,,,,,N,4,0,1,2,A,-,03,22350,,N,C,C,A,A,H,-,A,A,0,,,,,Y,,-,,0,0,1,0,0,0,0,0,0,"- ","- ",,,"SANTA CLARA","SAN JOSE",,
9613874,2023,2023-10-24,4313,2023-09-09,2300,5024,CCENT,6,5,7,4313,0,0,0,,0,0K5,"MELBOURNE BL","POLE #11N728",33.00,N,N,A,-,N,,,,,,,,,,Y,4,0,1,2,A,-,01,23153,A,N,A,-,A,A,H,-,C,A,0,,,,,Y,Y,-,,0,0,1,0,0,0,0,0,0,"- ","- ",,,"SANTA CLARA","SAN JOSE",,
9613875,2023,2023-10-24,4313,2023-09-08,1130,4911,MARY,5,5,7,4313,0,0,0,,0,002,"JACKSON AV","ALUM ROCK AV",0.00,,Y,A,-,N,,,,,,,,,,Y,4,0,1,3,A,-,03,22350,,N,C,C,A,A,H,-,A,D,0,,,,,Y,,-,,0,0,1,0,0,0,0,0,0,"- ","- ",,,"SANTA CLARA","SAN JOSE",,
9613877,2023,2023-11-03,4313,2023-09-06,"902 ",4765,LINCO,3,5,7,4313,0,0,0,,0,0L1,"S 7TH ST","15TH ST",15.00,S,N,A,-,N,,,,,,,,,,,2,0,1,2,A,-,09,21800,D,N,A,-,A,A,H,-,A,B,0,,Y,,,Y,,-,,1,0,0,0,0,0,1,0,0,"- ","- ",37.194419860839844,-121.52339935302734,"SANTA CLARA","SAN JOSE",,
9613878,2023,2023-10-24,4313,2023-09-05,"755 ",4226,VICTO,2,5,7,4313,0,0,0,,0,0V4,"E ST JAMES ST","N 11TH ST",0.00,,Y,A,-,N,,,,,,,,,,N,4,0,1,2,-,-,"- ",,,N,-,C,A,A,H,-,A,A,0,,,,,Y,,-,,0,0,1,0,0,0,0,0,0,"- ","- ",,,"SANTA CLARA","SAN JOSE",,
9614382,2023,2023-10-02,4311,2023-08-25,1845,53580,5348,5,5,5,4311,0,0,0,,0,MV3,"FARLEY ST","MIDDLEFIELD RD",0.00,,Y,A,-,N,,,,,,,,,,N,3,0,1,2,A,-,12,21453,A,N,D,G,A,A,H,-,A,A,0,,Y,,,Y,,L,04,0,1,0,0,0,0,1,0,0,"- ","- ",37.409610748291016,-122.08690643310547,"SANTA CLARA","MOUNTAIN VIEW",,
9614385,2023,2023-10-20,4311,2023-08-19,1320,57309,5334,6,5,5,4311,0,0,0,,0,MV2,"DEL MEDIO AV","MILLER AV",0.00,,Y,A,-,N,,,,,,,,,,Y,4,0,1,2,A,-,09,21801,A,N,A,C,A,A,H,-,A,D,0,,,,,Y,,A,07,0,0,1,0,0,0,0,0,0,"- ","- ",,,"SANTA CLARA","MOUNTAIN VIEW",,
9614388,2023,2023-10-12,4311,2023-08-13,1529,57070,5339,7,5,5,4311,0,0,0,,0,MV4,"MOFFETT BL","RT 85",38.00,N,N,A,-,Y,SCL,4,85,-,R,23.474,R,4,N,N,3,0,1,2,A,-,12,21453,A,N,D,G,A,A,H,-,A,A,0,,Y,,,Y,,A,01,0,1,0,0,0,0,1,0,0,"- ","- ",37.405200958251953,-122.06697082519531,"SANTA CLARA","MOUNTAIN VIEW",-122.06977081298828,37.403251647949219
9614389,2023,2023-10-20,4311,2023-08-12,1124,57070,,6,5,5,4311,0,0,0,,0,MV3,"CENTRAL EXPWY","RENGSTORFF AV",42.00,N,N,A,-,N,,,,,,,,,,Y,3,0,1,2,A,-,12,21453,A,N,D,C,A,A,H,-,A,A,0,,,,,Y,,-,"- ",0,1,0,0,0,0,0,0,0,"- ","- ",37.40325927734375,-122.09732818603516,"SANTA CLARA","MOUNTAIN VIEW",-122.09757995605469,37.403244018554688
9614390,2023,2023-11-07,4311,2023-08-09,1415,53580,,3,5,5,4311,0,0,0,,0,MV3,"RENGSTORFF AV","RT 101",0.00,,Y,A,-,Y,SCL,4,101,-,-,49.754,R,4,N,Y,2,0,1,2,A,-,12,21453,A,N,D,C,A,A,H,-,A,A,0,,,,,Y,,-,"- ",1,0,0,0,0,0,0,0,0,"- ",NO,37.423828125,-122.09008026123047,"SANTA CLARA","MOUNTAIN VIEW",-122.09432983398438,37.422515869140625
9617066,2023,2023-10-25,4313,2023-09-27,2346,4658,SOUTH,3,5,7,4313,0,0,0,,0,DX5,"COYOTE RD","COYOTE RD 594",0.00,,Y,A,-,N,,,,,,,,,,Y,3,0,1,3,A,-,08,22107,,N,C,E,A,A,H,-,C,D,0,,,,,Y,Y,A,01,0,1,0,0,0,0,0,0,0,"- ","- ",,,"SANTA CLARA","SAN JOSE",,
9617072,2023,2023-10-25,4313,2023-09-20,1614,4589,DF,3,5,7,4313,0,0,0,,0,0F5,"BIRD AV","AUZERAIS AV",0.00,,Y,A,-,N,,,,,,,,,,N,3,0,1,2,A,-,09,21801,,F,A,C,A,A,H,-,A,A,0,,,,,Y,Y,A,01,0,1,0,0,0,0,0,0,0,"- ","- ",37.192378997802734,-121.53575134277344,"SANTA CLARA","SAN JOSE",,
9617075,2023,2023-10-19,4313,2023-09-05,1255,5092,DISTR,2,5,7,4313,0,0,0,,0,0A3,"ALMADEN EXPWY","ALMADEN PLAZA WY",0.00,,Y,A,-,N,,,,,,,,,,N,3,0,1,2,A,-,08,22107,,N,B,G,A,A,-,-,A,A,0,,Y,,,Y,,-,,0,1,0,0,0,0,1,0,0,"- ","- ",,,"SANTA CLARA","SAN JOSE",,
9617076,2023,2023-10-18,4313,2023-09-15,1237,3729,SOUTH,5,5,7,4313,0,0,0,,0,0A5,"VALLEY QUAIL CIR","QUAIL CREST WY",0.00,,Y,A,-,N,,,,,,,,,,Y,4,0,1,2,A,-,05,21651,B,N,H,C,A,A,H,-,A,D,0,,,,,Y,,-,,0,0,1,0,0,0,0,0,0,"- ","- ",,,"SANTA CLARA","SAN JOSE",,
9617080,2023,2023-10-19,4313,2023-09-08,2327,5131,DS,5,5,7,4313,0,0,0,,0,0S2,"MERDIAN AV","FRUITDALE AV",0.00,,Y,A,-,N,,,,,,,,,,Y,4,0,1,2,A,-,12,21453,A,N,D,C,A,A,H,-,C,A,0,,,,,Y,,-,,0,0,1,0,0,0,0,0,0,"- ","- ",,,"SANTA CLARA","SAN JOSE",,
9617117,2023,2023-10-25,4313,2023-09-28,1927,4786,LINCO,4,5,7,4313,0,0,0,,0,0L4,"CURTNER AV","MONTEREY RD",0.00,,Y,A,-,N,,,,,,,,,,Y,4,0,2,4,A,-,03,22350,,F,C,C,A,A,H,-,C,A,0,,,,,Y,,A,01,0,0,2,0,0,0,0,0,0,"- ","- ",,,"SANTA CLARA","SAN JOSE",,
9617118,2023,2023-10-18,4313,2023-09-29,1211,4733,ROBER,5,5,7,4313,0,0,0,,0,0R5,"FLICKINGER AV","NUNES DR",0.00,,Y,A,-,N,,,,,,,,,,Y,4,0,1,2,A,-,09,21801,,N,D,C,A,A,H,-,A,A,0,,,,,Y,,-,,0,0,1,0,0,0,0,0,0,"- ","- ",37.232330322265625,-121.5240478515625,"SANTA CLARA","SAN JOSE",,
9617119,2023,2023-10-17,4313,2023-09-17,1108,5068,SOUTH,7,5,7,4313,0,0,0,,0,0X1,"W CAPITOL EX","SNELL AV",12.00,W,N,A,-,N,,,,,,,,,,Y,4,0,1,2,A,-,03,22350,,N,-,C,A,A,H,-,A,A,0,,,,,Y,,-,,0,0,1,0,0,0,0,0,0,"- ","- ",,,"SANTA CLARA","SAN JOSE",-121.84207916259766,37.276947021484375
9617213,2023,2023-10-19,4313,2023-08-14,"152 ",5054,ROBER,1,5,7,4313,0,0,0,,0,0R3,"BROKAW RD","JUNCTION AV",0.00,,-,A,-,N,,,,,,,,,,Y,3,0,1,1,A,-,08,22107,,N,A,I,A,A,H,-,C,D,0,,,,,Y,,-,,0,1,0,0,0,0,0,0,0,"- ","- ",,,"SANTA CLARA","SAN JOSE",,
9617217,2023,2023-10-25,4313,2023-08-28,2256,4966,FOOTH,1,5,7,4313,0,0,0,,0,0C5,"S WHITE RD","WARRINGTON AV",0.00,,Y,A,-,N,,,,,,,,,,N,2,0,2,2,A,-,00,21954,,N,G,B,D,A,H,-,C,-,0,Y,,,,Y,,N,60,1,1,0,0,1,0,0,0,0,"- ","- ",37.219348907470703,-121.48574829101562,"SANTA CLARA","SAN JOSE",,
9617218,2023,2023-10-25,4313,2023-08-30,"825 ",4553,FRANK,3,5,7,4313,0,0,0,,0,003,"DANA AV","CALAVERAS AV",0.00,,-,A,-,N,,,,,,,,,,N,4,0,1,2,A,-,04,21703,,F,G,B,E,A,-,-,A,-,0,Y,,,,Y,,-,,0,0,1,0,1,0,0,0,0,"- ","- ",,,"SANTA CLARA","SAN JOSE",,
9617220,2023,2023-10-25,4313,2023-08-22,1058,4454,MARY,2,5,7,4313,0,0,0,,0,005,"CAPITOL EXPWY","CAPITOL AV",0.00,,Y,A,-,N,,,,,,,,,,Y,3,0,1,4,A,-,12,21453,A,N,D,-,A,A,-,-,A,A,0,,,,,Y,,A,01,0,1,0,0,0,0,0,0,0,"- ","- ",,,"SANTA CLARA","SAN JOSE",,
9617221,2023,2023-10-19,4313,2023-08-17,1621,4415,FRANK,4,5,7,4313,0,0,0,,0,0F5,"W SAN CARLOS ST","CLIFTON AV",0.00,,Y,A,-,N,,,,,,,,,,N,4,0,1,2,A,-,08,22107,,N,D,C,A,A,H,-,A,D,0,,,Y,,Y,,-,,0,0,1,0,0,0,0,0,1,"- ","- ",37.192409515380859,-121.55299377441406,"SANTA CLARA","SAN JOSE",,
9617222,2023,2023-10-25,4313,2023-08-18,1655,5089,DW,5,5,7,4313,0,0,0,,0,0DW,"PIEDMONT RD","PIEDMONT RD 1315",0.00,,-,A,-,N,,,,,,,,,,N,4,0,1,2,A,-,07,21658,A,N,D,C,A,A,H,-,A,A,0,,,,,Y,,D,22,0,0,1,0,0,0,0,0,0,"- ","- ",,,"SANTA CLARA","SAN JOSE",,
9617223,2023,2023-10-17,4313,2023-08-14,1742,5060,ROBER,1,5,7,4313,0,0,0,,0,001,"MONTAGUE EXPWY",OTOOLE,35.00,E,N,A,-,N,,,,,,,,,,Y,4,0,1,4,A,-,03,22350,,N,C,C,A,A,H,-,A,D,0,,,,,Y,,-,,0,0,1,0,0,0,0,0,0,"- ","- ",37.235309600830078,-121.54467010498047,"SANTA CLARA","SAN JOSE",-121.91278839111328,37.398109436035156
9617256,2023,2023-10-16,4313,2023-08-31,"752 ",4340,FOOTH,4,5,7,4313,0,0,0,,0,0P5,"ABORN RD","ALTAMARA AV",15.00,W,N,A,-,N,,,,,,,,,,Y,3,0,2,3,A,-,12,21453,A,N,D,C,A,A,H,-,A,A,0,,,,,Y,,-,,0,1,1,0,0,0,0,0,0,"- ","- ",,,"SANTA CLARA","SAN JOSE",-121.77227783203125,37.316864013671875
9617327,2023,2023-11-06,4313,2023-09-30,"110 ",4838,SOUTH,6,5,7,4313,0,0,0,,0,0A1,"CAMDEN AV","CAMDEN AV 5009",34.00,S,N,C,-,N,,,,,,,,,,Y,2,0,2,1,A,-,03,22350,,N,A,I,A,B,H,-,C,A,0,,,,,Y,,A,01,1,1,0,0,0,0,0,0,0,"- ","- ",,,"SANTA CLARA","SAN JOSE",-121.91278839111328,37.252609252929688
9618449,2023,2024-03-16,4313,2023-06-18,2123,4910,TOM,7,5,7,4313,0,0,0,,0,001,"CAMDEN AV","SOUTH BASCOM AV",0.00,,-,A,-,N,,,,,,,,,,N,4,0,1,2,A,-,08,22107,,F,B,C,A,A,H,-,C,A,0,,,,,Y,,-,,0,0,1,0,0,0,0,0,0,"- ","- ",,,"SANTA CLARA","SAN JOSE",,
9618582,2023,2024-01-10,4313,2023-11-10,1749,5082,DX,5,5,7,4313,0,0,0,,0,0X1,"NARVAEZ AV","CAPITAL EXPWY",100.00,N,N,A,-,N,,,,,,,,,,N,4,0,2,2,A,-,09,21800,B,N,D,C,A,A,H,-,B,D,0,,,,,Y,,A,07,0,0,2,0,0,0,0,0,0,"- ","- ",,,"SANTA CLARA","SAN JOSE",-121.86045837402344,37.274776458740234
9618586,2023,2024-01-10,4313,2023-11-05,"119 ",4950,DP,7,5,7,4313,0,0,0,,0,0P3,"AIDA AV","ENESCO AV",0.00,,Y,A,-,N,,,,,,,,,,Y,3,0,1,2,A,-,03,22350,,N,B,E,A,A,H,-,C,D,0,,,,,Y,Y,A,01,0,1,0,0,0,0,0,0,0,"- ","- ",,,"SANTA CLARA","SAN JOSE",,
9618589,2023,2024-01-10,4313,2023-11-02,2350,4600,ADAM,4,5,7,4313,0,0,0,,0,001,"CAMDEN AV","CLOVIS AV",234.00,S,N,A,-,N,,,,,,,,,,Y,4,0,1,1,A,-,03,22350,,N,A,I,A,A,H,-,C,D,0,,,,,Y,Y,A,01,0,0,1,0,0,0,0,0,0,"- ","- ",,,"SANTA CLARA","SAN JOSE",-121.90360260009766,37.238395690917969
9618591,2023,2024-01-10,4313,2023-11-02,1955,5134,,4,5,7,4313,0,0,0,,0,001,"TULLY RD","EASTRIDGE LN",0.00,,Y,B,-,N,,,,,,,,,,Y,4,0,3,2,A,-,01,23153,A,N,C,C,A,A,H,-,C,A,0,,,,,Y,Y,D,22,0,0,3,0,0,0,0,0,0,"- ","- ",,,"SANTA CLARA","SAN JOSE",,
9618600,2023,2024-01-10,4313,2023-11-04,2219,4786,,6,5,7,4313,0,0,0,,0,0L4,"LITTLE ORCHARD ST","BARNARD AV",0.00,,Y,A,-,N,,,,,,,,,,Y,3,0,1,2,A,-,12,22450,A,F,D,C,A,A,H,-,C,D,0,,,,,Y,Y,A,07,0,1,0,0,0,0,0,0,0,"- ","- ",,,"SANTA CLARA","SAN JOSE",,
9618612,2023,2024-05-17,4313,2023-10-13,"830 ",4998,SOUTH,5,5,7,4313,0,0,0,,0,0A4,"CALLE ESPERANZA","REDMOND AV",0.00,,Y,A,-,N,,,,,,,,,,N,3,0,1,2,A,-,03,22350,,N,G,B,D,A,H,-,A,D,0,Y,,,,Y,,-,,0,1,0,0,1,0,0,0,0,"- ","- ",,,"SANTA CLARA","SAN JOSE",,
9618615,2023,2024-05-10,4313,2023-10-11,1741,4563,FOOTH,3,5,7,4313,0,0,0,,0,0W4,"N WHITE RD","HYLAND AV",0.00,,Y,A,-,N,,,,,,,,,,Y,4,0,2,3,A,-,03,22350,,N,C,C,A,A,H,-,A,A,0,,,,,Y,,-,,0,0,2,0,0,0,0,0,0,"- ","- ",,,"SANTA CLARA","SAN JOSE",,
9618626,2023,2024-05-10,4313,2023-10-11,1040,3745,DV,3,5,7,4313,0,0,0,,0,0V2,"N 11TH ST","MISSION ST",0.00,,Y,A,-,N,,,,,,,,,,Y,4,0,2,3,A,-,09,21801,A,N,B,C,A,A,H,-,A,A,0,,,,,Y,,-,,0,0,2,0,0,0,0,0,0,"- ","- ",,,"SANTA CLARA","SAN JOSE",,
9618628,2023,2024-04-30,4313,2023-10-11,1115,4759,,3,5,7,4313,0,0,0,,0,0Y1,"BLOSSOM HILL RD","CHESBRO AV",0.00,,Y,A,-,N,,,,,,,,,,N,4,0,1,3,A,-,12,21453,,N,A,C,A,A,H,-,A,A,0,,,,,Y,,-,,0,0,1,0,0,0,0,0,0,"- ","- ",37.152149200439453,-121.50334167480469,"SANTA CLARA","SAN JOSE",,
9618672,2023,2023-12-14,4313,2023-10-10,1555,5060,ROBER,2,5,7,4313,0,0,0,,0,005,"SIERRA RD","FLICKINGER AV",128.00,E,N,A,-,N,,,,,,,,,,Y,4,0,1,2,A,-,08,22107,,N,D,C,A,A,H,-,A,D,0,,,,,Y,,-,,0,0,1,0,0,0,0,0,0,"- ","- ",37.237518310546875,-121.52239227294922,"SANTA CLARA","SAN JOSE",-121.8729248046875,37.385673522949219
9618740,2023,2023-12-06,4313,2023-10-16,1604,4651,SOUTH,1,5,7,4313,0,0,0,,0,0X1,"W CAPITOL EX","COPPERFIELD DR",0.00,,N,A,-,N,,,,,,,,,,Y,3,0,2,3,A,-,04,21703,,N,C,C,A,A,H,-,A,A,0,,,,,Y,,A,01,0,2,0,0,0,0,0,0,0,"- ","- ",37.162818908691406,-121.51168823242188,"SANTA CLARA","SAN JOSE",,
9618814,2023,2023-12-18,4313,2023-10-19,"800 ",5096,PAUL,4,5,7,4313,0,0,0,,0,0P1,"TULLY RD","RT 101",0.00,,Y,A,-,Y,SCL,4,101,-,-,32.784,R,4,N,N,4,0,2,3,A,-,12,21453,A,N,B,C,A,A,H,-,A,A,0,,,,,Y,,A,07,0,0,2,0,0,0,0,0,0,"- ",NF,37.198898315429688,-121.49498748779297,"SANTA CLARA","SAN JOSE",-121.82867431640625,37.315654754638672
9618817,2023,2023-12-04,4313,2023-10-07,"840 ",4871,DY,6,5,7,4313,0,0,0,,0,0Y3,"CALERO AV","LEAN AV",0.00,,Y,A,-,N,,,,,,,,,,N,3,0,1,2,A,-,09,21804,,N,G,B,E,A,H,-,A,A,0,Y,,,,Y,,A,01,0,1,0,0,1,0,0,0,0,"- ","- ",37.142780303955078,-121.49237060546875,"SANTA CLARA","SAN JOSE",,
9618819,2023,2023-12-04,4313,2023-10-05,"848 ",5060,XRAY,4,5,7,4313,0,0,0,,0,001,"HILLSDALE AV","NARVAEZ AV",0.00,,Y,A,-,N,,,,,,,,,,Y,4,0,2,2,A,-,12,21453,,N,C,C,A,A,H,-,A,A,0,,,,,Y,,A,01,0,0,2,0,0,0,0,0,0,"- ","- ",,,"SANTA CLARA","SAN JOSE",,
9619012,2023,2024-01-03,4313,2023-10-23,1555,4654,WESTE,1,5,7,4313,0,0,0,,0,0L4,"MONTEREY RD","TULLY RD",0.00,,N,A,-,N,,,,,,,,,,N,2,0,1,2,A,-,05,21202,A,N,H,G,A,A,H,-,A,D,0,,Y,,,Y,,L,04,1,0,0,0,0,0,1,0,0,"- ","- ",,,"SANTA CLARA","SAN JOSE",,
9619281,2023,2024-01-05,4313,2023-11-18,"606 ",4956,P,6,5,7,4313,0,0,0,,0,002,"TULLY RD","CAPITOL EXPWY",0.00,,Y,A,-,N,,,,,,,,,,Y,4,0,2,2,-,-,"- ",,,N,B,C,A,B,-,-,B,A,0,,,,,Y,,-,"- ",0,0,2,0,0,0,0,0,0,"- ","- ",,,"SANTA CLARA","SAN JOSE",,
9619282,2023,2024-01-05,4313,2023-11-23,"500 ",4597,SOUTH,4,5,7,4313,0,0,0,,0,0X4,"MONTEREY RD","BLOSSOM HILL RD",0.00,,Y,A,-,N,,,,,,,,,,Y,3,0,3,2,A,-,01,23152,,N,C,C,A,A,H,-,C,A,0,,,,,Y,Y,-,,0,3,0,0,0,0,0,0,0,"- ","- ",,,"SANTA CLARA","SAN JOSE",,
9619311,2023,2024-01-03,4313,2023-11-14,1425,5142,LINCO,2,5,7,4313,0,0,0,,0,001,"E ALMA AV","S 10TH ST",0.00,,N,A,-,N,,,,,,,,,,Y,4,0,1,2,A,-,03,22350,,F,-,C,A,A,H,-,A,D,0,,,,,Y,,-,,0,0,1,0,0,0,0,0,0,"- ","- ",37.191158294677734,-121.51560974121094,"SANTA CLARA","SAN JOSE",,
9619317,2023,2024-01-03,4313,2023-11-11,1420,4543,DE,6,5,7,4313,0,0,0,,0,0E3,"SOUTH KING RD","VIRGINIA AV",0.00,,Y,A,-,N,,,,,,,,,,N,4,0,1,2,A,-,03,22350,,N,D,C,A,A,H,-,A,A,0,,,,,Y,,-,,0,0,1,0,0,0,0,0,0,"- ","- ",,,"SANTA CLARA","SAN JOSE",,
9619323,2023,2024-01-05,4313,2023-10-28,1707,4644,CENTR,6,5,7,4313,0,0,0,,0,0V3,"N 11TH ST","WASHINGTON ST",0.00,,Y,A,-,N,,,,,,,,,,Y,3,0,7,2,A,-,09,21804,A,N,D,C,A,A,H,-,A,D,0,,,,,Y,,-,,0,1,6,0,0,0,0,0,0,"- ","- ",,,"SANTA CLARA","SAN JOSE",,
9619341,2023,2024-01-03,4313,2023-10-22,"710 ",5119,XRAY,7,5,7,4313,0,0,0,,0,001,"BRANHAM LN","VISTAPARK DR",0.00,,-,A,-,N,,,,,,,,,,N,3,0,1,2,A,-,12,21453,A,N,A,G,A,A,H,-,A,A,0,,Y,,,Y,,-,"- ",0,1,0,0,0,0,1,0,0,"- ","- ",,,"SANTA CLARA","SAN JOSE",,
9619661,2023,2024-01-09,4313,2023-11-06,1444,5011,FOOTH,1,5,7,4313,0,0,0,,0,0P3,"SILVER CREEK RD","E CAPITOL EXPWY",0.00,,Y,B,-,N,,,,,,,,,,Y,4,0,1,2,A,-,12,21453,A,N,-,D,A,A,H,-,A,A,0,,,,,Y,,-,"- ",0,0,1,0,0,0,0,0,0,"- ","- ",37.182559967041016,-121.48391723632812,"SANTA CLARA","SAN JOSE",,
9619665,2023,2024-01-19,4313,2023-11-13,"816 ",5002,DT,1,5,7,4313,0,0,0,,0,0T3,"ALMADEN EX","RT 87",0.00,,Y,B,-,N,,,,,,,,,,Y,2,0,2,2,A,-,03,22350,,N,C,D,A,A,H,-,A,D,0,,,,,Y,Y,A,01,1,1,0,0,0,0,0,0,0,"- ","- ",37.175239562988281,-121.52372741699219,"SANTA CLARA","SAN JOSE",,
9619761,2023,2024-03-01,4313,2023-12-08,"900 ",5137,WESTE,5,5,7,4313,0,0,0,,0,0S1,"FRUITDALE AV","DI FIORE DR",0.00,,Y,A,-,N,,,,,,,,,,Y,4,0,1,3,A,-,03,22350,,F,A,C,A,A,H,-,A,A,0,,,,,Y,,-,,0,0,1,0,0,0,0,0,0,"- ","- ",,,"SANTA CLARA","SAN JOSE",,
9619770,2023,2024-02-29,4313,2023-12-05,"18  ",4993,DN,2,5,7,4313,0,0,0,,0,0N4,"SARATOGA AV","WILLIAMS RD",0.00,,N,A,-,N,,,,,,,,,,Y,4,0,1,2,A,-,03,22350,,F,C,C,A,A,H,-,C,A,0,,,,,Y,Y,-,,0,0,1,0,0,0,0,0,0,"- ","- ",37.182918548583984,-121.58396911621094,"SANTA CLARA","SAN JOSE",,
9620357,2023,2023-10-16,4310,2023-09-26,1941,300,43635,2,5,4,4310,0,0,0,,0,003,"MONTEREY RD","TENNANT AV",0.00,,Y,A,-,N,,,,,,,,,,Y,4,0,2,2,A,-,12,21453,A,N,A,C,A,A,H,-,C,A,0,,,,,Y,,-,"- ",0,0,2,0,0,0,0,0,0,"- ","- ",37.112911224365234,-121.64304351806641,"SANTA CLARA","MORGAN HILL",,