CASE_ID,ACCIDENT_YEAR,PROC_DATE,JURIS,COLLISION_DATE,COLLISION_TIME,OFFICER_ID,REPORTING_DISTRICT,DAY_OF_WEEK,CHP_SHIFT,POPULATION,CNTY_CITY_LOC,SPECIAL_COND,BEAT_TYPE,CHP_BEAT_TYPE,CITY_DIVISION_LAPD,CHP_BEAT_CLASS,BEAT_NUMBER,PRIMARY_RD,SECONDARY_RD,DISTANCE,DIRECTION,INTERSECTION,WEATHER_1,WEATHER_2,STATE_HWY_IND,CALTRANS_COUNTY,CALTRANS_DISTRICT,STATE_ROUTE,ROUTE_SUFFIX,POSTMILE_PREFIX,POSTMILE,LOCATION_TYPE,RAMP_INTERSECTION,SIDE_OF_HWY,TOW_AWAY,COLLISION_SEVERITY,NUMBER_KILLED,NUMBER_INJURED,PARTY_COUNT,PRIMARY_COLL_FACTOR,PCF_CODE_OF_VIOL,PCF_VIOL_CATEGORY,PCF_VIOLATION,PCF_VIOL_SUBSECTION,HIT_AND_RUN,TYPE_OF_COLLISION,MVIW,PED_ACTION,ROAD_SURFACE,ROAD_COND_1,ROAD_COND_2,LIGHTING,CONTROL_DEVICE,CHP_ROAD_TYPE,PEDESTRIAN_ACCIDENT,BICYCLE_ACCIDENT,MOTORCYCLE_ACCIDENT,TRUCK_ACCIDENT,NOT_PRIVATE_PROPERTY,ALCOHOL_INVOLVED,STWD_VEHTYPE_AT_FAULT,CHP_VEHTYPE_AT_FAULT,COUNT_SEVERE_INJ,COUNT_VISIBLE_INJ,COUNT_COMPLAINT_PAIN,COUNT_PED_KILLED,COUNT_PED_INJURED,COUNT_BICYCLIST_KILLED,COUNT_BICYCLIST_INJURED,COUNT_MC_KILLED,COUNT_MC_INJURED,PRIMARY_RAMP,SECONDARY_RAMP,LATITUDE,LONGITUDE,COUNTY,CITY,POINT_X,POINT_Y
82104735,2023,2023-06-29,4314,2023-06-03,1416,G1027,43471,6,5,6,4314,0,0,0,,0,001,"LAWRENCE EXPY","PRUNERIDGE AVE",0.00,,Y,A,-,N,,,,,,,,,,Y,3,0,1,2,A,-,12,21453,A,N,D,C,A,A,H,-,A,A,0,,,,,Y,,A,01,0,1,0,0,0,0,0,0,0,"- ","- ",37.331489562988281,-121.99559783935547,"SANTA CLARA","SANTA CLARA",,
82104737,2023,2023-07-03,4314,2023-06-14,2148,M5978,43471,3,5,6,4314,0,0,0,,0,005,"CENTRAL EXPY","LAFAYETTE ST",0.00,,Y,A,-,N,,,,,,,,,,Y,3,0,2,2,A,-,12,21453,A,N,-,D,A,A,H,-,C,A,0,,,,,Y,,A,01,0,2,0,0,0,0,0,0,0,"- ","- ",37.374210357666016,-121.95021820068359,"SANTA CLARA","SANTA CLARA",,
82107740,2023,2023-07-03,4308,2023-06-09,1600,323,,5,5,5,4308,0,0,0,,0,005,"RANCH DR","MCCARTHY BLVD",560.00,W,N,A,-,N,,,,,,,,,,Y,2,0,2,3,A,-,09,21804,A,N,D,C,A,A,H,-,A,D,0,,,,,Y,,A,01,1,1,0,0,0,0,0,0,0,"- ","- ",37.426731109619141,-121.92202758789062,"SANTA CLARA",MILPITAS,-121.9241943359375,37.425140380859375
82107746,2023,2023-07-03,4308,2023-06-18,2020,326,,7,5,5,4308,0,0,0,,0,003,"N MILPITAS BLVD","DIXON LANDING RD",178.00,S,N,A,-,N,,,,,,,,,,Y,3,0,1,2,A,-,01,23152,A,F,B,C,A,A,H,-,A,D,0,,,,,Y,Y,A,01,0,1,0,0,0,0,0,0,0,"- ","- ",37.457210540771484,-121.91139984130859,"SANTA CLARA",MILPITAS,-121.91141510009766,37.457038879394531
82107845,2023,2023-07-03,4316,2023-05-12,1601,17810,34,5,5,6,4316,0,0,0,,0,003,"395 E EVELYN AVE","CARROLL ST",241.00,E,N,A,-,N,,,,,,,,,,Y,2,0,2,2,A,-,03,22350,,N,G,B,F,A,H,-,A,D,0,Y,,,,Y,,-,"- ",1,1,0,0,1,0,0,0,0,"- ","- ",,,"SANTA CLARA",SUNNYVALE,-122.02702331542969,37.376716613769531
82108033,2023,2023-07-03,4316,2023-05-31,1655,15170,16,3,5,6,4316,0,0,0,,0,001,"FAIR OAKS AVENUE","KIFER ROAD",291.00,S,N,A,-,N,,,,,,,,,,N,4,0,1,2,A,-,03,22350,,N,C,C,A,A,H,-,A,D,0,,,,,Y,,A,01,0,0,1,0,0,0,0,0,0,"- ","- ",,,"SANTA CLARA",SUNNYVALE,-122.02012634277344,37.376350402832031
82110341,2023,2023-07-07,4302,2023-06-11,"41  ",129,4302,7,5,4,4302,0,0,0,,0,003,"HAMILTON AVE","EDEN AVE",0.00,,Y,A,-,N,,,,,,,,,,Y,3,0,1,2,D,-,00,,,F,D,C,A,A,H,-,C,A,0,,,,,Y,,-,"- ",0,1,0,0,0,0,0,0,0,"- ","- ",,,"SANTA CLARA",CAMPBELL,,
82110387,2023,2023-07-06,4316,2023-05-21,1849,16372,12,7,5,6,4316,0,0,0,,0,001,"MATHILDA AVENUE","AHWANEE AVENUE",1102.00,N,N,A,-,N,,,,,,,,,,Y,4,0,1,2,A,-,03,22350,,N,C,C,A,A,H,-,A,D,0,,,,,Y,,A,01,0,0,1,0,0,0,0,0,0,"- ","- ",,,"SANTA CLARA",SUNNYVALE,-122.02784729003906,37.398731231689453
82110389,2023,2023-07-06,4316,2023-06-06,1651,18754,53,2,5,6,4316,0,0,0,,0,005,"MARY AVENUE","THE DALLES",0.00,,Y,A,-,N,,,,,,,,,,Y,4,0,1,2,A,-,12,21453,A,N,D,C,A,A,H,-,A,A,0,,,,,Y,,A,01,0,0,1,0,0,0,0,0,0,"- ","- ",,,"SANTA CLARA",SUNNYVALE,,
82110399,2023,2023-07-06,4314,2023-06-14,2149,A7891,43471,3,5,6,4314,0,0,0,,0,005,"SCOTT BLVD","SPACE PARK DR",30.00,N,N,A,-,N,,,,,,,,,,N,3,0,1,2,A,-,08,22107,,N,C,G,A,A,H,-,C,A,0,,Y,,,Y,,A,01,0,1,0,0,0,0,1,0,0,"- ","- ",37.376171112060547,-121.95979309082031,"SANTA CLARA","SANTA CLARA",-121.95982360839844,37.376083374023438
82111426,2023,2023-07-07,4314,2023-06-08,1840,B6923,43471,4,5,6,4314,0,0,0,,0,003,"MONROE ST","HARRISON ST",0.00,,Y,A,-,N,,,,,,,,,,Y,3,0,2,2,A,-,09,21802,A,N,D,C,A,A,H,-,A,A,0,,,,,Y,,A,01,0,1,1,0,0,0,0,0,0,"- ","- ",37.351158142089844,-121.94973754882812,"SANTA CLARA","SANTA CLARA",,
82113539,2023,2023-07-11,4316,2023-06-24,1808,16911,52,6,5,6,4316,0,0,0,,0,005,"W. FREMONT AVENUE","HOLLENBECK AVENUE",0.00,,Y,A,-,N,,,,,,,,,,N,4,0,1,2,A,-,12,21453,A,N,D,C,A,A,H,-,A,A,0,,,,,Y,,A,01,0,0,1,0,0,0,0,0,0,"- ","- ",,,"SANTA CLARA",SUNNYVALE,,
82114066,2023,2023-07-11,4307,2023-06-14,1348,S091,LG104,3,5,4,4307,0,0,0,,0,001,"BLOSSOM HILL RD","INDUSTRIAL WAY",0.00,,Y,A,-,N,,,,,,,,,,N,3,0,1,2,A,-,09,21801,,N,D,C,A,A,H,-,A,D,0,,,Y,,Y,,A,01,0,1,0,0,0,0,0,0,1,"- ","- ",37.235420227050781,-121.97669219970703,"SANTA CLARA","LOS GATOS",,
82116265,2023,2023-07-14,4314,2023-07-12,"417 ",F6214,43471,3,5,6,4314,0,0,0,,0,004,"LAWRENCE EXPY","POINCIANA DR",0.00,,Y,A,-,N,,,,,,,,,,Y,2,0,2,2,A,-,01,23152,B,N,A,C,A,A,H,-,C,A,0,,,,,Y,Y,A,01,2,0,0,0,0,0,0,0,0,"- ","- ",37.359958648681641,-121.99588012695312,"SANTA CLARA","SANTA CLARA",,
82116516,2023,2023-07-14,4316,2023-06-25,1627,18819,52,7,5,6,4316,0,0,0,,0,005,"250 W EL CAMINO REAL","S MATHILDA AVE",100.00,E,N,A,-,N,,,,,,,,,,Y,4,0,1,1,C,-,18,,,N,E,I,A,A,H,-,A,D,0,,,,,Y,,-,"- ",0,0,1,0,0,0,0,0,0,"- ","- ",,,"SANTA CLARA",SUNNYVALE,-122.03672027587891,37.369129180908203
82116517,2023,2023-07-14,4316,2023-06-28,1300,18656,62,3,5,6,4316,0,0,0,,0,006,"SUNNYVALE SARATOGA ROAD","HARWICK WAY",296.00,S,N,A,-,N,,,,,,,,,,N,4,0,1,2,A,-,07,21658,A,N,B,C,A,A,D,-,A,A,0,,,,,Y,,A,01,0,0,1,0,0,0,0,0,0,"- ","- ",,,"SANTA CLARA",SUNNYVALE,-122.03224182128906,37.342205047607422
82117435,2023,2023-07-17,4302,2023-05-13,1244,S42,4302,6,5,4,4302,0,0,0,,0,003,"DIVISION ST","DELL AVE",0.00,,Y,A,-,N,,,,,,,,,,N,4,0,2,2,A,-,03,22350,,N,C,C,A,A,H,-,A,D,0,,,,,Y,,A,01,0,0,2,0,0,0,0,0,0,"- ","- ",,,"SANTA CLARA",CAMPBELL,,
82117436,2023,2023-07-17,4302,2023-06-15,1730,112,4302,4,5,4,4302,0,0,0,,0,001,"KILMER AVE","HOLMES AVE",32.00,S,N,A,-,N,,,,,,,,,,N,2,0,1,2,A,-,05,21650,,N,A,G,A,A,H,-,A,D,0,,Y,,,Y,,L,04,1,0,0,0,0,0,1,0,0,"- ","- ",,,"SANTA CLARA",CAMPBELL,-121.95126342773438,37.257511138916016
82117437,2023,2023-07-18,4302,2023-06-16,1423,117,4302,5,5,4,4302,0,0,0,,0,003,"WINCHESTER BLVD","BUDD AVE",841.00,S,N,A,-,N,,,,,,,,,,N,3,0,1,2,A,-,11,21954,A,N,G,B,E,A,H,-,A,D,0,Y,,,,Y,,N,60,0,1,0,0,1,0,0,0,0,"- ","- ",,,"SANTA CLARA",CAMPBELL,-121.94978332519531,37.278358459472656
82117440,2023,2023-07-17,4302,2023-06-22,"838 ",120,4302,4,5,4,4302,0,0,0,,0,001,"UNION AVE","MICHAEL DR",180.00,N,N,A,-,N,,,,,,,,,,N,4,0,1,3,A,-,03,22350,,N,C,C,A,A,H,-,A,D,0,,,,,Y,,A,01,0,0,1,0,0,0,0,0,0,"- ","- ",,,"SANTA CLARA",CAMPBELL,-121.93549346923828,37.284923553466797
82119455,2023,2023-07-18,4308,2023-06-23,2220,342,,5,5,5,4308,0,0,0,,0,,"W CALAVERAS BLVD","S ABBOTT AVE",42.00,W,N,A,-,N,,,,,,,,,,Y,4,0,3,2,A,-,08,22107,,F,B,C,A,A,H,-,C,A,0,,,,,Y,,D,22,0,0,3,0,0,0,0,0,0,"- ","- ",37.426651000976562,-121.91259002685547,"SANTA CLARA",MILPITAS,-121.91276550292969,37.426788330078125
82120344,2022,2023-07-19,4302,2022-06-26,1720,L137,4302,7,5,4,4302,0,0,0,,0,003,"GRANT ST","THE PROLONGATION CURB LINE OF CENTRAL AVE",214.00,W,N,A,-,N,,,,,,,,,,N,3,0,1,1,D,-,00,,,N,H,G,A,A,H,-,A,D,0,,Y,,,Y,,-,"- ",0,1,0,0,0,0,1,0,0,"- ","- ",,,"SANTA CLARA",CAMPBELL,,
82120421,2023,2023-07-24,4314,2023-07-07,"558 ",T7456,43471,5,5,6,4314,0,0,0,,0,003,"EL CAMINO REAL","MAIN ST",175.00,E,N,B,-,Y,SCL,,82," "," ",11.683,H,,R,Y,2,0,1,2,A,-,21,22106,,F,C,C,A,A,H,-,B,D,0,,,Y,,Y,,A,01,1,0,0,0,0,0,0,0,1,"- ","- ",37.3538818359375,-121.94838714599609,"SANTA CLARA","SANTA CLARA",-121.94849395751953,37.354061126708984
82122641,2023,2023-07-21,4314,2023-07-13,"705 ",M3386,,4,5,6,4314,0,0,0,,0,006,"GREAT AMERICA PKWY","PATRICK HENRY DR",60.00,S,N,A,-,N,,,,,,,,,,Y,3,0,1,2,A,-,08,22107,,N,B,C,A,A,H,-,A,A,0,,,,,Y,,A,07,0,1,0,0,0,0,0,0,0,"- ","- ",37.396228790283203,-121.97798919677734,"SANTA CLARA","SANTA CLARA",-121.97797393798828,37.395805358886719
82123914,2023,2023-07-24,4316,2023-06-27,1039,16905,13,2,5,6,4316,0,0,0,,0,001,"INDIO WAY","MATHILDA AVENUE",0.00,,Y,A,-,N,,,,,,,,,,N,4,0,1,2,A,-,04,21703,,N,C,D,A,A,H,-,A,A,0,,,,,Y,,A,01,0,0,1,0,0,0,0,0,0,"- ","- ",,,"SANTA CLARA",SUNNYVALE,,
82125068,2023,2023-07-25,4308,2023-06-23,1413,268,,5,5,5,4308,0,0,0,,0,004,"S PARK VICTORIA DR","DEMPSEY RD",0.00,,Y,A,-,N,,,,,,,,,,Y,4,0,2,2,A,-,09,21804,A,N,D,C,A,A,H,-,A,D,0,,,,,Y,,A,01,0,0,2,0,0,0,0,0,0,"- ","- ",37.435001373291016,-121.88419342041016,"SANTA CLARA",MILPITAS,,
82125965,2023,2023-07-26,4314,2023-07-07,1544,M8600,43471,5,5,6,4314,0,0,0,,0,001,"STEVENS CREEK BLVD","WOODHAMS RD",0.00,,Y,A,-,N,,,,,,,,,,N,4,0,2,2,A,-,12,21453,A,N,A,C,A,A,H,-,A,A,0,,,,,Y,,A,01,0,0,2,0,0,0,0,0,0,"- ","- ",37.323150634765625,-121.98236083984375,"SANTA CLARA","SANTA CLARA",,
82130152,2023,2023-07-28,4302,2023-06-21,1954,133,4302,3,5,4,4302,0,0,0,,0,002,"BUCKNALL RD","JOHN KIRK CT",21.00,E,N,A,-,N,,,,,,,,,,Y,3,0,1,3,A,-,09,21801,A,N,D,E,A,A,H,-,A,D,0,,,,,Y,,A,01,0,1,0,0,0,0,0,0,0,"- ","- ",,,"SANTA CLARA",CAMPBELL,-121.97782897949219,37.283580780029297
82131315,2023,2023-07-31,4308,2023-07-15,1311,269,1,6,5,5,4308,0,0,0,,0,004,"E CALAVERAS BLVD","N TEMPLE DR",310.00,W,N,A,-,N,,,,,,,,,,Y,3,0,2,3,A,-,08,22107,,N,B,E,A,A,H,-,A,A,0,,,,,Y,,A,01,0,2,0,0,0,0,0,0,0,"- ","- ",37.437149047851562,-121.87706756591797,"SANTA CLARA",MILPITAS,-121.87699890136719,37.437202453613281
82131317,2023,2023-07-31,4308,2023-07-15,1518,353,,6,5,5,4308,0,0,0,,0,001,"GREAT MALL PKWY","MUSTANG DR",250.00,E,N,A,-,N,,,,,,,,,,Y,4,0,1,2,A,-,03,22350,,N,C,C,A,A,H,-,A,A,0,,,,,Y,,A,01,0,0,1,0,0,0,0,0,0,"- ","- ",37.411319732666016,-121.89602661132812,"SANTA CLARA",MILPITAS,-121.89590454101562,37.411270141601562
82132565,2022,2023-08-01,4302,2022-07-06,1756,114,4302,3,5,4,4302,0,0,0,,0,003,"HARDY AVE","CAMPBELL AVE",0.00,,Y,A,-,N,,,,,,,,,,N,2,0,1,2,A,-,05,21650,1,N,H,G,A,A,H,-,A,D,0,,Y,,,Y,,L,04,1,0,0,0,0,0,1,0,0,"- ","- ",,,"SANTA CLARA",CAMPBELL,-121.957275390625,37.287025451660156
82132566,2022,2023-08-02,4302,2022-08-03,2038,129,4302,3,5,4,4302,0,0,0,,0,001,"UNION AVE","PASEO DE PALOMAS LN",155.00,S,N,A,-,N,,,,,,,,,,N,4,0,1,2,A,-,03,22350,,N,C,C,A,A,H,-,B,D,0,,,,,Y,,-,"- ",0,0,1,0,0,0,0,0,0,"- ","- ",,,"SANTA CLARA",CAMPBELL,-121.93568420410156,37.282005310058594
82132570,2022,2023-08-03,4302,2022-10-03,1110,106,4302,1,5,4,4302,0,0,0,,0,001,"SAN TOMAS EXPWY","HIGHWAY 17 SOUTHBOUND OFF RAMP",0.00,,Y,A,-,N,,,,,,,,,,Y,2,0,2,2,A,-,12,21453,A,N,D,C,A,A,H,-,A,A,0,,,,,Y,,A,01,1,0,1,0,0,0,0,0,0,"- ","- ",,,"SANTA CLARA",CAMPBELL,,
82132572,2022,2023-08-02,4302,2022-10-15,1729,128,4302,6,5,4,4302,0,0,0,,0,002,"HACIENDA AVE","FREDA CT",0.00,,Y,A,-,N,,,,,,,,,,N,4,0,3,2,A,-,09,21801,A,N,A,C,A,A,H,-,B,D,0,,,,,Y,,A,07,0,0,3,0,0,0,0,0,0,"- ","- ",,,"SANTA CLARA",CAMPBELL,-121.98114013671875,37.268062591552734
82133762,2023,2023-08-03,4314,2023-07-23,1212,N2306,43471,7,5,6,4314,0,0,0,,0,005,"SAN TOMAS EXPY","MONROE ST",0.00,,Y,A,-,N,,,,,,,,,,Y,3,0,7,2,A,-,09,21453,C,N,D,C,A,A,H,-,A,A,0,,,,,Y,,A,07,0,6,1,0,0,0,0,0,0,"- ","- ",37.363178253173828,-121.96661376953125,"SANTA CLARA","SANTA CLARA",,
82133765,2023,2024-06-17,4314,2023-07-28,2351,D3648,,5,5,6,4314,0,0,0,,0,006,"DAVIS ST","3RD ST",0.00,,Y,A,-,N,,,,,,,,,,Y,3,0,2,2,A,-,12,22450,A,M,D,C,A,A,H,-,C,A,0,,,,,Y,,A,01,0,2,0,0,0,0,0,0,0,"- ","- ",37.397029876708984,-121.96174621582031,"SANTA CLARA","SANTA CLARA",,
82134780,2023,2023-08-03,4316,2023-07-14,"836 ",13877,42,5,5,6,4316,0,0,0,,0,004,"WOLFE RD","MARIA LN",110.00,S,N,A,-,N,,,,,,,,,,Y,4,0,1,2,A,-,03,22350,,N,C,C,A,A,H,-,A,A,0,,,,,Y,,A,01,0,0,1,0,0,0,0,0,0,"- ","- ",,,"SANTA CLARA",SUNNYVALE,-122.01412963867188,37.355857849121094
82134809,2023,2023-08-04,4314,2023-07-22,1637,G1027,43471,6,5,6,4314,0,0,0,,0,005,"SCOTT BLVD","SAN TOMAS EXPY",0.00,,Y,A,-,N,,,,,,,,,,N,4,0,2,4,A,-,12,21453,A,N,D,C,A,A,H,-,A,A,0,,,,,Y,,A,01,0,0,2,0,0,0,0,0,0,"- ","- ",,,"SANTA CLARA","SANTA CLARA",,
82135887,2023,2023-08-04,4316,2023-07-13,2310,18930,61,4,5,6,4316,0,0,0,,0,006,"REMINGTON DRIVE","SUNNYVALE SARATOGA ROAD",40.00,E,N,A,-,N,,,,,,,,,,Y,4,0,1,2,A,-,03,22350,,N,C,C,A,A,H,-,C,A,0,,,,,Y,Y,A,01,0,0,1,0,0,0,0,0,0,"- ","- ",,,"SANTA CLARA",SUNNYVALE,-122.03205108642578,37.359001159667969
82136674,2023,2023-08-07,4316,2023-07-14,1926,18930,41,5,5,6,4316,0,0,0,,0,004,"EVELYN AVENUE","SOUTH WOLFE ROAD",73.00,E,N,A,-,N,,,,,,,,,,N,3,0,1,2,A,-,08,22107,,N,C,G,A,A,H,-,A,A,0,,Y,,,Y,,A,01,0,1,0,0,0,0,1,0,0,"- ","- ",,,"SANTA CLARA",SUNNYVALE,-122.01361083984375,37.370582580566406
82137121,2023,2023-08-07,4316,2023-06-26,2132,19833,51,1,5,6,4316,0,0,0,,0,005,"BERNARDO AVENUE","EL CAMINO REAL",145.00,S,N,A,-,N,,,,,,,,,,N,4,0,1,2,A,-,08,22107,,N,B,C,A,A,H,-,C,A,0,,,,,Y,,A,01,0,0,1,0,0,0,0,0,0,"- ","- ",,,"SANTA CLARA",SUNNYVALE,-122.05642700195312,37.373554229736328
82138127,2023,2023-08-09,4316,2023-07-17,1726,18605,41,1,5,6,4316,0,0,0,,0,004,"WOLFE RD","EVELYN AV",670.00,S,N,A,-,N,,,,,,,,,,Y,3,0,4,3,A,-,03,22350,,N,C,D,A,A,H,-,A,A,0,,,,,Y,,A,01,0,1,3,0,0,0,0,0,0,"- ","- ",,,"SANTA CLARA",SUNNYVALE,-122.01385498046875,37.368740081787109
82138150,2023,2023-08-08,4314,2023-08-05,1128,W1424,43471,6,5,6,4314,0,0,0,,0,001,"LAWRENCE EXPY","PRUNERIDGE AVE",0.00,,Y,A,-,N,,,,,,,,,,Y,2,0,1,2,A,-,09,21453,C,N,A,C,A,A,H,-,A,A,0,,,,,Y,,A,01,1,0,0,0,0,0,0,0,0,"- ","- ",37.331489562988281,-121.99559783935547,"SANTA CLARA","SANTA CLARA",,
82138269,2023,2023-08-08,4308,2023-07-08,1830,321,,6,5,5,4308,0,0,0,,0,005,"WB 237 WO MCCARTHY","MCCARTHY BLVD",0.00,,Y,A,-,Y,,,,,,,,,,N,4,0,1,2,A,-,10,21950,A,N,G,B,B,A,H,-,A,A,0,Y,,,,Y,,A,01,0,0,1,0,1,0,0,0,0,"- ","- ",37.424308776855469,-121.92327880859375,"SANTA CLARA",MILPITAS,,
82138270,2023,2023-08-08,4308,2023-07-09,1445,327,1,7,5,5,4308,0,0,0,,0,001,"GREAT MALL PKWY","GREAT MALL DR",0.00,,Y,A,-,N,,,,,,,,,,N,3,0,1,2,A,-,03,22350,,F,C,C,A,A,H,-,A,A,0,,,,,Y,,A,01,0,1,0,0,0,0,0,0,0,"- ","- ",37.414291381835938,-121.90239715576172,"SANTA CLARA",MILPITAS,,
82138271,2023,2023-08-08,4308,2023-07-14,1608,321,,5,5,5,4308,0,0,0,,0,005,"EB GREAT MALL TO SB 880","SB 880 SO GREAT MALL",0.00,,Y,A,-,Y,,,,,,,,,,Y,3,0,1,2,A,-,12,21453,A,N,D,C,A,A,H,-,A,A,0,,,,,Y,,A,01,0,1,0,0,0,0,0,0,0,"- ","- ",37.415508270263672,-121.91356658935547,"SANTA CLARA",MILPITAS,,
82138273,2023,2023-08-08,4308,2023-07-28,1324,323,,5,5,5,4308,0,0,0,,0,003,"ARIZONA AVE","MIDWICK DR",50.00,N,N,A,-,N,,,,,,,,,,Y,4,0,1,2,A,-,03,22350,,N,C,C,A,A,H,-,A,A,0,,,,,Y,,A,01,0,0,1,0,0,0,0,0,0,"- ","- ",37.499359130859375,-121.90469360351562,"SANTA CLARA",MILPITAS,-121.90460968017578,37.449275970458984
82140258,2023,2023-08-10,4314,2023-08-07,1730,R0514,43471,1,5,6,4314,0,0,0,,0,003,"HOMESTEAD RD","WASHINGTON ST",20.00,W,N,A,-,N,,,,,,,,,,N,3,0,1,2,A,-,21,22106,,N,G,B,E,A,H,-,A,D,0,Y,,,,Y,,A,01,0,1,0,0,1,0,0,0,0,"- ","- ",,,"SANTA CLARA","SANTA CLARA",-121.94412994384766,37.348827362060547
82141387,2023,2023-08-14,4314,2023-08-05,2254,F5173,43471,6,5,6,4314,0,0,0,,0,005,"CENTRAL EXPY","LAFAYETTE ST",10.00,W,N,A,-,N,,,,,,,,,,Y,2,0,1,2,A,-,03,22350,,N,C,D,A,A,H,-,C,A,0,,,,,Y,,A,01,1,0,0,0,0,0,0,0,0,"- ","- ",37.374210357666016,-121.95021820068359,"SANTA CLARA","SANTA CLARA",-121.95027160644531,37.374233245849609
82141388,2023,2023-08-14,4314,2023-08-06,"558 ",N2306,43471,7,5,6,4314,0,0,0,,0,006,"AGNEW RD","MISSION COLLEGE BLVD",260.00,N,N,A,-,N,,,,,,,,,,Y,3,0,1,1,A,-,01,23152,A,M,E,I,A,A,H,-,B,D,0,,,,,Y,Y,A,01,0,1,0,0,0,0,0,0,0,"- ","- ",37.389110565185547,-121.96962738037109,"SANTA CLARA","SANTA CLARA",-121.96945190429688,37.389835357666016
82142309,2023,2023-08-14,4316,2023-07-06,1256,16850,52,4,5,6,4316,0,0,0,,0,005,"SYDNEY DRIVE","BELFRY WAY",404.00,S,N,A,-,N,,,,,,,,,,N,2,0,1,1,A,-,03,22350,,N,H,A,A,A,H,-,A,D,0,,,,,Y,,-,99,1,0,0,0,0,0,0,0,0,"- ","- ",,,"SANTA CLARA",SUNNYVALE,-122.03457641601562,37.3499755859375
82142310,2023,2023-08-14,4316,2023-07-26,1728,16911,61,3,5,6,4316,0,0,0,,0,006,"REMINGTON DR","MANET DR",31.00,E,N,A,-,N,,,,,,,,,,Y,2,0,1,2,A,-,12,21453,A,N,D,G,A,A,H,-,A,A,0,,Y,,,Y,,A,01,1,0,0,0,0,0,1,0,0,"- ","- ",,,"SANTA CLARA",SUNNYVALE,-122.02762603759766,37.359039306640625
82142515,2023,2023-08-14,4316,2023-07-11,2117,17277,,2,5,6,4316,0,0,0,,0,002,"LAWRENCE EX","LAKEHAVEN DR",259.00,N,N,A,-,N,,,,,,,,,,Y,4,0,2,3,A,-,03,22350,,N,C,C,A,A,H,-,C,A,0,,,,,Y,,A,01,0,0,2,0,0,0,0,0,0,"- ","- ",,,"SANTA CLARA",SUNNYVALE,-121.99584197998047,37.396800994873047
82142516,2023,2023-08-14,4316,2023-07-14,1537,17098,42,5,5,6,4316,0,0,0,,0,004,"FAIR OAKS AV","IRIS AV",0.00,,Y,A,-,N,,,,,,,,,,N,3,0,1,2,A,-,03,22350,,N,G,B,B,A,H,-,A,A,0,Y,,,,Y,,A,01,0,1,0,0,1,0,0,0,0,"- ","- ",,,"SANTA CLARA",SUNNYVALE,,
82143628,2023,2023-08-15,4314,2023-07-14,2327,W5970,43471,5,5,6,4314,0,0,0,,0,006,"LICK MILL BLVD","TASMAN DR",900.00,S,N,A,-,N,,,,,,,,,,Y,2,0,1,1,A,-,01,23152,A,N,E,I,A,A,H,-,C,D,0,,,Y,,Y,Y,C,02,1,0,0,0,0,0,0,0,1,"- ","- ",37.407878875732422,-121.96044158935547,"SANTA CLARA","SANTA CLARA",-121.95908355712891,37.407539367675781
82143784,2023,2023-08-15,4308,2023-07-25,1140,269,1,2,5,5,4308,0,0,0,,0,004,"S PARK VICTORIA DR","E CALAVERAS BLVD",10.00,S,N,A,-,N,,,,,,,,,,Y,3,0,1,2,A,-,08,22107,,N,D,C,A,A,H,-,A,A,0,,,,,Y,,A,07,0,1,0,0,0,0,0,0,0,"- ","- ",37.435379028320312,-121.88430023193359,"SANTA CLARA",MILPITAS,-121.88432312011719,37.435585021972656
82143789,2023,2023-08-15,4308,2023-08-02,1204,336,,3,5,5,4308,0,0,0,,0,003,"MILPITAS BLVD","FIRETHORN ST",50.00,N,N,A,-,N,,,,,,,,,,Y,4,0,1,3,A,-,03,22350,,N,C,E,A,A,H,-,C,D,0,,,,,Y,Y,A,01,0,0,1,0,0,0,0,0,0,"- ","- ",37.460330963134766,-121.91121673583984,"SANTA CLARA",MILPITAS,-121.91232299804688,37.4600830078125
82144829,2023,2023-08-16,4314,2023-07-23,2030,W7406,43471,7,5,6,4314,0,0,0,,0,004,"EL CAMINO REAL","LAWRENCE EXPY",0.00,,Y,A,-,N,,,,,,,,,,N,4,0,2,2,A,-,03,22350,,N,C,C,A,A,H,-,C,A,0,,,,,Y,,A,01,0,0,2,0,0,0,0,0,0,"- ","- ",37.352218627929688,-121.99626922607422,"SANTA CLARA","SANTA CLARA",,
82150600,2023,2023-08-23,4314,2023-08-10,"628 ",C5706,43471,4,5,6,4314,0,0,0,,0,,"SAN TOMAS EXPY","WALSH AVE",0.00,,Y,A,-,N,,,,,,,,,,Y,3,0,1,2,A,-,12,21453,A,N,D,C,A,A,H,-,A,A,0,,,,,Y,,A,01,0,1,0,0,0,0,0,0,0,"- ","- ",37.369739532470703,-121.96547698974609,"SANTA CLARA","SANTA CLARA",,
82150610,2023,2023-08-23,4314,2023-08-13,"150 ",W5970,43471,7,5,6,4314,0,0,0,,0,004,"EL CAMINO REAL","CALABAZAS BLVD",0.00,,Y,A,-,Y,SCL,,82," "," ",13.659,H,,R,Y,2,0,1,2,A,-,01,23153,A,N,C,C,A,A,H,-,C,A,0,,,,,Y,Y,A,01,1,0,0,0,0,0,0,0,0,"- ","- ",37.352470397949219,-121.98390960693359,"SANTA CLARA","SANTA CLARA",-121.98390960693359,37.352447509765625
82154848,2023,2023-08-28,4314,2023-08-04,1804,M8600,43471,5,5,6,4314,0,0,0,,0,005,"SAN TOMAS EXPY","CABRILLO AVE",0.00,,Y,A,-,N,,,,,,,,,,N,3,0,1,2,A,-,09,21453,B,N,D,C,A,B,H,-,A,A,0,,,,,Y,,A,01,0,1,0,0,0,0,0,0,0,"- ","- ",37.358871459960938,-121.96852111816406,"SANTA CLARA","SANTA CLARA",,