CASE_ID,ACCIDENT_YEAR,PROC_DATE,JURIS,COLLISION_DATE,COLLISION_TIME,OFFICER_ID,REPORTING_DISTRICT,DAY_OF_WEEK,CHP_SHIFT,POPULATION,CNTY_CITY_LOC,SPECIAL_COND,BEAT_TYPE,CHP_BEAT_TYPE,CITY_DIVISION_LAPD,CHP_BEAT_CLASS,BEAT_NUMBER,PRIMARY_RD,SECONDARY_RD,DISTANCE,DIRECTION,INTERSECTION,WEATHER_1,WEATHER_2,STATE_HWY_IND,CALTRANS_COUNTY,CALTRANS_DISTRICT,STATE_ROUTE,ROUTE_SUFFIX,POSTMILE_PREFIX,POSTMILE,LOCATION_TYPE,RAMP_INTERSECTION,SIDE_OF_HWY,TOW_AWAY,COLLISION_SEVERITY,NUMBER_KILLED,NUMBER_INJURED,PARTY_COUNT,PRIMARY_COLL_FACTOR,PCF_CODE_OF_VIOL,PCF_VIOL_CATEGORY,PCF_VIOLATION,PCF_VIOL_SUBSECTION,HIT_AND_RUN,TYPE_OF_COLLISION,MVIW,PED_ACTION,ROAD_SURFACE,ROAD_COND_1,ROAD_COND_2,LIGHTING,CONTROL_DEVICE,CHP_ROAD_TYPE,PEDESTRIAN_ACCIDENT,BICYCLE_ACCIDENT,MOTORCYCLE_ACCIDENT,TRUCK_ACCIDENT,NOT_PRIVATE_PROPERTY,ALCOHOL_INVOLVED,STWD_VEHTYPE_AT_FAULT,CHP_VEHTYPE_AT_FAULT,COUNT_SEVERE_INJ,COUNT_VISIBLE_INJ,COUNT_COMPLAINT_PAIN,COUNT_PED_KILLED,COUNT_PED_INJURED,COUNT_BICYCLIST_KILLED,COUNT_BICYCLIST_INJURED,COUNT_MC_KILLED,COUNT_MC_INJURED,PRIMARY_RAMP,SECONDARY_RAMP,LATITUDE,LONGITUDE,COUNTY,CITY,POINT_X,POINT_Y
91707637,2022,2022-02-24,9340,2022-01-30,2120,022666,,7,2,7,4313,0,1,1,,2,681,"I-680 S/B","CAPITOL AVE",371.00,S,N,A,-,Y,SCL,,680,,M,5.002,H,,L,N,3,0,1,2,A,-,03,22350,,F,C,C,A,A,H,-,D,D,0,,,,,Y,,A,01,0,1,0,0,0,0,0,0,0,"- ","- ",37.398029327392578,-121.87548828125,"SANTA CLARA","SAN JOSE",-121.87548828125,37.398029327392578
91707688,2022,2022-02-24,9340,2022-02-22,2325,022618,,2,3,7,4313,0,1,3,,2,083,"SR-85 S/B","COTTLE RD",4800.00,N,N,A,-,Y,SCL,,85,,,2.880,H,,L,Y,2,0,2,2,A,-,01,23152,A,F,C,2,A,A,H,-,D,D,0,,,,,Y,Y,A,08,1,1,0,0,0,0,0,0,0,"- ","- ",37.243320465087891,-121.82038879394531,"SANTA CLARA","SAN JOSE",-121.82039642333984,37.243305206298828
91707731,2022,2022-02-24,9340,2022-02-13,0130,022618,,7,3,6,4316,0,1,2,,2,120,"US-101 N/B TO LAWRENCE EXPRESSWAY","LAWRENCE EXPY",280.00,S,N,A,-,Y,,,,,,,,,,Y,3,0,1,1,A,-,01,23152,A,N,E,I,A,A,H,-,D,A,0,,,,,Y,Y,A,01,0,1,0,0,0,0,0,0,0,"- ","- ",37.391429901123047,-121.99484252929688,"SANTA CLARA",SUNNYVALE,-121.99484252929688,37.391429901123047
91707774,2022,2022-02-24,9330,2022-02-14,0700,021979,,1,1,5,4311,0,1,2,,2,078,"US-101 NB","ELLIS STREET",1000.00,S,N,B,-,Y,SCL,,101,,,46.593,H,,R,Y,4,0,1,2,A,-,03,22350,,N,C,C,A,A,H,-,A,D,0,,,,,Y,,A,01,0,0,1,0,0,0,0,0,0,"- ","- ",37.402530670166016,-122.04363250732422,"SANTA CLARA","MOUNTAIN VIEW",-122.04363250732422,37.402519226074219
91708116,2022,2022-02-24,9340,2022-02-13,1410,022697,,7,2,9,4300,0,1,3,,2,009,"SR-9 S/B",SR-35,2325.00,N,N,A,-,Y,SCL,,9,,,0.798,H,,L,N,3,0,1,2,A,-,03,22350,,N,A,C,A,A,H,-,A,D,0,,,Y,,Y,,C,02,0,1,0,0,0,0,0,0,1,"- ","- ",37.260440826416016,-122.11274719238281,"SANTA CLARA",UNINCORPORATED,-122.11273193359375,37.260395050048828
91708211,2022,2022-02-24,9340,2022-02-13,1115,022635,,7,1,7,4313,0,1,2,,2,110,"US-101 N/B","TULLY ROAD",2250.00,S,N,A,-,Y,SCL,,101,,,32.599,H,,R,Y,4,0,2,2,A,-,03,22350,,N,C,C,A,A,H,-,A,D,0,,,,,Y,,A,01,0,0,2,0,0,0,0,0,0,"- ","- ",37.313591003417969,-121.8265380859375,"SANTA CLARA","SAN JOSE",-121.82661437988281,37.313545227050781
91708246,2022,2022-02-24,9340,2022-02-17,1410,021560,,4,2,5,4308,0,1,1,,2,089,"I-880 S/B",SR-237,4600.00,N,N,A,-,Y,SCL,,880,,,9.312,H,,L,N,4,0,2,2,A,-,03,22350,,N,C,C,A,A,H,-,A,D,0,,,,,Y,,A,01,0,0,2,0,0,0,0,0,0,"- ","- ",37.438270568847656,-121.91992950439453,"SANTA CLARA",MILPITAS,-121.91991424560547,37.438270568847656
91709630,2022,2022-02-25,9340,2022-02-15,0815,021624,,2,1,7,4313,0,1,3,,2,240,"SR-237 E/B FROM ZANKER RD N/B","ZANKER RD",200.00,E,N,A,-,Y,,,,,,,,,,Y,4,0,1,1,A,-,03,22350,,N,E,I,A,A,H,-,A,D,0,,,,,Y,,A,01,0,0,1,0,0,0,0,0,0,"- ","- ",37.420028686523438,-121.93907928466797,"SANTA CLARA","SAN JOSE",-121.93907928466797,37.420028686523438
91709893,2022,2023-01-06,9340,2022-02-12,1815,022685,,6,2,7,4313,0,1,2,,2,110,"US-101 S/B","STORY ROAD",795.00,S,N,A,-,Y,SCL,,101,,,34.398,H,,L,Y,3,0,1,2,A,-,08,22107,,N,B,C,A,A,H,-,D,D,0,,,,,Y,,A,07,0,1,0,0,0,0,0,0,0,"- ","- ",37.334060668945312,-121.84690856933594,"SANTA CLARA","SAN JOSE",-121.84685516357422,37.334091186523438
91709951,2022,2022-02-25,9340,2022-02-18,1725,020921,,5,2,7,4313,0,1,1,,2,089,"I-880 S/B","BROKAW ROAD",2600.00,S,N,A,-,Y,SCL,,880,,,4.793,H,,L,N,4,0,1,3,A,-,03,22350,,N,C,C,A,A,H,-,A,D,0,,,,,Y,,A,07,0,0,1,0,0,0,0,0,0,"- ","- ",37.374351501464844,-121.90268707275391,"SANTA CLARA","SAN JOSE",-121.90267181396484,37.374351501464844
91711404,2022,2022-02-28,9340,2022-02-15,1530,020684,,2,2,4,4307,0,1,3,,2,085,"SR-85 S/B",SR-17,100.00,N,N,A,-,Y,SCL,,85,,R,10.525,H,,L,N,4,0,1,2,A,-,03,22350,,N,C,2,A,A,H,-,A,D,0,,,,,Y,,D,22,0,0,1,0,0,0,0,0,0,"- ","- ",37.255580902099609,-121.95661926269531,"SANTA CLARA","LOS GATOS",-121.95651245117188,37.255775451660156
91711465,2022,2022-02-28,9340,2022-02-15,1640,020684,,2,2,9,4300,0,1,3,,2,009,"REDWOOD GULCH RD",SR-9,245.00,W,N,A,-,Y,,,,,,,,,,N,3,0,1,2,A,-,03,22350,,N,B,G,A,A,E,-,A,A,0,,Y,,,Y,,A,07,0,1,0,0,0,0,1,0,0,"- ","- ",37.258289337158203,-122.09481048583984,"SANTA CLARA",UNINCORPORATED,-122.09461212158203,37.258228302001953
91711506,2022,2022-02-28,9340,2022-02-16,1525,022688,,3,2,7,4313,0,1,1,,2,281,"I-280 N/B","7TH ST",1200.00,N,N,A,-,Y,SCL,,280,,R,1.734,H,,R,Y,4,0,1,2,A,-,03,22350,,N,D,C,A,A,H,-,A,D,0,,,,,Y,,A,01,0,0,1,0,0,0,0,0,0,"- ","- ",37.327720642089844,-121.87889862060547,"SANTA CLARA","SAN JOSE",-121.87889099121094,37.327682495117188
91711620,2022,2022-02-28,9725,2022-02-09,0450,019217,,3,3,9,4300,0,2,4,,1,018,"FERGUSON ROAD",SR-152,528.00,N,N,A,-,N,,,,,,,,,,Y,4,0,1,1,A,-,08,22107,,N,E,I,A,A,H,-,D,D,0,,,,,Y,,A,01,0,0,1,0,0,0,0,0,0,"- ","- ",37.011940002441406,-121.51682281494141,"SANTA CLARA",UNINCORPORATED,-121.51644134521484,37.011238098144531
91712000,2022,2022-03-01,9340,2022-02-16,1600,020684,,3,2,9,4300,0,1,3,,2,009,"SR-9 N/B","HEATHER HEIGHTS PL",170.00,N,N,A,-,Y,SCL,,9,,,0.451,H,,R,Y,4,0,1,1,A,-,03,22350,,N,F,A,A,A,H,-,A,D,0,,,Y,,Y,,C,02,0,0,1,0,0,0,0,0,1,"- ","- ",37.256858825683594,-122.1156005859375,"SANTA CLARA",UNINCORPORATED,-122.11564636230469,37.256847381591797
91712184,2022,2022-03-01,9340,2022-02-19,1500,022322,,6,2,6,4316,0,1,2,,2,120,"US-101 SB TO 237 EB",SR-237,290.00,S,N,A,-,Y,,,,,,,,,,N,3,0,1,1,A,-,03,22350,,N,E,I,A,A,H,-,A,D,0,,,,,Y,,A,01,0,1,0,0,0,0,0,0,0,"- ","- ",37.400100708007812,-122.03513336181641,"SANTA CLARA",SUNNYVALE,-122.03513336181641,37.400100708007812
91712940,2022,2022-03-02,9725,2022-02-19,2018,021304,,6,2,9,4300,0,1,3,,1,160,SR-152,"LOVERS LANE",1056.00,W,N,A,-,Y,SCL,,152,,R,16.836,H,,R,Y,2,0,1,1,A,-,01,23152,A,M,F,A,A,A,H,-,D,D,0,,,,,Y,Y,A,08,1,0,0,0,0,0,0,0,0,"- ","- ",36.987529754638672,-121.45806121826172,"SANTA CLARA",UNINCORPORATED,-121.45809173583984,36.987663269042969
91712963,2022,2022-03-02,9340,2022-02-12,0400,022601,,6,3,9,4300,0,1,3,,2,171,"SR-17 S/B",SR-9,7400.00,S,N,A,-,Y,SCL,,17,,,5.596,H,,L,Y,4,0,1,1,A,-,08,22107,,N,E,I,A,A,H,-,D,D,0,,,,,Y,,A,01,0,0,1,0,0,0,0,0,0,"- ","- ",37.210891723632812,-121.98989105224609,"SANTA CLARA",UNINCORPORATED,-121.98990631103516,37.210895538330078
91713212,2022,2022-03-02,9340,2022-02-21,0125,022644,,1,3,7,4313,0,1,2,,2,110,"US-101 NORTHBOUND","CAPITOL EXPRESSWAY",105.00,N,N,A,-,Y,,,,,,,,,,Y,2,0,2,1,A,-,01,23152,A,N,E,I,A,A,H,-,C,D,0,,,,,Y,Y,A,07,1,1,0,0,0,0,0,0,0,"- ","- ",37.303779602050781,-121.81665802001953,"SANTA CLARA","SAN JOSE",-121.81692504882812,37.303520202636719
91713327,2022,2022-03-02,9340,2022-02-21,1910,021348,,1,2,7,4313,0,1,3,,2,083,"SR-85 S/B","SANTA TERESA BLVD",3500.00,S,N,A,-,Y,,,,,,,,,,Y,2,0,4,2,A,-,03,22350,,N,C,2,A,A,C,-,D,D,0,,,,,Y,,A,01,1,0,3,0,0,0,0,0,0,"- ","- ",37.151729583740234,-121.50485229492188,"SANTA CLARA","SAN JOSE",-121.85901641845703,37.255329132080078
91714210,2022,2022-03-03,9330,2022-02-22,1040,022768,,2,1,5,4311,0,1,3,,2,075,"US-101 N/B","RENGSTROFF AVE",1000.00,S,N,B,-,Y,SCL,,101,,,49.419,H,,R,Y,4,0,1,2,A,-,08,22107,,N,D,C,A,A,H,-,A,D,0,,,,,Y,,A,01,0,0,1,0,0,0,0,0,0,"- ","- ",37.419158935546875,-122.08982086181641,"SANTA CLARA","MOUNTAIN VIEW",-122.08978271484375,37.419189453125
91714235,2022,2022-03-03,9725,2022-02-22,0738,022777,,2,1,9,4300,0,1,3,,2,085,"SR-85 N/B","COTTLE ROAD",2640.00,S,N,B,-,Y,SCL,,85,,,1.366,H,,R,N,3,0,2,3,A,-,03,22350,,N,C,C,A,A,H,-,A,D,0,,,,,Y,,A,01,0,1,1,0,0,0,0,0,0,"- ","- ",37.240409851074219,-121.79347229003906,"SANTA CLARA",UNINCORPORATED,-121.79350280761719,37.240333557128906
91714290,2022,2022-03-03,9340,2022-02-21,2320,022315,,1,3,5,4308,0,1,1,,2,089,"I-880 S/B","DIXON LANDING RD",4000.00,S,N,C,-,Y,SCL,,880,,,9.660,H,,L,N,4,0,2,1,A,-,08,22107,,N,E,I,A,B,H,-,D,D,0,,,,,Y,,A,01,0,0,2,0,0,0,0,0,0,"- ","- ",37.44329833984375,-121.92082977294922,"SANTA CLARA",MILPITAS,-121.92095184326172,37.443283081054688
91715076,2022,2022-03-04,9340,2022-02-20,0115,022680,,7,3,7,4313,0,1,2,,2,110,"US-101 N/B","TULLY RD",1000.00,S,N,A,-,Y,SCL,,101,,,32.214,H,,R,Y,4,0,1,2,A,-,03,22350,,F,C,C,A,A,H,-,D,D,0,,,,,Y,,A,01,0,0,1,0,0,0,0,0,0,"- ","- ",37.309200286865234,-121.82225036621094,"SANTA CLARA","SAN JOSE",-121.82236480712891,37.309135437011719
91715270,2022,2022-03-04,9725,2022-02-28,1615,021618,,1,2,9,4300,0,3,5,,2,003,"MADRONE AVENUE","DOUGHERTY AVENUE",0.00,,Y,A,-,N,,,,,,,,,,Y,4,0,3,3,A,-,09,21802,A,N,D,C,A,A,H,-,A,A,0,,,,,Y,,A,07,0,0,3,0,0,0,0,0,0,"- ","- ",37.160488128662109,-121.68657684326172,"SANTA CLARA",UNINCORPORATED,-121.68657684326172,37.160476684570312
91715395,2022,2022-03-04,9725,2022-02-26,0135,021774,,6,3,9,4300,0,1,3,,1,170,"SR-152 W/B","CASA DE FRUTA PARKWAY",528.00,W,N,A,-,Y,SCL,,152,,R,23.349,H,,L,Y,3,0,1,2,A,-,08,22107,,M,B,C,A,A,H,-,D,D,0,,,,Y,Y,,A,01,0,1,0,0,0,0,0,0,0,"- ","- ",36.987438201904297,-121.38482666015625,"SANTA CLARA",UNINCORPORATED,-121.38475799560547,36.987434387207031
91715508,2022,2022-03-04,9340,2022-02-22,1458,022759,,2,2,7,4313,0,1,1,,2,088,I-880,"BASCOM AVE",200.00,N,N,A,-,Y,,,,,,,,,,Y,4,0,1,1,A,-,03,22350,,N,E,I,A,A,H,-,A,A,0,,,,,Y,,A,01,0,0,1,0,0,0,0,0,0,"- ","- ",37.334548950195312,-121.93562316894531,"SANTA CLARA","SAN JOSE",-121.93582153320312,37.334804534912109
91715587,2022,2022-03-04,9725,2022-02-28,1840,021618,,1,2,9,4300,0,1,3,,1,130,"SR-25 SOUTHBOUND","BLOOMFIELD AVENUE",1584.00,N,N,A,-,Y,SCL,,25,,,2.013,H,,L,N,4,0,2,2,A,-,03,22350,,N,C,C,A,A,H,-,C,D,0,,,,,Y,,A,01,0,0,2,0,0,0,0,0,0,"- ","- ",36.962360382080078,-121.54221343994141,"SANTA CLARA",UNINCORPORATED,-121.54219818115234,36.962451934814453
91715606,2022,2022-03-04,9340,2022-02-23,1104,022806,,3,1,7,4313,0,1,1,,2,088,"I-880 S/B TO I-280 N/B",WINCHESTER,1584.00,S,N,A,-,Y,SCL,,280,,L,5.674,H,,R,Y,3,0,1,1,A,-,08,22107,,N,E,8,A,A,H,-,A,D,0,,,,,Y,,A,01,0,1,0,0,0,0,0,0,0,"- ","- ",37.317211151123047,-121.94509887695312,"SANTA CLARA","SAN JOSE",-121.94509124755859,37.317085266113281
91715626,2022,2022-03-04,9340,2022-02-24,0910,020208,,4,1,5,4308,0,1,1,,2,089,"I-880 S/B","CALAVERAS BLVD.",4224.00,N,N,A,-,Y,SCL,,880,,,9.231,H,,L,Y,4,0,1,3,A,-,03,22350,,N,C,C,A,A,H,-,A,D,0,,,,Y,Y,,F,26,0,0,1,0,0,0,0,0,0,"- ","- ",37.437091827392578,-121.91982269287109,"SANTA CLARA",MILPITAS,-121.91972351074219,37.437099456787109
91715789,2022,2022-03-07,9340,2022-02-25,1710,022803,,5,2,6,4314,0,1,2,,2,120,"US-101 S/B","SAN TOMAS EXPY",80.00,S,N,A,-,Y,,,,,,,,,,Y,4,0,1,2,A,-,01,23152,A,N,C,C,A,A,H,-,A,D,0,,,,,Y,Y,A,01,0,0,1,0,0,0,0,0,0,"- ","- ",37.225440979003906,-121.57486724853516,"SANTA CLARA","SANTA CLARA",-121.96375274658203,37.381698608398438
91715976,2022,2022-03-07,9330,2022-02-17,1250,022101,,4,1,5,4311,0,1,2,,2,078,"US-101 N/B","RENGSTORFF AVENUE",300.00,S,N,A,-,Y,SCL,,101,,,49.282,H,,R,Y,4,0,1,4,A,-,03,22350,,M,C,C,A,A,H,-,A,D,0,,,,,Y,,A,07,0,0,1,0,0,0,0,0,0,"- ","- ",37.417770385742188,-122.08793640136719,"SANTA CLARA","MOUNTAIN VIEW",-122.08789825439453,37.417804718017578
91716250,2022,2022-03-07,9340,2022-02-23,0010,022666,,3,3,5,4308,0,1,1,,2,089,"I-880 S/B","CALAVERAS BLVD",2102.00,N,N,A,-,Y,SCL,,880,,,8.656,H,,R,Y,2,0,1,2,A,-,01,23152,A,N,C,C,A,A,H,-,D,D,0,,,,Y,Y,Y,A,01,1,0,0,0,0,0,0,0,0,"- ","- ",37.428920745849609,-121.91776275634766,"SANTA CLARA",MILPITAS,-121.91775512695312,37.428920745849609
91716349,2022,2022-03-07,9340,2022-02-23,1420,022686,,3,2,9,4300,0,3,5,,2,020,"ROSE AVE","DALE AVE",0.00,,Y,A,-,N,,,,,,,,,,N,3,0,1,2,A,-,09,21802,A,N,D,C,A,A,H,-,A,A,0,,,,,Y,,A,07,0,1,0,0,0,0,0,0,0,"- ","- ",37.366798400878906,-121.82408142089844,"SANTA CLARA",UNINCORPORATED,-121.82402038574219,37.366767883300781
91716492,2022,2022-03-07,9340,2022-02-22,0715,022332,,2,1,9,4300,0,1,3,,2,171,"SR-17 S/B","SUMMIT RD",375.00,S,N,B,-,Y,SCL,,17,,,0.025,H,,L,Y,3,0,3,2,A,-,03,22350,,N,C,C,A,B,H,-,A,D,0,,,,,Y,,A,01,0,1,2,0,0,0,0,0,0,"- ","- ",37.144420623779297,-121.98480224609375,"SANTA CLARA",UNINCORPORATED,-121.98470306396484,37.144401550292969
91716772,2022,2022-03-07,9340,2022-02-20,1610,022594,,7,2,9,4300,0,3,5,,2,010,"TALMADGE AVE.","ALUM ROCK AVE",23.00,N,N,A,-,N,,,,,,,,,,Y,2,0,2,4,A,-,01,23152,A,N,C,C,A,A,H,-,B,A,0,,,,,Y,Y,A,07,1,1,0,0,0,0,0,0,0,"- ","- ",37.368099212646484,-121.82599639892578,"SANTA CLARA",UNINCORPORATED,-121.82611083984375,37.368106842041016
91716811,2022,2022-03-07,9340,2022-02-25,1848,021560,,5,2,7,4313,0,1,1,,2,281,"I-280 S/B","MERIDIAN AVE",550.00,N,N,A,-,Y,SCL,,280,,R,4.107,H,,L,N,4,0,1,3,A,-,03,22350,,N,C,C,A,A,H,-,D,D,0,,,,,Y,,A,01,0,0,1,0,0,0,0,0,0,"- ","- ",37.315971374511719,-121.91692352294922,"SANTA CLARA","SAN JOSE",-121.91690826416016,37.315982818603516
91716900,2022,2022-03-07,9340,2022-02-25,2110,021885,,5,2,5,4308,0,1,1,,2,089,"I-880 N/B","DIXON LANDING RD",4752.00,S,N,A,-,Y,SCL,,880,,,9.513,H,,R,Y,4,0,2,3,A,-,01,23152,A,N,C,C,A,A,H,-,D,D,0,,,,,Y,Y,A,01,0,0,2,0,0,0,0,0,0,"- ","- ",37.441211700439453,-121.92022705078125,"SANTA CLARA",MILPITAS,-121.92023468017578,37.441207885742188
91717076,2022,2022-03-07,9725,2022-02-24,2045,022827,,4,2,9,4300,0,1,2,,2,011,"US-101 S/B","BUENA VISTA AVE.",802.00,N,N,A,-,Y,SCL,,101,,R,9.277,H,,L,Y,3,0,1,1,C,-,18,,,N,E,J,A,A,H,-,B,D,0,,,,,Y,,-,"- ",0,1,0,0,0,0,0,0,0,"- ","- ",37.045738220214844,-121.57881164550781,"SANTA CLARA",UNINCORPORATED,-121.57884216308594,37.045730590820312
91717450,2022,2022-03-08,9725,2022-03-02,0530,022111,,3,3,9,4300,0,1,2,,2,012,"US-101 NB","TENNANT AVE",2640.00,S,N,A,-,Y,SCL,,101,,R,14.244,H,,R,Y,3,0,2,2,A,-,03,22350,,N,C,C,A,A,H,-,D,D,0,,,,,Y,,A,01,0,1,1,0,0,0,0,0,0,"- ","- ",37.109580993652344,-121.61776733398438,"SANTA CLARA",UNINCORPORATED,-121.61768341064453,37.109645843505859
91718157,2022,2022-03-08,9725,2022-02-27,1210,022777,,7,1,9,4300,0,1,2,,1,010,"US 101 N/B",SR-25,10560.00,S,N,A,-,Y,SCL,,101,,R,0.927,H,,R,N,3,0,3,3,A,-,03,22350,,N,C,C,A,A,H,-,A,D,0,,,,,Y,,D,22,0,2,1,0,0,0,0,0,0,"- ","- ",36.930210113525391,-121.54843139648438,"SANTA CLARA",UNINCORPORATED,-121.54842376708984,36.930213928222656
91718675,2022,2022-03-09,9340,2022-02-28,1539,022803,,1,2,7,4313,0,2,S,,2,901,"MCABEE ROAD E/B","ALMADEN EXPY",35.00,W,N,A,-,N,,,,,,,,,,N,4,0,1,2,A,-,08,22107,,N,C,C,A,A,H,-,A,A,0,,,,,Y,,A,01,0,0,1,0,0,0,0,0,0,"- ","- ",37.236148834228516,-121.87346649169922,"SANTA CLARA","SAN JOSE",-121.87333679199219,37.236217498779297
91719082,2022,2022-03-09,9340,2022-03-04,1625,022680,,5,2,5,4308,0,1,1,,2,681,"I-680 S/B","JACKLIN RD",50.00,S,N,A,-,Y,,,,,,,,,,N,4,0,1,3,A,-,03,22350,,N,C,C,A,A,H,-,A,D,0,,,,,Y,,A,07,0,0,1,0,0,0,0,0,0,"- ","- ",37.44580078125,-121.12188720703125,"SANTA CLARA",MILPITAS,-121.89156341552734,37.447887420654297
91719413,2022,2022-03-10,9340,2022-03-04,1110,022478,,5,1,4,4315,0,1,3,,2,085,"SR-85 S/B","QUITO RD",900.00,S,N,A,-,Y,SCL,,85,,R,13.002,H,,L,Y,4,0,1,2,A,-,03,22350,,N,C,C,A,A,H,-,A,D,0,,,,,Y,,A,01,0,0,1,0,0,0,0,0,0,"- ","- ",37.272060394287109,-121.99622344970703,"SANTA CLARA",SARATOGA,-121.9962158203125,37.272060394287109
91719536,2022,2022-03-10,9725,2022-03-03,0437,021660,,4,3,9,4300,0,1,3,,1,170,"SR-152 W/B","EL TORO",528.00,E,N,A,-,Y,SCL,,152,,,31.019,H,,L,Y,2,0,3,2,A,-,08,22107,,N,C,E,A,A,H,-,D,D,0,,,,,Y,,A,01,1,0,2,0,0,0,0,0,0,"- ","- ",37.046730041503906,-121.27873992919922,"SANTA CLARA",UNINCORPORATED,-121.27873992919922,37.046714782714844
91719803,2022,2022-03-10,9340,2022-03-03,0820,022758,,4,1,7,4313,0,1,1,,2,681,"I-680 S/B","ALUM ROCK AVE",80.00,S,N,B,-,Y,SCL,,680,,M,1.700,H,,L,Y,4,0,1,3,A,-,03,22350,,N,C,C,A,A,H,-,A,D,0,,,,,Y,,A,08,0,0,1,0,0,0,0,0,0,"- ","- ",37.359031677246094,-121.84111785888672,"SANTA CLARA","SAN JOSE",-121.84090423583984,37.359111785888672
91719804,2022,2022-03-10,9340,2022-03-08,0830,018333,,2,1,7,4313,0,1,2,,2,110,"US 101 N/B","HELLYER AVE",300.00,N,N,A,-,Y,SCL,,101,,,30.484,H,,R,N,4,0,1,3,A,-,03,22350,,N,C,C,A,A,H,-,A,D,0,,,,,Y,,A,07,0,0,1,0,0,0,0,0,0,"- ","- ",37.287311553955078,-121.80950927734375,"SANTA CLARA","SAN JOSE",-121.80941009521484,37.287315368652344
91719976,2022,2022-03-10,9340,2022-03-05,1745,021885,,6,2,6,4316,0,1,3,,2,220,"SR-237 W/B","MATHILDA AVE",200.00,E,N,A,-,Y,SCL,,237,,,3.061,H,,L,Y,3,0,1,2,A,-,08,22107,,N,C,C,A,A,H,-,A,D,0,,,,,Y,,A,01,0,1,0,0,0,0,0,0,0,"- ","- ",37.403438568115234,-122.02567291259766,"SANTA CLARA",SUNNYVALE,-122.02566528320312,37.403411865234375
91720018,2022,2022-03-10,9340,2022-02-26,1335,022322,,6,1,6,4316,0,1,2,,2,120,"US-101 NB TO LAWRENCE EXPY","LAWRENCE EXPY",370.00,S,N,A,-,Y,,,,,,,,,,N,4,0,2,2,A,-,08,22107,,N,B,C,A,A,H,-,A,D,0,,,,,Y,,A,01,0,0,2,0,0,0,0,0,0,"- ","- ",37.391231536865234,-121.99443054199219,"SANTA CLARA",SUNNYVALE,-121.99443054199219,37.391231536865234
91720596,2022,2022-03-11,9340,2022-03-08,0730,018665,,2,1,4,4307,0,1,3,,2,083,"SR-85 N/B",SR-17,655.00,S,N,A,-,Y,SCL,,85,,R,10.951,H,,R,Y,4,0,1,3,A,-,03,22350,,N,C,C,A,A,H,-,A,D,0,,,,,Y,,-,"- ",0,0,1,0,0,0,0,0,0,"- ","- ",37.258460998535156,-121.96343994140625,"SANTA CLARA","LOS GATOS",-121.96343231201172,37.258472442626953
91720864,2022,2022-03-11,9340,2022-03-08,1505,021348,,2,2,7,4313,0,1,3,,2,083,"SR-85 S/B","UNION AVE",40.00,N,N,A,-,Y,,,,,,,,,,N,4,0,1,3,A,-,03,22350,,N,C,C,A,A,H,-,A,D,0,,,,,Y,,A,01,0,0,1,0,0,0,0,0,0,"- ","- ",37.153141021728516,-121.55538177490234,"SANTA CLARA","SAN JOSE",-121.93143463134766,37.250812530517578
91720899,2022,2022-03-16,9340,2022-03-09,0900,014896,,3,1,6,4316,0,1,3,,2,085,"SR-85 N/B","THE DALLES AVE PED O/C",991.00,N,N,A,-,Y,SCL,,85,,R,19.552,H,,R,Y,3,0,2,4,A,-,03,22350,,N,C,C,A,A,H,-,A,D,0,,,,,Y,,A,07,0,1,1,0,0,0,0,0,0,"- ","- ",37.347488403320312,-122.05964660644531,"SANTA CLARA",SUNNYVALE,-122.05976867675781,37.347488403320312
91721116,2022,2022-03-11,9725,2022-03-05,1438,021304,,6,2,9,4300,0,1,3,,1,170,"SR-152 E/B","EL TORO",1056.00,E,N,A,-,Y,SCL,,152,,,31.407,H,,R,Y,4,0,2,3,A,-,03,22350,,N,C,C,A,B,H,-,A,D,0,,,,,Y,,A,07,0,0,2,0,0,0,0,0,0,"- ","- ",37.045101165771484,-121.27211761474609,"SANTA CLARA",UNINCORPORATED,-121.27211761474609,37.044940948486328