CASE_ID,ACCIDENT_YEAR,PROC_DATE,JURIS,COLLISION_DATE,COLLISION_TIME,OFFICER_ID,REPORTING_DISTRICT,DAY_OF_WEEK,CHP_SHIFT,POPULATION,CNTY_CITY_LOC,SPECIAL_COND,BEAT_TYPE,CHP_BEAT_TYPE,CITY_DIVISION_LAPD,CHP_BEAT_CLASS,BEAT_NUMBER,PRIMARY_RD,SECONDARY_RD,DISTANCE,DIRECTION,INTERSECTION,WEATHER_1,WEATHER_2,STATE_HWY_IND,CALTRANS_COUNTY,CALTRANS_DISTRICT,STATE_ROUTE,ROUTE_SUFFIX,POSTMILE_PREFIX,POSTMILE,LOCATION_TYPE,RAMP_INTERSECTION,SIDE_OF_HWY,TOW_AWAY,COLLISION_SEVERITY,NUMBER_KILLED,NUMBER_INJURED,PARTY_COUNT,PRIMARY_COLL_FACTOR,PCF_CODE_OF_VIOL,PCF_VIOL_CATEGORY,PCF_VIOLATION,PCF_VIOL_SUBSECTION,HIT_AND_RUN,TYPE_OF_COLLISION,MVIW,PED_ACTION,ROAD_SURFACE,ROAD_COND_1,ROAD_COND_2,LIGHTING,CONTROL_DEVICE,CHP_ROAD_TYPE,PEDESTRIAN_ACCIDENT,BICYCLE_ACCIDENT,MOTORCYCLE_ACCIDENT,TRUCK_ACCIDENT,NOT_PRIVATE_PROPERTY,ALCOHOL_INVOLVED,STWD_VEHTYPE_AT_FAULT,CHP_VEHTYPE_AT_FAULT,COUNT_SEVERE_INJ,COUNT_VISIBLE_INJ,COUNT_COMPLAINT_PAIN,COUNT_PED_KILLED,COUNT_PED_INJURED,COUNT_BICYCLIST_KILLED,COUNT_BICYCLIST_INJURED,COUNT_MC_KILLED,COUNT_MC_INJURED,PRIMARY_RAMP,SECONDARY_RAMP,LATITUDE,LONGITUDE,COUNTY,CITY,POINT_X,POINT_Y
91818355,2022,2022-07-15,9340,2022-07-04,2121,022806,,1,2,7,4313,0,1,2,,2,110,"US-101 S/B","CAPITOL EXPY",1000.00,N,N,A,-,Y,SCL,,101,,,31.992,H,,L,N,3,0,1,2,A,-,07,21658,A,N,C,C,A,A,H,-,C,D,0,,,,,Y,,A,01,0,1,0,0,0,0,0,0,0,"- ","- ",37.306419372558594,-121.82015228271484,"SANTA CLARA","SAN JOSE",-121.82012939453125,37.306434631347656
91819090,2022,2022-07-18,9330,2022-07-07,1522,022954,,4,2,5,4311,0,1,2,,2,078,"SR-85 S/B FROM US-101 S/B","SHORELINE BLVD",1300.00,S,N,A,-,Y,SCL,,101,,,48.332,H,,L,N,4,0,1,2,A,-,07,21658,A,M,B,C,A,A,H,-,A,D,0,,,,,Y,,A,07,0,0,1,0,0,0,0,0,0,"- ","- ",37.409881591796875,-122.07388305664062,"SANTA CLARA","MOUNTAIN VIEW",-122.07377624511719,37.410030364990234
91820114,2022,2022-07-19,9340,2022-07-07,1550,021885,,4,2,7,4313,0,1,2,,2,120,"US-101 N/B",I-880,285.00,N,N,A,-,Y,,,,,,,,,,Y,3,0,1,1,A,-,08,22107,,N,E,I,A,A,H,-,A,D,0,,,,,Y,,A,01,0,1,0,0,0,0,0,0,0,"- ","- ",37.365009307861328,-121.90278625488281,"SANTA CLARA","SAN JOSE",-121.90293121337891,37.364662170410156
91820326,2022,2022-07-19,9340,2022-07-08,1618,021885,,5,2,7,4313,0,1,2,,2,120,"US-101 S/B","OLD OAKLAND RD",1000.00,N,N,A,-,Y,SCL,,101,,,37.923,H,,L,Y,3,0,1,2,A,-,03,22350,,N,C,C,A,A,H,-,A,D,0,,,,,Y,,A,01,0,1,0,0,0,0,0,0,0,"- ","- ",37.363189697265625,-121.89508056640625,"SANTA CLARA","SAN JOSE",-121.89507293701172,37.363243103027344
91820365,2022,2022-07-19,9340,2022-07-08,1925,022756,,5,2,7,4313,0,1,2,,2,110,"US-101 S/B TO SANTA CLARA STREET","SANTA CLARA ST",20.00,N,N,A,-,Y,,,,,,,,,,Y,4,0,1,2,A,-,03,22350,,F,C,C,A,A,H,-,A,A,0,,,,,Y,,A,01,0,0,1,0,0,0,0,0,0,"- ","- ",37.349910736083984,-121.86241912841797,"SANTA CLARA","SAN JOSE",-121.86241912841797,37.349910736083984
91820611,2022,2022-07-19,9340,2022-07-07,1300,022877,,4,1,6,4314,1,3,5,,2,060,"HOPE DR, 1600 BLOCK","LAFAYETTE ST.",1183.00,E,N,A,-,N,,,,,,,,,,N,3,0,1,2,A,-,03,22350,,N,C,E,A,A,H,-,A,A,0,,,,,Y,,A,01,0,1,0,0,0,0,0,0,0,"- ","- ",37.399429321289062,-121.95696258544922,"SANTA CLARA","SANTA CLARA",-121.95714569091797,37.39935302734375
91820619,2022,2022-07-19,9340,2022-07-07,1715,022969,,4,2,7,4313,0,1,1,,2,681,"I-680 S/B TO US-101 S/B","S. KING RD",2900.00,S,N,A,-,Y,,,,,,,,,,N,4,0,1,2,A,-,03,22350,,N,C,C,A,A,H,-,A,D,0,,,,,Y,,A,01,0,0,1,0,0,0,0,0,0,"- ","- ",37.337631225585938,-121.85148620605469,"SANTA CLARA","SAN JOSE",-121.85148620605469,37.337631225585938
91821104,2022,2022-07-20,9340,2022-07-09,0101,022447,,6,3,7,4313,0,1,1,,2,281,"I-280 N/B","11TH ST",2630.00,S,N,A,-,Y,SCL,,280,,R,0.727,H,,R,N,3,0,1,2,A,-,03,22350,,N,D,C,A,A,H,-,C,D,0,,,,,Y,,A,01,0,1,0,0,0,0,0,0,0,"- ","- ",37.333309173583984,-121.86253356933594,"SANTA CLARA","SAN JOSE",-121.86255645751953,37.333335876464844
91821177,2022,2022-07-20,9340,2022-07-09,0530,022668,,6,3,7,4313,0,1,2,,2,110,"US-101 S/B","HEDDING STREET",535.00,S,N,A,-,Y,SCL,,101,,,37.301,H,,L,Y,4,0,1,2,A,-,03,22350,,N,C,C,A,A,H,-,B,D,0,,,,,Y,,A,01,0,0,1,0,0,0,0,0,0,"- ","- ",37.362110137939453,-121.88394165039062,"SANTA CLARA","SAN JOSE",-121.88394165039062,37.362106323242188
91821403,2022,2022-07-20,9330,2022-05-18,1440,022244,,3,2,2,4306,0,1,1,,2,074,"I-280 S/B","PAGE MILL ROAD",2374.00,S,N,A,-,Y,SCL,,280,,,17.904,H,,L,N,1,1,0,1,A,-,03,22350,,N,E,I,A,A,H,-,A,D,0,,,,,Y,,-,"- ",0,0,0,0,0,0,0,0,0,"- ","- ",37.387409210205078,-122.15518188476562,"SANTA CLARA","LOS ALTOS HILLS",-122.15515899658203,37.387443542480469
91821450,2022,2022-07-20,9340,2022-07-10,0120,022712,,7,3,7,4313,0,1,2,,2,110,"US-101 N/B","YERBA BUENA RD",610.00,N,N,A,-,Y,SCL,,101,,,31.227,H,,R,Y,4,0,2,3,A,-,01,23152,A,N,B,C,A,A,H,-,C,D,0,,,,,Y,Y,A,01,0,0,2,0,0,0,0,0,0,"- ","- ",37.297840118408203,-121.81143951416016,"SANTA CLARA","SAN JOSE",-121.81143951416016,37.297840118408203
91821541,2022,2022-07-20,9725,2022-07-11,0631,022869,,1,1,9,4300,0,1,2,,2,013,"US-101 N/B","COCHRANE RD",7920.00,N,N,A,-,Y,SCL,,101,,R,19.628,H,,R,N,4,0,1,2,A,-,03,22350,,N,C,C,A,A,H,-,A,D,0,,,,,Y,,A,07,0,0,1,0,0,0,0,0,0,"- ","- ",37.173160552978516,-121.67310333251953,"SANTA CLARA",UNINCORPORATED,-121.6732177734375,37.173072814941406
91821999,2022,2022-07-21,9330,2022-07-01,1420,022975,,5,2,9,4300,0,1,2,,2,078,"US-101 S/B","SAN ANTONIO RD",2075.00,N,N,A,-,Y,SCL,,101,,,50.716,H,,L,N,4,0,2,5,A,-,08,22107,,N,C,C,A,A,H,-,A,D,0,,,,,Y,,A,08,0,0,2,0,0,0,0,0,0,"- ","- ",37.432598114013672,-122.10623168945312,"SANTA CLARA",UNINCORPORATED,-122.10613250732422,37.432662963867188
91822128,2022,2022-07-21,9340,2022-07-10,0545,022921,,7,3,5,4308,0,1,1,,2,681,"I-680 S/B","CALAVERAS BLVD",1778.00,S,N,A,-,Y,SCL,,680,,M,7.290,H,,L,Y,3,0,1,1,A,-,08,22107,,N,E,I,A,A,H,-,A,D,0,,,,,Y,,A,01,0,1,0,0,0,0,0,0,0,"- ","- ",37.42987060546875,-121.88630676269531,"SANTA CLARA",MILPITAS,-121.88621520996094,37.429904937744141
91822234,2022,2022-07-21,9340,2022-07-11,1600,021560,,1,2,7,4313,0,1,1,,2,281,"I-280 S/B","7TH ST",850.00,S,N,A,-,Y,SCL,,280,,R,1.395,H,,L,Y,4,0,1,2,A,-,03,22350,,N,C,C,A,A,H,-,A,D,0,,,,,Y,,A,01,0,0,1,0,0,0,0,0,0,"- ","- ",37.328338623046875,-121.87274932861328,"SANTA CLARA","SAN JOSE",-121.8726806640625,37.328098297119141
91822314,2022,2022-07-21,9725,2022-07-09,0020,022571,,6,3,9,4300,0,1,2,,2,011,"US-101 S/B","CHURCH AVE",150.00,S,N,A,-,Y,SCL,,101,,R,11.116,H,,L,Y,2,0,1,1,A,-,03,22350,,N,F,A,A,A,H,-,D,D,0,,,Y,,Y,,C,02,1,0,0,0,0,0,0,0,1,"- ","- ",37.070899963378906,-121.58985137939453,"SANTA CLARA",UNINCORPORATED,-121.58982086181641,37.070911407470703
91822374,2022,2022-07-21,9340,2022-07-09,0920,022697,,6,1,7,4313,0,1,1,,2,681,"I-680 N/B","BERRYESSA RD",1200.00,N,N,A,-,Y,SCL,,680,,M,4.071,H,,R,Y,3,0,1,2,A,-,08,22107,,N,D,C,A,A,H,-,A,D,0,,,,,Y,,A,01,0,1,0,0,0,0,0,0,0,"- ","- ",37.387111663818359,-121.86554718017578,"SANTA CLARA","SAN JOSE",-121.8656005859375,37.387073516845703
91822414,2022,2022-07-21,9340,2022-07-10,1935,022969,,7,2,9,4300,0,1,3,,2,009,SR-9,"REDWOOD GULCH RD",1903.00,S,N,A,-,Y,SCL,,9,,,2.819,H,,R,Y,3,0,3,2,A,-,05,21460,A,N,A,C,A,A,H,-,A,D,0,,,Y,,Y,,C,02,0,1,2,0,0,0,0,0,1,"- ","- ",37.259738922119141,-122.09610748291016,"SANTA CLARA",UNINCORPORATED,-122.09606170654297,37.259792327880859
91822494,2022,2022-07-21,9340,2022-07-10,1740,022665,,7,2,9,4300,0,1,3,,2,035,"SR-9 (SKYLINE BLVD)",SR-9,3899.00,N,N,A,-,Y,SCL,,35,,,14.905,H,,R,Y,3,0,1,1,A,-,08,22107,,N,E,I,A,A,H,-,A,D,0,,,,,Y,,A,01,0,1,0,0,0,0,0,0,0,"- ","- ",37.262859344482422,-122.13439178466797,"SANTA CLARA",UNINCORPORATED,-122.13432312011719,37.262905120849609
91822677,2022,2022-07-22,9725,2022-07-10,0110,022873,,7,3,9,4300,0,1,2,,2,011,"US-101 N/B","LEAVESLEY ROAD",2640.00,N,N,A,-,Y,SCL,,101,,R,7.992,H,,R,Y,2,0,6,2,A,-,03,22350,,F,C,C,A,A,H,-,D,D,0,,,,,Y,,A,01,1,0,5,0,0,0,0,0,0,"- ","- ",37.028591156005859,-121.56971740722656,"SANTA CLARA",UNINCORPORATED,-121.56978607177734,37.028568267822266
91823223,2022,2022-07-22,9340,2022-07-12,1735,020999,,2,2,6,4316,0,1,3,,2,220,"SR-237 W/B","MATHILDA AVENUE",1500.00,E,N,A,-,Y,SCL,,237,,,3.258,H,,L,Y,4,0,1,5,A,-,03,22350,,N,C,C,A,A,H,-,A,D,0,,,,,Y,,D,22,0,0,1,0,0,0,0,0,0,"- ","- ",37.404048919677734,-122.02218627929688,"SANTA CLARA",SUNNYVALE,-122.02218627929688,37.404048919677734
91823349,2022,2022-07-22,9340,2022-07-11,1755,022779,,1,2,7,4313,0,1,1,,2,089,"I-880 S/B TO STEVENS CREEK BLVD.","STEVENS CREEK BLVD",900.00,N,N,A,-,Y,SCL,,880,,,0.604,H,,L,Y,4,0,3,2,A,-,03,22350,,F,C,C,A,A,H,-,A,D,0,,,,,Y,,D,22,0,0,3,0,0,0,0,0,0,"- ","- ",37.326061248779297,-121.94104766845703,"SANTA CLARA","SAN JOSE",-121.94092559814453,37.326057434082031
91824088,2022,2022-07-25,9340,2022-07-13,1540,022758,,3,2,7,4313,0,1,1,,2,089,"I-880 S/B","BROKAW RD",500.00,S,N,A,-,Y,SCL,,880,,,4.994,H,,L,N,4,0,1,2,A,-,03,22350,,N,C,C,A,A,H,-,A,D,0,,,,,Y,,A,01,0,0,1,0,0,0,0,0,0,"- ","- ",37.377178192138672,-121.90337371826172,"SANTA CLARA","SAN JOSE",-121.90334320068359,37.377185821533203
91824500,2022,2022-07-25,9340,2022-07-13,1745,022963,,3,2,7,4313,0,1,1,,2,281,"I-280 S/B","MERIDIAN AVE",960.00,N,N,A,-,Y,SCL,,280,,R,4.182,H,,L,Y,3,0,1,2,A,-,07,21658,A,N,C,C,A,A,H,-,A,D,0,,,Y,,Y,,A,01,0,1,0,0,0,0,0,0,1,"- ","- ",37.316478729248047,-121.91815185546875,"SANTA CLARA","SAN JOSE",-121.91817474365234,37.316410064697266
91824977,2022,2022-07-26,9340,2022-07-14,0640,022877,,4,1,7,4313,0,1,2,,2,110,"US-101 TO N/B I-680","KING ROAD",500.00,S,N,A,-,Y,SCL,,680,,M,0.299,H,,R,Y,2,0,1,2,A,-,08,22107,,F,B,C,A,A,H,-,B,D,0,,,Y,,Y,,-,99,1,0,0,0,0,0,0,0,1,"- ","- ",37.342071533203125,-121.84750366210938,"SANTA CLARA","SAN JOSE",-121.84767913818359,37.342235565185547
91825021,2022,2022-07-26,9725,2022-07-17,0350,022985,,7,3,4,4310,0,1,2,,2,013,"US 101 S/B","COCHRANE ROAD",2440.00,N,N,A,-,Y,SCL,,101,,R,18.291,H,,R,Y,2,0,2,1,A,-,08,22107,,N,E,I,A,A,H,-,D,D,0,,,,,Y,,A,07,1,1,0,0,0,0,0,0,0,"- ","- ",37.158390045166016,-121.65769195556641,"SANTA CLARA","MORGAN HILL",-121.65767669677734,37.158401489257812
91825046,2022,2022-07-26,9725,2022-07-19,0528,022985,,2,3,7,4313,0,1,2,,2,013,"US 101 S/B","COYOTE CREEK GOLF DRIVE",2693.00,S,N,A,-,Y,SCL,,101,,R,20.752,H,,L,N,4,0,1,2,A,-,07,21658,A,N,B,C,A,A,H,-,B,D,0,,,,,Y,,A,08,0,0,1,0,0,0,0,0,0,"- ","- ",37.185588836669922,-121.68641662597656,"SANTA CLARA","SAN JOSE",-121.68644714355469,37.185569763183594
91825255,2022,2022-07-26,9340,2022-07-15,1200,022921,,5,1,7,4313,0,2,4,,2,610,"I-680 S/B","ALUM ROCK AVE",1185.00,N,N,A,-,Y,SCL,,680,,M,1.971,H,,L,N,4,0,1,2,A,-,03,22350,,N,C,C,A,A,H,-,A,D,0,,,,,Y,,A,01,0,0,1,0,0,0,0,0,0,"- ","- ",37.362640380859375,-121.84306335449219,"SANTA CLARA","SAN JOSE",-121.843017578125,37.362655639648438
91825287,2022,2022-07-26,9330,2022-07-15,1245,022169,,5,1,5,4311,0,1,2,,2,078,"US-101 N/B","RENGSTORFF AVENUE",1584.00,N,N,A,-,Y,SCL,,101,,,49.935,H,,R,Y,4,0,1,5,A,-,03,22350,,N,C,C,A,A,H,-,A,D,0,,,,,Y,,D,22,0,0,1,0,0,0,0,0,0,"- ","- ",37.424270629882812,-122.09677124023438,"SANTA CLARA","MOUNTAIN VIEW",-122.09677886962891,37.424263000488281
91825387,2022,2022-07-26,9725,2022-07-22,1615,022882,,5,2,9,4300,0,3,5,,2,003,"HALE AVENUE","LIVE OAK AVENUE",528.00,S,N,A,-,N,,,,,,,,,,Y,3,0,3,3,A,-,03,22350,,N,C,C,A,A,H,-,A,D,0,,,,,Y,,A,01,0,1,2,0,0,0,0,0,0,"- ","- ",37.159889221191406,-121.69667053222656,"SANTA CLARA",UNINCORPORATED,-121.69699859619141,37.160171508789062
91825403,2022,2022-07-26,9340,2022-07-17,0928,022541,,7,1,9,4300,0,3,5,,2,030,"ALMADEN RD","ROME DR",0.00,,Y,A,-,N,,,,,,,,,,N,4,0,1,2,A,-,09,21800,B,N,D,D,A,A,H,-,A,D,0,,,,,Y,,A,01,0,0,1,0,0,0,0,0,0,"- ","- ",37.188278198242188,-121.81832885742188,"SANTA CLARA",UNINCORPORATED,-121.81832885742188,37.188289642333984
91825410,2022,2022-07-26,9340,2022-07-17,1128,022541,,7,1,9,4300,0,1,3,,2,171,"SR-17 N/B","SANTA CRUZ AVE",3696.00,S,N,A,-,Y,SCL,,17,,,5.917,H,,R,N,3,0,1,1,A,-,08,22107,,N,F,A,A,A,H,-,A,D,0,,,Y,,Y,,-,"- ",0,1,0,0,0,0,0,0,1,"- ","- ",37.214931488037109,-121.98805999755859,"SANTA CLARA",UNINCORPORATED,-121.98805236816406,37.214931488037109
91825918,2022,2022-07-27,9725,2022-07-18,2225,022339,,1,3,9,4300,0,2,4,,1,020,"WATSONVILLE RD","FLOSSA WAY",1478.00,N,N,A,-,N,,,,,,,,,,Y,3,0,1,1,A,-,08,22107,,N,E,I,A,A,H,-,D,D,0,,,,,Y,,A,01,0,1,0,0,0,0,0,0,0,"- ","- ",37.021621704101562,-121.65347290039062,"SANTA CLARA",UNINCORPORATED,-121.64907836914062,37.020427703857422
91826312,2022,2022-07-27,9330,2022-07-15,1600,022244,,5,2,6,4316,0,1,3,,2,076,"SR-85 S/B","FREMONT AVENUE",1584.00,N,N,A,-,Y,SCL,,85,,R,20.174,H,,L,N,4,0,2,3,D,-,00,,,N,H,C,A,A,H,-,A,D,0,,,,,Y,,-,"- ",0,0,2,0,0,0,0,0,0,"- ","- ",37.356128692626953,-122.06250762939453,"SANTA CLARA",SUNNYVALE,-122.06245422363281,37.356143951416016
91826325,2022,2022-07-27,9330,2022-07-15,2350,022774,,5,3,5,4311,0,1,3,,2,076,"SR-85 N/B TO US-101 N/B EXPRESS LANE TRANSITION RO","SHORELINE BOULEVARD",2112.00,S,N,A,-,Y,SCL,,101,,,48.191,H,,R,Y,3,0,1,1,A,-,08,22107,,N,E,I,A,A,H,-,C,D,0,,,Y,,Y,,C,02,0,1,0,0,0,0,0,0,1,"- ","- ",37.409320831298828,-122.07144165039062,"SANTA CLARA","MOUNTAIN VIEW",-122.07138061523438,37.409408569335938
91826330,2022,2022-07-27,9340,2022-07-16,1700,022756,,6,2,7,4313,0,1,3,,2,083,"SR-85 S/B","BLOSSOM HILL RD",2320.00,N,N,A,-,Y,SCL,,85,,,4.394,H,,L,Y,3,0,4,4,A,-,03,22350,,N,C,C,A,A,H,-,A,D,0,,,,,Y,,A,07,0,3,1,0,0,0,0,0,0,"- ","- ",37.25408935546875,-121.84413146972656,"SANTA CLARA","SAN JOSE",-121.84412384033203,37.254100799560547
91826445,2022,2022-07-27,9725,2022-07-24,1730,022827,,7,2,9,4300,0,1,2,,2,012,"US-101 N/B","E MIDDLE AVE",2640.00,S,N,A,-,Y,SCL,,101,,R,13.315,H,,L,N,3,0,1,2,A,-,03,22350,,N,C,C,A,A,H,-,A,D,0,,,,,Y,,A,01,0,1,0,0,0,0,0,0,0,"- ","- ",37.099929809570312,-121.60626220703125,"SANTA CLARA",UNINCORPORATED,-121.60625457763672,37.099933624267578
91826489,2022,2022-07-27,9340,2022-07-17,0005,022938,,7,3,7,4313,0,1,2,,2,110,"US-101 NB TO I-680 N/B","STORY RD",2010.00,S,N,A,-,Y,,,,,,,,,,Y,3,0,1,1,A,-,01,23152,A,N,E,I,A,A,H,-,D,D,0,,,,,Y,Y,A,07,0,1,0,0,0,0,0,0,0,"- ","- ",37.331871032714844,-121.84372711181641,"SANTA CLARA","SAN JOSE",-121.84372711181641,37.331871032714844
91826495,2022,2022-07-27,9725,2022-07-20,0710,021811,,3,1,9,4300,0,1,3,,1,130,SR-25,"SR-25 FROM US-101 N/B",0.00,,Y,A,-,Y,SCL,,25,,,2.380,H,,R,Y,2,0,2,2,A,-,09,21802,A,N,D,C,A,A,H,-,A,A,0,,,,,Y,,A,01,1,0,1,0,0,0,0,0,0,"- ","- ",36.961948394775391,-121.54846954345703,"SANTA CLARA",UNINCORPORATED,-121.54850769042969,36.9620361328125
91826521,2022,2022-07-27,9725,2022-07-26,1600,020276,,2,2,9,4300,0,3,5,,2,001,"MASTEN AVE.","US-101 N/B FROM MASTEN AVE.",0.00,,Y,A,-,N,,,,,,,,,,Y,4,0,1,2,A,-,09,21801,A,N,D,C,A,A,H,-,A,D,0,,,,,Y,,A,07,0,0,1,0,0,0,0,0,0,"- ","- ",37.060379028320312,-121.58196258544922,"SANTA CLARA",UNINCORPORATED,-121.58437347412109,37.059417724609375
91826852,2022,2022-07-28,9725,2022-07-20,2200,022880,,3,3,9,4300,0,3,5,,2,001,"SR-152 W/B","BLOOMFIELD AVENUE",0.00,,Y,A,-,Y,SCL,,152,,,14.891,H,,L,Y,4,0,2,2,A,-,03,22350,,M,C,C,A,A,H,-,D,D,0,,,,,Y,,A,01,0,0,2,0,0,0,0,0,0,"- ","- ",36.988639831542969,-121.49089050292969,"SANTA CLARA",UNINCORPORATED,-121.49091339111328,36.988605499267578
91828797,2022,2022-07-29,9330,2022-07-19,1536,022975,,2,2,5,4312,0,1,2,,2,078,"US-101 S/B","SAN ANTONIO ROAD",60.00,N,N,A,-,Y,SCL,,101,,,50.335,H,,L,Y,4,0,2,2,A,-,03,22350,,N,C,C,A,A,H,-,A,D,0,,,,,Y,,A,07,0,0,2,0,0,0,0,0,0,"- ","- ",37.428398132324219,-122.10163116455078,"SANTA CLARA","PALO ALTO",-122.10165405273438,37.428382873535156
91828926,2022,2022-07-29,9340,2022-07-20,0900,018333,,3,1,7,4313,0,1,2,,2,110,"US 101 N/B","HEDDING ST.",500.00,S,N,A,-,Y,SCL,,101,,,37.277,H,,R,N,4,0,1,3,A,-,03,22350,,N,C,C,A,A,H,-,A,D,0,,,,,Y,,A,01,0,0,1,0,0,0,0,0,0,"- ","- ",37.362239837646484,-121.88343811035156,"SANTA CLARA","SAN JOSE",-121.88343811035156,37.362239837646484
91828934,2022,2022-07-29,9330,2022-07-20,1720,022960,,3,2,5,4311,0,1,2,,2,078,"US-101 N/B","MOFFETT BOULEVARD",376.00,S,N,A,-,Y,SCL,,101,,,47.779,H,,R,Y,4,0,1,2,A,-,03,22350,,N,C,C,A,A,H,-,A,D,0,,,,,Y,,A,01,0,0,1,0,0,0,0,0,0,"- ","- ",37.407291412353516,-122.06437683105469,"SANTA CLARA","MOUNTAIN VIEW",-122.06436920166016,37.407318115234375
91829032,2022,2022-07-29,9330,2022-07-19,1940,022975,,2,2,5,4311,0,1,2,,2,078,"US-101 S/B","RENGSTORFF AVENUE",250.00,S,N,A,-,Y,SCL,,101,,,49.558,H,,L,N,4,0,1,3,A,-,07,21658,A,N,C,2,A,A,H,-,A,D,0,,,,,Y,,A,01,0,0,1,0,0,0,0,0,0,"- ","- ",37.420398712158203,-122.09181213378906,"SANTA CLARA","MOUNTAIN VIEW",-122.09180450439453,37.420402526855469
91829862,2022,2022-08-01,9340,2022-07-21,1725,020999,,4,2,7,4313,0,1,1,,2,282,"I-280 S/B","SARATOGA AVENUE",2300.00,N,N,A,-,Y,SCL,,280,,,6.420,H,,L,Y,3,0,2,3,A,-,03,22350,,N,C,C,A,A,H,-,A,D,0,,,,,Y,,A,01,0,1,1,0,0,0,0,0,0,"- ","- ",37.317909240722656,-121.98336791992188,"SANTA CLARA","SAN JOSE",-121.98336791992188,37.317996978759766
91830098,2022,2022-08-01,9725,2022-07-26,1430,021618,,2,2,9,4300,0,1,2,,2,013,"US-101 S/B","BAILEY AVENUE",2640.00,N,N,A,-,Y,SCL,,101,,R,24.099,H,,L,Y,3,0,3,4,A,-,03,22350,,N,C,2,A,A,H,-,A,D,0,,,,,Y,,D,22,0,2,1,0,0,0,0,0,0,"- ","- ",37.217758178710938,-121.73133850097656,"SANTA CLARA",UNINCORPORATED,-121.73140716552734,37.217708587646484
91830535,2022,2022-08-01,9340,2022-07-22,1800,022963,,5,2,7,4313,0,1,1,,2,281,"I-280 S/B","BASCOM AVE",40.00,N,N,A,-,Y,SCL,,280,,L,4.960,H,,L,Y,3,0,2,2,A,-,03,22350,,N,C,C,A,A,H,-,A,D,0,,,,,Y,,A,01,0,2,0,0,0,0,0,0,0,"- ","- ",37.316989898681641,-121.93215942382812,"SANTA CLARA","SAN JOSE",-121.93215179443359,37.317012786865234
91831053,2022,2022-08-02,9340,2022-07-22,2030,022825,,5,2,7,4313,0,1,1,,2,281,"I-280 S/B","BASCOM AVE",300.00,S,N,A,-,Y,SCL,,280,,L,4.888,H,,L,Y,4,0,2,6,A,-,03,22350,,N,C,C,A,A,H,-,D,D,0,,,,,Y,,A,01,0,0,2,0,0,0,0,0,0,"- ","- ",37.316848754882812,-121.93087005615234,"SANTA CLARA","SAN JOSE",-121.93087005615234,37.316852569580078
91831147,2022,2022-08-02,9330,2022-07-22,1930,022876,,5,2,5,4312,0,1,2,,2,078,"US-101 S/B","SAN ANTONIO RD",2800.00,N,N,A,-,Y,SCL,,101,,,50.859,H,,L,N,4,0,1,3,A,-,01,23152,A,M,C,C,A,A,H,-,A,D,0,,,,,Y,Y,A,08,0,0,1,0,0,0,0,0,0,"- ","- ",37.434261322021484,-122.10781097412109,"SANTA CLARA","PALO ALTO",-122.10781097412109,37.434261322021484
91831315,2022,2022-08-02,9340,2022-07-24,2230,022712,,7,3,7,4313,0,1,2,,2,110,"US-101 S/B","E. TAYLOR ST.",35.00,N,N,A,-,Y,SCL,,101,,,36.951,H,,L,Y,3,0,2,2,A,-,08,22107,,N,B,2,A,A,H,-,C,D,0,,,,,Y,,A,01,0,1,1,0,0,0,0,0,0,"- ","- ",37.361179351806641,-121.87767028808594,"SANTA CLARA","SAN JOSE",-121.87770080566406,37.361110687255859
91832129,2022,2022-08-03,9340,2022-07-24,0440,022685,,7,3,5,4308,0,1,1,,2,681,"I-680 N/B","JACKLIN ROAD",2045.00,N,N,A,-,Y,SCL,,680,,M,8.911,H,,R,N,3,0,1,2,A,-,01,23152,A,N,B,C,A,A,H,-,C,D,0,,,,,Y,,A,01,0,1,0,0,0,0,0,0,0,"- ","- ",37.452480316162109,-121.89338684082031,"SANTA CLARA",MILPITAS,-121.8934326171875,37.452457427978516