CASE_ID,ACCIDENT_YEAR,PROC_DATE,JURIS,COLLISION_DATE,COLLISION_TIME,OFFICER_ID,REPORTING_DISTRICT,DAY_OF_WEEK,CHP_SHIFT,POPULATION,CNTY_CITY_LOC,SPECIAL_COND,BEAT_TYPE,CHP_BEAT_TYPE,CITY_DIVISION_LAPD,CHP_BEAT_CLASS,BEAT_NUMBER,PRIMARY_RD,SECONDARY_RD,DISTANCE,DIRECTION,INTERSECTION,WEATHER_1,WEATHER_2,STATE_HWY_IND,CALTRANS_COUNTY,CALTRANS_DISTRICT,STATE_ROUTE,ROUTE_SUFFIX,POSTMILE_PREFIX,POSTMILE,LOCATION_TYPE,RAMP_INTERSECTION,SIDE_OF_HWY,TOW_AWAY,COLLISION_SEVERITY,NUMBER_KILLED,NUMBER_INJURED,PARTY_COUNT,PRIMARY_COLL_FACTOR,PCF_CODE_OF_VIOL,PCF_VIOL_CATEGORY,PCF_VIOLATION,PCF_VIOL_SUBSECTION,HIT_AND_RUN,TYPE_OF_COLLISION,MVIW,PED_ACTION,ROAD_SURFACE,ROAD_COND_1,ROAD_COND_2,LIGHTING,CONTROL_DEVICE,CHP_ROAD_TYPE,PEDESTRIAN_ACCIDENT,BICYCLE_ACCIDENT,MOTORCYCLE_ACCIDENT,TRUCK_ACCIDENT,NOT_PRIVATE_PROPERTY,ALCOHOL_INVOLVED,STWD_VEHTYPE_AT_FAULT,CHP_VEHTYPE_AT_FAULT,COUNT_SEVERE_INJ,COUNT_VISIBLE_INJ,COUNT_COMPLAINT_PAIN,COUNT_PED_KILLED,COUNT_PED_INJURED,COUNT_BICYCLIST_KILLED,COUNT_BICYCLIST_INJURED,COUNT_MC_KILLED,COUNT_MC_INJURED,PRIMARY_RAMP,SECONDARY_RAMP,LATITUDE,LONGITUDE,COUNTY,CITY,POINT_X,POINT_Y
91934301,2022,2022-12-05,9340,2022-11-25,1310,022666,,5,1,9,4300,0,3,5,,2,040,"HICKS RD","PHEASANT RD",279.00,N,N,A,-,N,,,,,,,,,,N,3,0,1,1,A,-,03,22350,,N,E,I,A,A,H,-,A,D,0,,,Y,,Y,,C,02,0,1,0,0,0,0,0,0,1,"- ","- ",37.212818145751953,-121.90943908691406,"SANTA CLARA",UNINCORPORATED,-121.90947723388672,37.212818145751953
91934330,2022,2022-12-05,9330,2022-11-16,1720,023032,,3,2,5,4312,0,1,2,,2,078,"US-101 S/B","EMBARCADERO ROAD",1584.00,N,N,A,-,Y,SCL,,101,,,52.473,H,,L,Y,3,0,1,2,A,-,03,22350,,N,C,C,A,A,H,-,C,D,0,,,,,Y,,A,01,0,1,0,0,0,0,0,0,0,"- ","- ",37.452068328857422,-122.12677764892578,"SANTA CLARA","PALO ALTO",-122.12683868408203,37.452011108398438
91934337,2022,2022-12-05,9725,2022-12-01,1740,022112,,4,2,6,4314,0,1,2,,2,011,"US-101 S/B","6TH ST",10.00,S,N,C,-,Y,SCL,,101,,R,6.584,H,,L,N,3,0,1,1,A,-,03,22350,,N,E,I,A,B,H,-,C,D,0,,,,,Y,,A,01,0,1,0,0,0,0,0,0,0,"- ","- ",37.009769439697266,-121.55991363525391,"SANTA CLARA","SANTA CLARA",-121.55998992919922,37.009742736816406
91934516,2022,2022-12-05,9725,2022-12-03,1820,022442,,6,2,7,4313,0,1,2,,2,013,"US-101 S/B BERNAL RD. OFF-RAMP","BERNAL RD",30.00,N,N,C,-,Y,,,,,,,,,,Y,4,0,1,2,A,-,03,22350,,N,C,C,A,B,H,-,D,D,0,,,,,Y,,A,07,0,0,1,0,0,0,0,0,0,"- ","- ",37.243110656738281,-121.77298736572266,"SANTA CLARA","SAN JOSE",-121.77260589599609,37.243812561035156
91934999,2022,2022-12-06,9725,2022-12-04,1405,022442,,7,2,7,4313,0,1,2,,2,013,"US-101 N/B",SR-85,395.00,S,N,C,-,Y,SCL,,101,,R,26.680,H,,R,Y,4,0,3,2,D,-,00,,,N,D,C,A,B,H,-,A,D,0,,,,,Y,,-,"- ",0,0,3,0,0,0,0,0,0,"- ","- ",37.241279602050781,-121.76763153076172,"SANTA CLARA","SAN JOSE",-121.76760864257812,37.241306304931641
91935880,2022,2022-12-07,9330,2022-11-23,1550,022933,,3,2,5,4311,0,1,2,,2,078,"US-101 S/B","RENGSTORFF AVENUE",475.00,N,N,A,-,Y,SCL,,101,,,49.709,H,,L,Y,3,0,1,4,A,-,03,22350,,N,C,A,A,A,H,-,A,D,0,,,,,Y,,D,22,0,1,0,0,0,0,0,0,0,"- ","- ",37.421871185302734,-122.09384918212891,"SANTA CLARA","MOUNTAIN VIEW",-122.09384155273438,37.421875
91935902,2022,2022-12-07,9330,2022-11-21,1815,023060,,1,2,5,4311,0,1,2,,2,078,"US-101 SOUTHBOUND","RENGSTORFF AVENUE",1848.00,S,N,A,-,Y,SCL,,101,,,49.253,H,,L,Y,4,0,2,2,A,-,03,22350,,M,C,C,A,A,H,-,B,D,0,,,,,Y,,A,01,0,0,2,0,0,0,0,0,0,"- ","- ",37.417438507080078,-122.08770751953125,"SANTA CLARA","MOUNTAIN VIEW",-122.08773040771484,37.41741943359375
91936018,2022,2022-12-07,9340,2022-11-23,1805,021158,,3,2,7,4313,0,1,3,,2,083,"SR-85 N/B","CHERRY AVE",52.00,S,N,A,-,Y,SCL,,85,,,5.860,H,,R,Y,4,0,2,4,A,-,03,22350,,N,C,C,A,A,H,-,C,D,0,,,,,Y,,D,22,0,0,2,0,0,0,0,0,0,"- ","- ",37.256141662597656,-121.87045288085938,"SANTA CLARA","SAN JOSE",-121.87046051025391,37.256050109863281
91936027,2022,2022-12-07,9340,2022-11-24,0050,022618,,4,3,7,4313,0,1,3,,2,087,"SR-87 N/B","AIRPORT PKY",1545.00,N,N,A,-,Y,SCL,,87,,,9.062,H,,R,Y,3,0,1,1,A,-,01,23152,G,N,E,I,A,A,H,-,D,D,0,,,,,Y,Y,D,22,0,1,0,0,0,0,0,0,0,"- ","- ",37.371570587158203,-121.92707824707031,"SANTA CLARA","SAN JOSE",-121.92699432373047,37.37158203125
91936184,2022,2022-12-07,9330,2022-09-05,0230,022975,,1,3,5,4311,0,1,2,,2,078,"US-101 S/B","SHORELINE BOULEVARD",350.00,N,N,A,-,Y,SCL,,101,,,48.829,H,,L,Y,3,0,1,2,A,-,08,22107,,N,B,C,A,A,H,-,D,D,0,,,,,Y,,A,01,0,1,0,0,0,0,0,0,0,"- ","- ",37.413410186767578,-122.08188629150391,"SANTA CLARA","MOUNTAIN VIEW",-122.08185577392578,37.4134521484375
91936563,2022,2022-12-07,9340,2022-11-23,0845,022135,,3,1,7,4313,0,1,2,,2,120,"US-101 S/B FROM TECHNOLOGY PL./ 4TH STREET","4TH ST",260.00,S,N,A,-,Y,SCL,,101,,,38.900,H,,L,Y,4,0,1,2,A,-,09,21803,A,N,B,C,A,A,H,-,A,A,0,,,,,Y,,D,22,0,0,1,0,0,0,0,0,0,"- ","- ",37.369380950927734,-121.91036224365234,"SANTA CLARA","SAN JOSE",-121.91028594970703,37.369472503662109
91936592,2022,2022-12-07,9340,2022-11-23,2216,023054,,3,3,6,4314,0,1,2,,2,120,"US-101 S/B FROM SAN TOMAS EXPY. W/B","SAN TOMAS EXPY",458.00,N,N,A,-,Y,,,,,,,,,,Y,3,0,5,2,A,-,03,22350,,N,F,8,A,A,H,-,D,D,0,,,,,Y,,A,01,0,2,3,0,0,0,0,0,0,"- ","- ",37.381710052490234,-121.96543121337891,"SANTA CLARA","SANTA CLARA",-121.96543121337891,37.381710052490234
91936702,2022,2022-12-07,9330,2022-12-05,1235,023011,,1,1,5,4311,0,1,2,,2,078,"US-101 N/B","OLD MIDDLEFIELD ROAD",570.00,N,N,A,-,Y,SCL,,101,,,49.068,H,,R,Y,4,0,1,2,A,-,08,22107,,N,B,2,A,A,H,-,A,D,0,,,,,Y,,A,07,0,0,1,0,0,0,0,0,0,"- ","- ",37.415641784667969,-122.0849609375,"SANTA CLARA","MOUNTAIN VIEW",-122.08494567871094,37.415657043457031
91937307,2022,2022-12-08,9340,2022-11-28,1820,021158,,1,2,7,4313,0,1,3,,2,083,"SR-85 S/B","BLOSSOM HILL RD",2185.00,N,N,A,-,Y,SCL,,85,,,4.381,H,,L,Y,3,0,1,3,A,-,03,22350,,N,C,C,A,A,H,-,D,D,0,,,,,Y,,A,01,0,1,0,0,0,0,0,0,0,"- ","- ",37.253990173339844,-121.84396362304688,"SANTA CLARA","SAN JOSE",-121.84394073486328,37.254020690917969
91937459,2022,2022-12-08,9340,2022-11-29,0200,023059,,2,3,7,4313,0,1,1,,2,281,"I-280 S/B FROM MOORPARK AVENUE","MERIDIAN AVE",385.00,N,N,A,-,Y,SCL,,280,,R,3.905,H,,L,Y,2,0,1,1,A,-,01,23152,A,N,E,I,A,A,H,-,C,A,0,,,,,Y,Y,A,01,1,0,0,0,0,0,0,0,0,"- ","- ",37.314620971679688,-121.91368865966797,"SANTA CLARA","SAN JOSE",-121.91361236572266,37.3148193359375
91938200,2022,2022-12-09,9330,2022-11-29,1431,023060,,2,2,5,4311,0,1,2,,2,078,"US-101 N/B","RENGSTORFF AVENUE",1045.00,S,N,A,-,Y,SCL,,101,,,49.408,H,,R,N,4,0,1,2,A,-,03,22350,,N,C,C,A,A,H,-,A,D,0,,,,,Y,,A,01,0,0,1,0,0,0,0,0,0,"- ","- ",37.419029235839844,-122.08966827392578,"SANTA CLARA","MOUNTAIN VIEW",-122.08962249755859,37.419071197509766
91938784,2022,2022-12-09,9340,2022-11-29,0725,023020,,2,1,7,4313,0,1,3,,2,083,"SR-85 N/B","SANTA THERESA BLVD.",817.00,N,N,A,-,Y,SCL,,85,,,5.389,H,,R,N,2,0,1,3,A,-,08,22107,,N,B,C,A,A,H,-,A,D,0,,,Y,,Y,,A,08,1,0,0,0,0,0,0,0,1,"- ","- ",37.255611419677734,-121.86192321777344,"SANTA CLARA","SAN JOSE",-121.86192321777344,37.255638122558594
91938786,2022,2022-12-09,9340,2022-11-29,1530,020574,,2,2,7,4313,0,1,3,,2,087,"SR-87 N/B","WILLOW STREET",300.00,N,N,A,-,Y,SCL,,87,,,4.594,H,,R,N,4,0,1,2,A,-,21,22106,,M,A,C,A,A,H,-,A,D,0,,,,,Y,,-,99,0,0,1,0,0,0,0,0,0,"- ","- ",37.316360473632812,-121.88861083984375,"SANTA CLARA","SAN JOSE",-121.88863372802734,37.316349029541016
91938807,2022,2022-12-12,9340,2022-11-28,0910,023034,,1,1,7,4313,0,1,1,,2,281,"I-280 N/B","RACE ST",1486.00,S,N,A,-,Y,SCL,,280,,R,3.455,H,,R,N,4,0,1,2,A,-,03,22350,,N,C,C,A,A,H,-,A,D,0,,,,,Y,,A,01,0,0,1,0,0,0,0,0,0,"- ","- ",37.316688537597656,-121.90608978271484,"SANTA CLARA","SAN JOSE",-121.90606689453125,37.316658020019531
91939256,2022,2022-12-12,9340,2022-11-25,1730,022968,,5,2,7,4313,0,1,1,,2,281,"I-280 S/B FROM 1ST STREET","FIRST STREET",283.00,N,N,A,-,Y,SCL,,280,,R,2.046,H,,L,Y,3,0,1,1,A,-,03,22350,,N,F,0,A,A,H,-,C,D,0,,,,,Y,,-,"- ",0,1,0,0,0,0,0,0,0,"- ","- ",37.325508117675781,-121.88379669189453,"SANTA CLARA","SAN JOSE",-121.88394927978516,37.325729370117188
91939783,2022,2022-12-12,9340,2022-11-30,1610,022247,,3,2,6,4316,0,1,3,,2,230,"SR-237 E/B","LAWRENCE EXPY",220.00,W,N,A,-,Y,SCL,,237,,R,4.546,H,,R,N,4,0,1,2,A,-,03,22350,,N,C,C,A,A,H,-,A,D,0,,,,,Y,,A,01,0,0,1,0,0,0,0,0,0,"- ","- ",37.408969879150391,-121.99958038330078,"SANTA CLARA",SUNNYVALE,-121.99958038330078,37.408966064453125
91940053,2022,2022-12-12,9725,2022-12-10,1440,022777,,6,2,9,4300,0,1,2,,2,013,"US-101 NORTHBOUND","COYOTE CREEK GOULF DRIVE",4224.00,N,N,C,-,Y,SCL,,101,,R,22.071,H,,R,N,4,0,3,2,A,-,08,22107,,N,B,2,A,B,H,-,B,D,0,,,,,Y,,A,01,0,0,3,0,0,0,0,0,0,"- ","- ",37.198471069335938,-121.70384979248047,"SANTA CLARA",UNINCORPORATED,-121.70391845703125,37.198406219482422
91940150,2022,2022-12-12,9340,2022-11-30,1715,021348,,3,2,4,4302,0,1,3,,2,172,"SR-17 N/B","CAMPBELL AVE",300.00,S,N,A,-,Y,SCL,,17,,,11.523,H,,R,Y,4,0,3,3,A,-,03,22350,,N,C,C,A,A,H,-,D,D,0,,,,,Y,,A,01,0,0,3,0,0,0,0,0,0,"- ","- ",37.283699035644531,-121.93987274169922,"SANTA CLARA",CAMPBELL,-121.93984985351562,37.283679962158203
91940289,2022,2022-12-12,9340,2022-12-01,1055,018508,,4,1,4,4302,0,1,3,,2,172,"SR17 S/B","CAMDEN AVE",2112.00,S,N,B,C,Y,SCL,,17,,,10.077,H,,L,Y,3,0,1,2,A,-,03,22350,,N,C,C,A,B,H,-,A,D,0,,,,,Y,,D,22,0,1,0,0,0,0,0,0,0,"- ","- ",37.264968872070312,-121.94947814941406,"SANTA CLARA",CAMPBELL,-121.94944000244141,37.264957427978516
91940752,2022,2022-12-13,9340,2022-11-30,2315,022624,,3,3,7,4313,0,1,1,,2,282,"I-280 N/B TO SARATOGA AVENUE E/B","SARATOGA AVE",50.00,S,N,A,-,Y,,,,,,,,,,N,3,0,1,2,A,-,01,23152,A,F,B,C,A,A,H,-,C,D,0,,,Y,,Y,Y,C,02,0,1,0,0,0,0,0,0,1,"- ","- ",37.317588806152344,-121.9742431640625,"SANTA CLARA","SAN JOSE",-121.9742431640625,37.317588806152344
91940893,2022,2022-12-13,9340,2022-12-01,1710,022682,,4,2,7,4313,0,1,1,,2,088,"I-880 S/B","N FIRST ST",1000.00,S,N,B,-,Y,SCL,,880,,,3.384,H,,L,N,4,0,1,2,A,-,03,22350,,N,C,C,A,B,H,-,B,D,0,,,,,Y,,A,01,0,0,1,0,0,0,0,0,0,"- ","- ",37.356250762939453,-121.90949249267578,"SANTA CLARA","SAN JOSE",-121.90946960449219,37.356235504150391
91940899,2022,2022-12-13,9340,2022-12-01,1715,021348,,4,2,5,4303,0,1,3,,2,085,"SR-85 N/B",I-280,50.00,S,N,B,-,Y,SCL,,85,,R,18.427,H,,R,Y,4,0,1,2,A,-,03,22350,,N,A,C,A,B,H,-,D,D,0,,,,,Y,,-,"- ",0,0,1,0,0,0,0,0,0,"- ","- ",37.332229614257812,-122.05545043945312,"SANTA CLARA",CUPERTINO,-122.055419921875,37.332248687744141
91940916,2022,2022-12-13,9340,2022-12-01,1730,022864,,4,2,7,4313,0,1,2,,2,120,"US-101 S/B",SR-87,830.00,N,N,C,-,Y,SCL,,101,,,40.096,H,,L,N,4,0,1,3,A,-,03,22350,,N,C,C,A,B,H,-,D,D,0,,,,,Y,,A,01,0,0,1,0,0,0,0,0,0,"- ","- ",37.374320983886719,-121.93087768554688,"SANTA CLARA","SAN JOSE",-121.93086242675781,37.374370574951172
91941225,2022,2022-12-13,9340,2022-12-02,1425,022681,,5,2,7,4313,0,1,2,,2,110,"US-101 N/B","TULLY RD",1450.00,N,N,A,-,Y,SCL,,101,,,33.276,H,,R,N,3,0,1,4,A,-,08,22107,,M,B,C,A,A,H,-,A,D,0,,,,,Y,,A,01,0,1,0,0,0,0,0,0,0,"- ","- ",37.321388244628906,-121.83399963378906,"SANTA CLARA","SAN JOSE",-121.83412170410156,37.321315765380859
91941442,2022,2022-12-13,9340,2022-12-02,1825,022682,,5,2,7,4313,0,1,1,,2,282,"I-280 N/B",I-880,1560.00,N,N,A,-,Y,SCL,,280,,L,5.722,H,,R,Y,4,0,1,2,A,-,03,22350,,N,C,C,A,A,H,-,D,D,0,,,,,Y,,A,01,0,0,1,0,0,0,0,0,0,"- ","- ",37.317039489746094,-121.94596862792969,"SANTA CLARA","SAN JOSE",-121.94596862792969,37.317020416259766
91941474,2022,2022-12-14,9340,2022-12-01,1545,022681,,4,2,7,4313,0,1,2,,2,110,"US-101 S/B","CAPITOL EXPRESSWAY",500.00,N,N,C,-,Y,SCL,,101,,,32.092,H,,L,N,3,0,1,2,A,-,01,23152,A,N,C,C,A,B,H,-,A,D,0,,,,Y,Y,Y,D,22,0,1,0,0,0,0,0,0,0,"- ","- ",37.307559967041016,-121.82128143310547,"SANTA CLARA","SAN JOSE",-121.82125091552734,37.307579040527344
91942301,2022,2022-12-14,9340,2022-12-03,1420,021885,,6,2,7,4313,0,1,1,,2,282,"I-280 N/B FROM SARATOGA AVE","SARATOGA AVE",500.00,N,N,C,-,Y,,,,,,,,,,N,4,0,2,2,A,-,03,22350,,N,D,C,A,B,H,-,A,D,0,,,,,Y,,D,22,0,0,2,0,0,0,0,0,0,"- ","- ",37.318378448486328,-121.97588348388672,"SANTA CLARA","SAN JOSE",-121.97588348388672,37.318378448486328
91942354,2022,2022-12-14,9725,2022-12-13,0715,022571,,2,1,9,4300,0,3,5,,2,001,"HILL RD","TENNANT AVE",0.00,,Y,A,-,N,,,,,,,,,,Y,4,0,1,2,A,-,09,21802,A,N,D,C,A,A,H,-,A,A,0,,,,,Y,,A,01,0,0,1,0,0,0,0,0,0,"- ","- ",37.126251220703125,-121.60809326171875,"SANTA CLARA",UNINCORPORATED,-121.60809326171875,37.126224517822266
91942430,2022,2022-12-14,9725,2022-12-12,1800,021618,,1,2,9,4300,0,1,3,,1,170,"SR-152 E/B","KAISER AETNA ROAD",3696.00,W,N,A,-,Y,SCL,,152,,R,28.150,H,,R,Y,2,0,1,2,A,-,03,22350,,F,C,C,A,A,H,-,D,D,0,,,Y,,Y,,C,02,1,0,0,0,0,0,0,0,1,"- ","- ",37.032039642333984,-121.32395172119141,"SANTA CLARA",UNINCORPORATED,-121.32393646240234,37.032024383544922
91943035,2022,2023-03-29,9340,2022-12-03,1105,023037,,6,1,6,4316,0,1,3,,2,085,"SR-85 N/B","FREMONT AVE",1214.00,S,N,C,-,Y,SCL,,85,,R,19.697,H,,R,Y,4,0,2,1,A,-,08,22107,,N,F,A,A,B,H,-,A,D,0,,,,,Y,,A,07,0,0,2,0,0,0,0,0,0,"- ","- ",37.349620819091797,-122.05973052978516,"SANTA CLARA",SUNNYVALE,-122.05986785888672,37.349609375
91943038,2022,2022-12-15,9340,2022-12-03,1115,023037,,6,1,7,4313,0,1,3,,2,085,"SR-85 N/B","FREMONT AVE",823.00,S,N,C,-,Y,SCL,,85,,R,19.705,H,,R,N,4,0,1,3,A,-,03,22350,,F,C,C,A,B,H,-,A,D,0,,,,,Y,,-,99,0,0,1,0,0,0,0,0,0,"- ","- ",37.349720001220703,-122.05979156494141,"SANTA CLARA","SAN JOSE",-122.05988311767578,37.349712371826172
91943149,2022,2022-12-15,9725,2022-12-11,2239,022880,,7,3,9,4300,0,1,2,,1,056,"US-101 N/B","ROCKS ROAD",3978.00,N,N,C,-,Y,SBT,,101,,,0.875,H,,R,Y,4,0,1,1,A,-,03,22350,,N,E,I,A,B,H,-,D,D,0,,,,,Y,,A,01,0,0,1,0,0,0,0,0,0,"- ","- ",36.862850189208984,-121.61599731445312,"SANTA CLARA",UNINCORPORATED,-121.61600494384766,36.862789154052734
91943206,2022,2023-03-13,9340,2022-12-04,1450,022963,,7,2,7,4313,0,1,1,,2,088,"I-880 S/B","N FIRST STREET",170.00,S,N,A,-,Y,SCL,,880,,,3.541,H,,L,Y,2,0,2,3,A,-,07,21658,A,N,C,C,A,A,H,-,A,D,0,,,,,Y,,A,01,1,0,1,0,0,0,0,0,0,"- ","- ",37.358020782470703,-121.90769195556641,"SANTA CLARA","SAN JOSE",-121.90766906738281,37.358009338378906
91943303,2022,2022-12-15,9330,2022-12-06,1709,023032,,2,2,5,4311,0,1,2,,2,078,"US-101 N/B","RENGSTORFF AVE",1056.00,S,N,B,-,Y,SCL,,101,,,49.342,H,,R,N,4,0,1,2,A,-,03,22350,,N,C,C,A,A,H,-,B,D,0,,,,,Y,,D,22,0,0,1,0,0,0,0,0,0,"- ","- ",37.418388366699219,-122.08873748779297,"SANTA CLARA","MOUNTAIN VIEW",-122.08871459960938,37.418407440185547
91943379,2022,2022-12-15,9340,2022-12-05,0935,022541,,1,1,9,4300,0,1,3,,2,171,"SR-17 S/B","SUMMIT RD",452.00,S,N,C,-,Y,SCL,,17,,,0.014,H,,L,Y,3,0,1,1,A,-,08,22107,,N,E,I,A,B,H,-,A,D,0,,,,,Y,,D,22,0,1,0,0,0,0,0,0,0,"- ","- ",37.144279479980469,-121.98487091064453,"SANTA CLARA",UNINCORPORATED,-121.9847412109375,37.144256591796875
91943427,2022,2022-12-15,9340,2022-12-05,1028,023034,,1,1,7,4313,0,1,1,,2,282,"I-280 S/B TO I-880 N/B","I-280 N/B",650.00,N,N,A,-,Y,SCL,,880,,,0.133,H,,R,Y,4,0,2,5,A,-,03,22350,,N,C,2,A,B,H,-,A,D,0,,,,,Y,,A,07,0,0,2,0,0,0,0,0,0,"- ","- ",37.319389343261719,-121.93997955322266,"SANTA CLARA","SAN JOSE",-121.94017791748047,37.319377899169922
91943729,2022,2022-12-15,9340,2022-12-06,1450,022963,,2,2,4,4307,0,1,3,,2,171,"SR-17 N/B","RAINERI LANE",420.00,N,N,C,-,Y,SCL,,17,,,2.286,H,,R,Y,3,0,1,1,A,-,08,22107,,N,E,I,A,B,H,-,A,D,0,,,,,Y,,A,01,0,1,0,0,0,0,0,0,0,"- ","- ",37.166961669921875,-121.98851013183594,"SANTA CLARA","LOS GATOS",-121.98854827880859,37.166946411132812
91943822,2022,2022-12-15,9340,2022-12-05,0820,023037,,1,1,9,4300,0,1,3,,2,171,"SR-17 S/B","SUMMIT RD",330.00,S,N,C,-,Y,SCL,,17,,,0.037,H,,L,Y,3,0,1,1,A,-,03,22350,,N,F,A,A,B,H,-,A,D,0,,,,,Y,,A,07,0,1,0,0,0,0,0,0,0,"- ","- ",37.144580841064453,-121.98480224609375,"SANTA CLARA",UNINCORPORATED,-121.98467254638672,37.144573211669922
91944425,2022,2022-12-16,9340,2022-12-06,0700,022968,,2,1,7,4313,0,1,1,,2,281,"I-280 N/B","10TH STREET",510.00,N,N,A,-,Y,SCL,,280,,R,1.448,H,,R,Y,3,0,1,2,A,-,03,22350,,N,C,C,A,A,H,-,A,D,0,,,Y,,Y,,C,02,0,1,0,0,0,0,0,0,1,"- ","- ",37.328121185302734,-121.87371826171875,"SANTA CLARA","SAN JOSE",-121.87372589111328,37.328166961669922
91944464,2022,2022-12-16,9340,2022-12-06,0639,023034,,2,1,7,4313,0,1,2,,2,110,"US-101 N/B","SANTA CLARA ST",436.00,N,N,A,-,Y,SCL,,101,,R,35.847,H,,R,Y,4,0,1,3,A,-,03,22350,,N,C,C,A,A,H,-,B,D,0,,,,,Y,,A,07,0,0,1,0,0,0,0,0,0,"- ","- ",37.351009368896484,-121.86253356933594,"SANTA CLARA","SAN JOSE",-121.862548828125,37.350997924804688
91944532,2022,2022-12-16,9330,2022-09-23,0815,022785,,5,1,5,4311,0,1,2,,2,078,"US-101 N/B","RENGSTORFF AVENUE",90.00,N,N,A,-,Y,SCL,,101,,,49.638,H,,R,N,4,0,1,2,A,-,03,22350,,N,C,C,A,A,H,-,A,D,0,,,,,Y,,D,22,0,0,1,0,0,0,0,0,0,"- ","- ",37.421398162841797,-122.09275817871094,"SANTA CLARA","MOUNTAIN VIEW",-122.09279632568359,37.421363830566406
91944583,2022,2022-12-16,9340,2022-12-05,0617,023034,,1,1,7,4313,0,1,1,,2,282,"I-280 N/B","SARATOGA AVE",621.00,N,N,C,-,Y,SCL,,280,,,6.071,H,,R,Y,4,0,1,1,A,-,03,22350,,N,E,8,A,B,H,-,D,D,0,,,,,Y,,A,01,0,0,1,0,0,0,0,0,0,"- ","- ",37.317989349365234,-121.97698211669922,"SANTA CLARA","SAN JOSE",-121.97703552246094,37.317867279052734
91944682,2022,2022-12-16,9340,2022-12-07,0915,022969,,3,1,7,4313,0,1,3,,2,083,"SR-85 N/B","MERIDIAN AVE",742.00,N,N,A,-,Y,SCL,,85,,,7.445,H,,R,N,4,0,1,2,A,-,03,22350,,N,C,C,A,A,H,-,A,D,0,,,,,Y,,A,01,0,0,1,0,0,0,0,0,0,"- ","- ",37.250770568847656,-121.898193359375,"SANTA CLARA","SAN JOSE",-121.898193359375,37.250823974609375
91945074,2022,2022-12-19,9330,2022-12-13,1830,022394,,2,2,5,4312,0,1,2,,2,078,"US-101 S/B","SAN ANTONIO ROAD",2640.00,N,N,A,-,Y,SCL,,101,,,50.856,H,,L,Y,4,0,1,3,A,-,03,22350,,N,C,C,A,A,H,-,A,D,0,,,,,Y,,A,01,0,0,1,0,0,0,0,0,0,"- ","- ",37.434219360351562,-122.10777282714844,"SANTA CLARA","PALO ALTO",-122.10776519775391,37.434223175048828
91945084,2022,2022-12-19,9340,2022-12-07,2130,022624,,3,2,4,4307,0,1,3,,2,035,"SR-35 (SKYLINE BLVD)","LAS CUMBRES ROAD",2100.00,S,N,A,-,N,,,,,,,,,,N,4,0,1,1,A,-,03,22350,,N,E,I,A,A,H,-,D,D,0,,,,,Y,,A,01,0,0,1,0,0,0,0,0,0,"- ","- ",37.210151672363281,-122.06462097167969,"SANTA CLARA","LOS GATOS",-122.06292724609375,37.210285186767578
91945249,2022,2022-12-19,9330,2022-12-16,1730,022929,,5,2,5,4312,0,1,2,,2,078,"US-101 S/B","EMBARCADERO RD",1056.00,N,N,A,-,Y,SCL,,101,,,52.362,H,,L,Y,3,0,1,2,A,-,03,22350,,N,C,C,A,A,H,-,D,D,0,,,,,Y,,A,07,0,1,0,0,0,0,0,0,0,"- ","- ",37.450969696044922,-122.12535095214844,"SANTA CLARA","PALO ALTO",-122.12538909912109,37.450942993164062
91945274,2022,2022-12-19,9330,2022-12-09,0847,022933,,5,1,5,4312,0,1,2,,2,078,"US-101 S/B","SAN ANTONIO ROAD",3168.00,N,N,A,-,Y,SCL,,101,,,50.928,H,,L,Y,4,0,1,2,A,-,03,22350,,N,C,C,A,A,H,-,A,D,0,,,,,Y,,A,01,0,0,1,0,0,0,0,0,0,"- ","- ",37.435020446777344,-122.10861206054688,"SANTA CLARA","PALO ALTO",-122.10861206054688,37.435020446777344
91945503,2022,2022-12-19,9340,2022-12-08,1700,022478,,4,2,7,4313,0,1,1,,2,681,"I-680 N/B","ALUM ROCK AVE",280.00,S,N,A,-,Y,SCL,,680,,M,1.678,H,,R,Y,4,0,1,2,A,-,03,22350,,N,C,C,A,A,H,-,C,D,0,,,,,Y,,A,01,0,0,1,0,0,0,0,0,0,"- ","- ",37.358978271484375,-121.84037780761719,"SANTA CLARA","SAN JOSE",-121.84052276611328,37.358928680419922