CASE_ID,ACCIDENT_YEAR,PROC_DATE,JURIS,COLLISION_DATE,COLLISION_TIME,OFFICER_ID,REPORTING_DISTRICT,DAY_OF_WEEK,CHP_SHIFT,POPULATION,CNTY_CITY_LOC,SPECIAL_COND,BEAT_TYPE,CHP_BEAT_TYPE,CITY_DIVISION_LAPD,CHP_BEAT_CLASS,BEAT_NUMBER,PRIMARY_RD,SECONDARY_RD,DISTANCE,DIRECTION,INTERSECTION,WEATHER_1,WEATHER_2,STATE_HWY_IND,CALTRANS_COUNTY,CALTRANS_DISTRICT,STATE_ROUTE,ROUTE_SUFFIX,POSTMILE_PREFIX,POSTMILE,LOCATION_TYPE,RAMP_INTERSECTION,SIDE_OF_HWY,TOW_AWAY,COLLISION_SEVERITY,NUMBER_KILLED,NUMBER_INJURED,PARTY_COUNT,PRIMARY_COLL_FACTOR,PCF_CODE_OF_VIOL,PCF_VIOL_CATEGORY,PCF_VIOLATION,PCF_VIOL_SUBSECTION,HIT_AND_RUN,TYPE_OF_COLLISION,MVIW,PED_ACTION,ROAD_SURFACE,ROAD_COND_1,ROAD_COND_2,LIGHTING,CONTROL_DEVICE,CHP_ROAD_TYPE,PEDESTRIAN_ACCIDENT,BICYCLE_ACCIDENT,MOTORCYCLE_ACCIDENT,TRUCK_ACCIDENT,NOT_PRIVATE_PROPERTY,ALCOHOL_INVOLVED,STWD_VEHTYPE_AT_FAULT,CHP_VEHTYPE_AT_FAULT,COUNT_SEVERE_INJ,COUNT_VISIBLE_INJ,COUNT_COMPLAINT_PAIN,COUNT_PED_KILLED,COUNT_PED_INJURED,COUNT_BICYCLIST_KILLED,COUNT_BICYCLIST_INJURED,COUNT_MC_KILLED,COUNT_MC_INJURED,PRIMARY_RAMP,SECONDARY_RAMP,LATITUDE,LONGITUDE,COUNTY,CITY,POINT_X,POINT_Y
92069344,2023,2023-05-15,9340,2023-05-07,"220 ",019227,,7,3,7,4313,0,1,1,,2,681,"I-680 N/B","JACKSON AVE",1742.00,S,N,A,-,Y,SCL,,680," ",M,0.838,H,,R,Y,3,0,1,1,A,-,01,23152,A,N,E,I,A,A,H,-,C,D,0,,,,,Y,Y,A,07,0,1,0,0,0,0,0,0,0,"- ","- ",37.347789764404297,-121.84078979492188,"SANTA CLARA","SAN JOSE",-121.84071350097656,37.347728729248047
92069755,2023,2023-05-16,9340,2023-05-04,1650,022868,,4,2,5,4308,0,1,1,,2,089,"I-880 S/B","DIXON LANDING RD",2660.00,S,N,B,-,Y,SCL,,880," "," ",9.914,H,,L,N,4,0,1,2,A,-,07,21658,A,N,B,2,A,A,H,-,A,D,0,,,,,Y,,A,01,0,0,1,0,0,0,0,0,0,"- ","- ",37.446929931640625,-121.9217529296875,"SANTA CLARA",MILPITAS,-121.92170715332031,37.446933746337891
92069757,2023,2023-05-16,9340,2023-05-04,1750,022688,,4,2,6,4316,0,1,2,,2,120,"US-101 S/B","LAWRENCE EXPY.",1214.00,S,N,A,-,Y,SCL,,101," "," ",43.622,H,,L,N,3,0,1,2,A,-,08,22107,,N,C,C,A,A,H,-,A,D,0,,,,,Y,,A,07,0,1,0,0,0,0,0,0,0,"- ","- ",37.389820098876953,-121.99191284179688,"SANTA CLARA",SUNNYVALE,-121.99188995361328,37.389865875244141
92069766,2023,2023-05-16,9725,2023-05-08,"155 ",022882,,1,3,9,4300,0,1,2,,2,013,"US-101 S/B","COYOTE CREEK GOLF DRIVE",5808.00,N,N,A,-,Y,SCL,,101," ",R,22.412,H,,L,Y,4,0,1,1,A,-,01,23152,A,N,F,A,A,A,H,-,D,D,0,,,,,Y,Y,A,01,0,0,1,0,0,0,0,0,0,"- ","- ",37.2010498046875,-121.70929718017578,"SANTA CLARA",UNINCORPORATED,-121.70918273925781,37.201179504394531
92069769,2023,2023-06-06,9725,2023-05-13,1140,023192,,6,1,9,4300,0,2,4,,1,019,"MONTEREY ROAD","TILTON AVENUE",53.00,N,N,A,-,N,,,,,,,,,,Y,3,0,3,3,A,-,03,22350,,N,C,C,A,A,H,-,A,A,0,,,,,Y,,A,07,0,2,1,0,0,0,0,0,0,"- ","- ",37.156368255615234,-121.67754364013672,"SANTA CLARA",UNINCORPORATED,-121.67630004882812,37.155296325683594
92069793,2023,2023-05-16,9340,2023-05-06,2240,023037,,6,3,7,4313,0,1,1,,2,089,"I-880 S/B","BROKAW ROAD",250.00,N,N,A,-,Y,SCL,,880," "," ",5.402,H,,L,Y,4,0,1,2,A,-,03,22350,,N,C,C,A,A,H,-,C,D,0,,,,,Y,,A,01,0,0,1,0,0,0,0,0,0,"- ","- ",37.383071899414062,-121.90480041503906,"SANTA CLARA","SAN JOSE",-121.90472412109375,37.383083343505859
92069898,2023,2023-05-16,9340,2023-05-07,"857 ",022541,,7,1,9,4300,0,1,3,,2,171,"SR-17 S/B","BRUSH RD",600.00,N,N,C,-,Y,SCL,,17," "," ",2.134,H,,L,Y,3,0,1,1,A,-,03,22350,,N,E,I,A,B,H,-,A,D,0,,,,,Y,,A,07,0,1,0,0,0,0,0,0,0,"- ","- ",37.164951324462891,-121.98863220214844,"SANTA CLARA",UNINCORPORATED,-121.98865509033203,37.164970397949219
92070123,2023,2023-05-16,9340,2023-05-10,"205 ",022819,,3,3,5,4308,0,1,1,,2,089,"I-880 N/B","DIXON LANDING RD",4800.00,S,N,A,-,Y,SCL,,880," "," ",9.493,H,,R,N,4,0,2,2,A,-,03,22350,,N,C,C,A,A,H,-,D,D,0,,,,,Y,,A,01,0,0,2,0,0,0,0,0,0,"- ","- ",37.440929412841797,-121.92012023925781,"SANTA CLARA",MILPITAS,-121.920166015625,37.440921783447266
92070242,2023,2023-05-16,9725,2023-05-09,1845,023169,,2,2,9,4300,0,1,2,,2,012,"US-101 SOUTHBOUND","SAN MARTIN AVENUE",50.00,N,N,A,-,Y,SCL,,101," ",R,12.486,H,,L,Y,3,0,1,2,A,-,08,22107,,N,B,C,A,A,H,-,A,D,0,,,,,Y,,A,01,0,1,0,0,0,0,0,0,0,"- ","- ",37.089130401611328,-121.59976196289062,"SANTA CLARA",UNINCORPORATED,-121.59976196289062,37.089126586914062
92070754,2023,2023-05-17,9340,2023-05-07,"110 ",023054,,7,3,7,4313,0,1,1,,2,281,"I-280 N/B TO SR-87 S/B","ALMADEN BLVD",1077.00,N,N,A,-,Y,SCL,,280," ",R,2.484,H,,R,N,3,0,1,1,A,-,08,22107,,N,E,8,A,A,H,-,D,D,0,,,,,Y,Y,A,01,0,1,0,0,0,0,0,0,0,"- ","- ",37.324188232421875,-121.89170074462891,"SANTA CLARA","SAN JOSE",-121.89167785644531,37.324119567871094
92070886,2023,2023-05-17,9340,2023-05-05,2051,020574,,5,2,7,4313,0,1,3,,2,087,"SR-87 N/B","JULIAN STREET",500.00,N,N,A,-,Y,SCL,,87," "," ",6.226,H,,R,Y,4,0,1,2,A,-,03,22350,,N,C,C,A,A,H,-,A,A,0,,,,,Y,,A,01,0,0,1,0,0,0,0,0,0,"- ","- ",37.338481903076172,-121.89833068847656,"SANTA CLARA","SAN JOSE",-121.89824676513672,37.338512420654297
92071318,2023,2023-05-17,9340,2023-05-11,1745,022688,,4,2,4,4307,0,1,3,,2,085,"SR-85 S/B","WINCHESTER BLVD.",2270.00,N,N,A,-,Y,SCL,,85," ",R,11.417,H,,L,N,4,0,1,3,A,-,03,22350,,M,C,C,A,A,H,-,A,D,0,,,,,Y,,-,"- ",0,0,1,0,0,0,0,0,0,"- ","- ",37.260948181152344,-121.97184753417969,"SANTA CLARA","LOS GATOS",-121.97183227539062,37.260971069335938
92071881,2023,2023-08-10,9340,2023-05-08,"540 ",022135,,1,3,4,4302,0,1,3,,2,172,"SR-17 S/B TO HAMILTON AVE.","HAMILTON AVE",30.00,N,N,A,-,Y,,,,,,,,,,N,4,0,1,2,A,-,01,23152,A,M,C,C,A,A,H,-,B,A,0,,,,,Y,Y,A,01,0,0,1,0,0,0,0,0,0,"- ","- ",37.294490814208984,-121.93982696533203,"SANTA CLARA",CAMPBELL,-121.93982696533203,37.294490814208984
92072990,2023,2023-05-19,9340,2023-05-11,1150,022668,,4,1,7,4313,0,1,1,,2,281,"I-280 N/B TO PARKMOOR AVENUE","MERIDIAN AVE",690.00,N,N,A,-,Y,,,,,,,,,,N,4,0,1,1,A,-,08,22107,,N,E,I,A,A,H,-,A,D,0,,,,,Y,,A,01,0,0,1,0,0,0,0,0,0,"- ","- ",37.315689086914062,-121.91506195068359,"SANTA CLARA","SAN JOSE",-121.91506195068359,37.315689086914062
92073982,2023,2023-07-27,9725,2023-05-10,1540,023169,,3,2,9,4300,0,1,2,,2,013,"US-101 SOUTHBOUND","COYOTE CREEK GOLF DRIVE",7920.00,S,N,A,-,Y,SCL,,101," ",R,19.733,H,,L,N,4,0,1,4,A,-,03,22350,,N,C,C,A,A,H,-,A,D,0,,,,,Y,,D,22,0,0,1,0,0,0,0,0,0,"- ","- ",37.174121856689453,-121.67488098144531,"SANTA CLARA",UNINCORPORATED,-121.67486572265625,37.17413330078125
92074166,2023,2023-05-22,9725,2023-05-12,2210,022608,,5,3,9,4300,0,1,2,,2,013,"US-101 SOUTHBOUND","COYOTE CREEK GOLF DRIVE",3168.00,N,N,A,-,Y,SCL,,101," ",R,21.901,H,,L,Y,3,0,2,2,A,-,01,23152,A,N,C,C,A,A,H,-,D,D,0,,,,,Y,Y,-,"- ",0,2,0,0,0,0,0,0,0,"- ","- ",37.196601867675781,-121.70182800292969,"SANTA CLARA",UNINCORPORATED,-121.70185089111328,37.196582794189453
92074512,2023,2023-05-22,9725,2023-05-12,1555,022112,,5,2,9,4300,0,1,3,,1,130,SR-25,US-101,1300.00,S,N,A,-,Y,SCL,,25," "," ",2.342,H,,R,Y,4,0,2,2,A,-,05,21460,,F,B,C,A,A,H,-,A,D,0,,,,,Y,,-,99,0,0,2,0,0,0,0,0,0,"- ","- ",36.962211608886719,-121.54786682128906,"SANTA CLARA",UNINCORPORATED,-121.54786682128906,36.962200164794922
92074521,2023,2023-05-22,9725,2023-05-16,1610,022112,,2,2,9,4300,0,1,2,,2,011,US-101,"10TH STREET",350.00,N,N,A,-,Y,,,,,,,,,,N,4,0,1,2,A,-,21,22106,,N,C,C,A,A,H,-,A,A,0,,,,,Y,,A,01,0,0,1,0,0,0,0,0,0,"- ","- ",37.003578186035156,-121.55728912353516,"SANTA CLARA",UNINCORPORATED,-121.55657958984375,37.003990173339844
92074745,2023,2023-05-23,9340,2023-05-10,1445,022688,,3,2,7,4313,0,1,1,,2,282,"I-280 N/B","SAN TOMAS EXPY.",425.00,N,N,A,-,Y,SCL,,280," "," ",5.444,H,,R,N,4,0,2,6,A,-,03,22350,,F,C,C,A,A,H,-,A,D,0,,,,,Y,,A,01,0,0,2,0,0,0,0,0,0,"- ","- ",37.316581726074219,-121.96597290039062,"SANTA CLARA","SAN JOSE",-121.96596527099609,37.316520690917969
92075022,2023,2023-05-23,9330,2023-05-16,1530,019432,,2,2,5,4311,0,1,2,,2,078,"US-101 S/B","OREGON EXPRESSWAY",3696.00,S,N,A,-,Y,SCL,,101," "," ",51.296,H,,L,N,3,0,1,2,A,-,03,22350,,F,C,C,A,A,H,-,A,D,0,,,,,Y,,-,99,0,1,0,0,0,0,0,0,0,"- ","- ",37.439090728759766,-122.11293792724609,"SANTA CLARA","MOUNTAIN VIEW",-122.11290740966797,37.439109802246094
92075415,2023,2023-05-23,9725,2023-05-11,1920,023192,,4,2,9,4300,0,2,4,,1,020,"WATSONVILLE RD","OAK GLEN AVE",233.00,S,N,A,-,N,,,,,,,,,,Y,2,0,1,1,A,-,03,22350,,N,F,A,A,A,H,-,A,D,0,,,Y,,Y,,C,02,1,0,0,0,0,0,0,0,1,"- ","- ",37.125820159912109,-121.73329162597656,"SANTA CLARA",UNINCORPORATED,-121.65584564208984,37.078693389892578
92075592,2023,2023-05-23,9725,2023-05-15,1915,023169,,1,2,9,4300,0,1,2,,1,010,"US-101 SOUTHBOUND","MESA ROAD",450.00,N,N,A,-,Y,SCL,,101," ",T,4.245,H,,L,N,4,0,1,2,A,-,03,22350,,F,C,C,A,A,H,-,A,D,0,,,,,Y,Y,-,99,0,0,1,0,0,0,0,0,0,"- ","- ",36.977020263671875,-121.5560302734375,"SANTA CLARA",UNINCORPORATED,-121.55603790283203,36.977016448974609
92076053,2023,2023-05-24,9330,2023-05-16,1710,022394,,2,2,2,4306,0,1,1,,2,074,"I-280 N/B","EL MONTE ROAD",1584.00,S,N,A,-,Y,SCL,,280," "," ",14.745,H,,R,Y,3,0,1,2,A,-,07,21658,A,N,B,C,A,A,H,-,A,D,0,,,,,Y,,A,07,0,1,0,0,0,0,0,0,0,"- ","- ",37.357391357421875,-122.11714935302734,"SANTA CLARA","LOS ALTOS HILLS",-122.11719512939453,37.357353210449219
92076291,2023,2023-05-24,9330,2023-05-15,1745,022394,,1,2,5,4311,0,1,3,,2,076,"SR-85 S/B","FREMONT AVENUE",3168.00,N,N,A,-,Y,SCL,,85," ",R,20.512,H,,L,N,3,0,1,4,A,-,03,22350,,N,C,D,A,A,H,-,A,D,0,,,,,Y,,A,08,0,1,0,0,0,0,0,0,0,"- ","- ",37.361011505126953,-122.06304168701172,"SANTA CLARA","MOUNTAIN VIEW",-122.06302642822266,37.361011505126953
92076790,2023,2023-05-24,9340,2023-05-12,2047,022969,,5,2,7,4313,0,1,1,,2,089,"I-880 S/B","DIXON LANDING RD",2455.00,S,N,A,-,Y,SCL,,880," "," ",9.957,H,,L,Y,4,0,1,3,A,-,03,22350,,N,C,C,A,A,H,-,D,D,0,,,,,Y,,A,01,0,0,1,0,0,0,0,0,0,"- ","- ",37.44757080078125,-121.92176818847656,"SANTA CLARA","SAN JOSE",-121.92182922363281,37.447563171386719
92077165,2023,2023-05-25,9340,2023-05-13,"30  ",023222,,6,3,7,4313,0,1,3,,2,087,"SR-87 N/B","CURTNER AVE",3590.00,S,N,A,-,Y,SCL,,87," "," ",2.162,H,,R,Y,3,0,1,2,A,-,03,22350,,M,C,2,A,A,H,-,D,D,0,,,,,Y,,A,01,0,1,0,0,0,0,0,0,0,"- ","- ",37.285411834716797,-121.86808013916016,"SANTA CLARA","SAN JOSE",-121.86800384521484,37.285446166992188
92077179,2023,2023-05-25,9340,2023-05-13,"50  ",023059,,6,3,7,4313,0,1,1,,2,088,"I-880 S/B","N FIRST STREET",350.00,S,N,A,-,Y,SCL,,880," "," ",3.540,H,,L,Y,4,0,1,1,A,-,01,23152,A,N,E,I,A,A,H,-,D,D,0,,,,,Y,Y,A,01,0,0,1,0,0,0,0,0,0,"- ","- ",37.357948303222656,-121.90757751464844,"SANTA CLARA","SAN JOSE",-121.90767669677734,37.358001708984375
92077201,2023,2023-10-06,9340,2023-05-13,1525,022877,,6,2,7,4313,0,1,2,,2,120,"US-101 N/B","OLD OAKLAND RD.",75.00,N,N,A,-,Y,SCL,,101," "," ",37.750,H,,R,Y,2,0,3,4,A,-,08,22107,,N,C,C,A,A,H,-,A,D,0,,,,,Y,,A,01,1,2,0,0,0,0,0,0,0,"- ","- ",37.36322021484375,-121.89193725585938,"SANTA CLARA","SAN JOSE",-121.89195251464844,37.363151550292969
92077265,2023,2023-05-25,9725,2023-05-14,2340,022882,,7,3,9,4300,0,1,2,,2,015,"US-101 N/B","METCALF ROAD",3168.00,N,N,A,-,Y,SCL,,101," ",R,25.969,H,,R,Y,3,0,1,1,A,-,08,22107,,N,E,8,A,A,H,-,D,D,0,,,,,Y,,A,08,0,1,0,0,0,0,0,0,0,"- ","- ",37.235481262207031,-121.75702667236328,"SANTA CLARA",UNINCORPORATED,-121.75717163085938,37.235324859619141
92077291,2023,2023-05-25,9340,2023-05-14,1250,023056,,7,1,7,4313,0,1,2,,2,110,"US-101 N/B","OLD OAKLAND RD",570.00,S,N,A,-,Y,SCL,,101," "," ",37.609,H,,R,N,4,0,2,2,A,-,03,22350,,N,C,C,A,A,H,-,A,D,0,,,,,Y,,A,01,0,0,2,0,0,0,0,0,0,"- ","- ",37.362979888916016,-121.88941955566406,"SANTA CLARA","SAN JOSE",-121.88942718505859,37.3629150390625
92077324,2023,2023-05-25,9340,2023-05-13,"920 ",020208,,6,1,7,4313,0,1,3,,2,087,"SR-87 S/B TO CAPITOL EXPRESSWAY","CAPITOL EXPRESSWAY",174.00,N,N,A,-,Y,SCL,,87," "," ",1.416,H,,L,Y,2,0,3,4,A,-,03,22350,,N,B,C,A,A,H,-,A,A,0,,,,,Y,,A,07,1,0,2,0,0,0,0,0,0,"- ","- ",37.275291442871094,-121.86379241943359,"SANTA CLARA","SAN JOSE",-121.86347198486328,37.275333404541016
92077334,2023,2023-05-25,9340,2023-05-15,1007,020591,,1,1,7,4313,0,1,1,,2,681,"I-680 S/B","BERRYESSA ROAD",1256.00,N,N,A,-,Y,SCL,,680," ",M,4.091,H,,L,Y,3,0,1,1,A,-,08,22107,,N,F,A,A,A,H,-,A,D,0,,,,,Y,,A,01,0,1,0,0,0,0,0,0,0,"- ","- ",37.387020111083984,-121.86614227294922,"SANTA CLARA","SAN JOSE",-121.86599731445312,37.387119293212891
92077606,2023,2023-05-25,9340,2023-05-16,1400,022247,,2,2,5,4303,0,1,3,,2,085,"SR-85 N/B","STEVENS CREEK BLVD",716.00,N,N,A,-,Y,SCL,,85," ",R,17.847,H,,R,Y,3,0,2,1,A,-,08,22107,,N,E,I,A,A,H,-,A,D,0,,,,,Y,,D,22,0,2,0,0,0,0,0,0,0,"- ","- ",37.324989318847656,-122.05039978027344,"SANTA CLARA",CUPERTINO,-122.05037689208984,37.324993133544922
92077727,2023,2023-05-25,9330,2023-05-11,1450,023256,,4,2,9,4300,0,1,1,,2,044,"I-280 NORTHBOUND","VISTA 1",200.00,N,N,A,-,Y,SM,,280," "," ",7.657,H,,R,Y,4,0,2,2,A,-,01,23152,G,N,C,C,A,A,H,-,A,D,0,,,,,Y,Y,A,07,0,0,2,0,0,0,0,0,0,"- ","- ",37.481208801269531,-122.29869079589844,"SANTA CLARA",UNINCORPORATED,-122.29889678955078,37.481246948242188
92077735,2023,2023-05-25,9330,2023-05-23,"900 ",023251,,2,1,5,4311,0,1,3,,2,076,"SR-85 N/B","CENTRAL EXPRESSWAY",1767.00,S,N,A,-,Y,SCL,,85," ",R,23.011,H,,R,Y,4,0,1,2,A,-,03,22350,,N,C,C,A,A,H,-,A,D,0,,,,,Y,,A,01,0,0,1,0,0,0,0,0,0,"- ","- ",37.396549224853516,-122.06867218017578,"SANTA CLARA","MOUNTAIN VIEW",-122.06873321533203,37.396537780761719
92079249,2023,2023-05-26,9340,2023-05-15,1710,022686,,1,2,7,4313,0,1,3,,2,087,"SR-87 S/B TO SANTA TERESA BLVD","CHYNOWETH AVE",935.00,N,N,A,-,Y,SCL,,87," "," ",0.455,H,,L,N,3,0,1,2,A,-,08,22107,,F,B,C,A,A,H,-,A,D,0,,,Y,,Y,,-,99,0,1,0,0,0,0,0,0,1,"- ","- ",37.262058258056641,-121.85910797119141,"SANTA CLARA","SAN JOSE",-121.85919189453125,37.262065887451172
92079405,2023,2023-05-26,9340,2023-05-16,2015,022635,,2,2,7,4313,0,1,1,,2,282,"I-280 N/B","SARATOGA AVE",710.00,S,N,A,-,Y,SCL,,280," "," ",5.799,H,,R,Y,4,0,2,2,A,-,08,22107,,N,B,C,A,A,H,-,D,D,0,,,,,Y,,A,01,0,0,2,0,0,0,0,0,0,"- ","- ",37.316661834716797,-121.97235107421875,"SANTA CLARA","SAN JOSE",-121.97235870361328,37.316612243652344
92079476,2023,2023-05-26,9340,2023-05-17,1721,022877,,3,2,7,4313,0,1,1,,2,681,"I-680 S/B","KING RD.",1891.00,N,N,A,-,Y,SCL,,680," ",M,0.767,H,,L,Y,3,0,1,3,A,-,03,22350,,N,C,C,A,A,H,-,A,D,0,,,,,Y,,A,07,0,1,0,0,0,0,0,0,0,"- ","- ",37.347190856933594,-121.84187316894531,"SANTA CLARA","SAN JOSE",-121.84184265136719,37.34716796875
92079560,2023,2023-05-26,9340,2023-05-16,1550,022686,,2,2,7,4313,0,1,3,,2,087,"SR-87 S/B","AIRPORT PKWY",600.00,S,N,A,-,Y,SCL,,87," "," ",8.629,H,,L,N,4,0,1,3,A,-,03,22350,,N,C,A,A,A,H,-,A,D,0,,,,,Y,,A,01,0,0,1,0,0,0,0,0,0,"- ","- ",37.366989135742188,-121.92233276367188,"SANTA CLARA","SAN JOSE",-121.92230224609375,37.367019653320312
92079665,2023,2023-05-26,9340,2023-05-16,1710,015825,,2,2,5,4308,0,1,1,,2,681,"I-680 S/B","CALAVERAS BLVD",500.00,N,N,A,-,Y,SCL,,680," ",M,7.956,H,,L,Y,4,0,3,3,A,-,03,22350,,N,C,C,A,A,H,-,A,D,0,,,,,Y,,A,07,0,0,3,0,0,0,0,0,0,"- ","- ",37.439090728759766,-121.88973999023438,"SANTA CLARA",MILPITAS,-121.88981628417969,37.439079284667969
92079676,2023,2023-05-26,9330,2023-05-25,1430,023158,,4,2,5,4312,0,1,2,,2,078,"US-101 SB","SAN ANTONIO RD",2640.00,N,N,A,-,Y,SCL,,101," "," ",50.520,H,,L,N,4,0,1,2,A,-,03,22350,,N,C,C,A,A,H,-,A,D,0,,,,,Y,,A,01,0,0,1,0,0,0,0,0,0,"- ","- ",37.430469512939453,-122.10384368896484,"SANTA CLARA","PALO ALTO",-122.10383605957031,37.430473327636719
92080340,2023,2023-05-29,9340,2023-05-13,"423 ",022779,,6,3,4,4307,0,1,3,,2,085,"SR-85 N/B","WINCHESTER BLVD.",2580.00,N,N,A,-,Y,SCL,,85," ",R,11.489,H,,R,Y,4,0,1,1,A,-,01,23152,A,N,E,I,A,A,H,-,D,D,0,,,,,Y,Y,D,22,0,0,1,0,0,0,0,0,0,"- ","- ",37.261608123779297,-121.97244262695312,"SANTA CLARA","LOS GATOS",-121.97251129150391,37.261512756347656
92080398,2023,2023-05-29,9340,2023-05-17,1430,023161,,3,2,6,4316,0,1,2,,2,120,"US 101 NB",MATHILDA,50.00,N,N,A,-,Y,SCL,,101," "," ",45.694,H,,R,Y,4,0,1,2,A,-,03,22350,,N,C,C,A,A,H,-,A,D,0,,,,,Y,,A,01,0,0,1,0,0,0,0,0,0,"- ","- ",37.399131774902344,-122.02793884277344,"SANTA CLARA",SUNNYVALE,-122.0279541015625,37.399070739746094
92080403,2023,2023-05-29,9340,2023-05-17,1720,022688,,3,2,5,4308,0,1,1,,2,681,"I-680 S/B TO JACKLIN RD.","JACKLIN RD.",18.00,N,N,A,-,Y,,,,,,,,,,N,4,0,1,2,A,-,03,22350,,F,C,C,A,A,H,-,A,A,0,,,,,Y,,-,99,0,0,1,0,0,0,0,0,0,"- ","- ",37.447238922119141,-121.89215850830078,"SANTA CLARA",MILPITAS,-121.89215850830078,37.447238922119141
92080474,2023,2023-05-29,9340,2023-05-19,"820 ",023274,,5,1,7,4313,0,1,3,,2,087,"SR-87 N/B","CURTNER AVE",560.00,S,N,A,-,Y,SCL,,87," "," ",2.728,H,,R,Y,4,0,1,3,A,-,03,22350,,N,C,2,A,A,H,-,A,D,0,,,,,Y,,D,22,0,0,1,0,0,0,0,0,0,"- ","- ",37.292930603027344,-121.87216949462891,"SANTA CLARA","SAN JOSE",-121.87215423583984,37.292934417724609
92081058,2023,2023-05-30,9725,2023-05-22,1543,022777,,1,2,9,4300,0,1,2,,2,011,"US-101 NORTHBOUND","MASTEN AVE",528.00,S,N,A,-,Y,SCL,,101," ",R,10.164,H,,R,N,4,0,1,1,C,-,18,,,N,E,J,A,A,H,-,A,D,0,,,,,Y,,-,"- ",0,0,1,0,0,0,0,0,0,"- ","- ",37.057979583740234,-121.58380126953125,"SANTA CLARA",UNINCORPORATED,-121.58377075195312,37.057987213134766
92081198,2023,2023-05-30,9725,2023-05-23,1750,022777,,2,2,9,4300,0,1,3,,1,130,"SR-25 NORTHBOUND","BLOOMFIELD AVE",0.00,,Y,A,-,Y,SCL,,25," "," ",1.699,H,,R,Y,4,0,1,2,A,-,09,21802,A,N,D,C,A,A,H,-,A,D,0,,,,,Y,,A,07,0,0,1,0,0,0,0,0,0,"- ","- ",36.961318969726562,-121.53679656982422,"SANTA CLARA",UNINCORPORATED,-121.53681945800781,36.9613037109375
92081206,2023,2023-05-30,9340,2023-05-18,"540 ",022792,,4,3,7,4313,0,1,2,,2,110,"US-101 N/B","MCKEE ROAD",320.00,S,N,A,-,Y,SCL,,101," ",R,36.054,H,,R,Y,3,0,2,3,A,-,03,22350,,N,C,C,A,A,H,-,A,D,0,,,,,Y,,D,22,0,2,0,0,0,0,0,0,0,"- ","- ",37.353271484375,-121.86504364013672,"SANTA CLARA","SAN JOSE",-121.864990234375,37.353302001953125
92081218,2023,2023-05-30,9340,2023-05-19,"930 ",022963,,5,1,7,4313,0,1,2,,2,120,"US-101 N/B","OLD OAKLAND RD",920.00,N,N,A,-,Y,SCL,,101," "," ",37.907,H,,R,N,4,0,1,2,A,-,08,22107,,N,B,C,A,A,H,-,A,D,0,,,,,Y,,-,"- ",0,0,1,0,0,0,0,0,0,"- ","- ",37.363491058349609,-121.89482116699219,"SANTA CLARA","SAN JOSE",-121.89482879638672,37.363410949707031
92081588,2023,2023-05-30,9340,2023-05-24,1830,022635,,3,2,7,4313,0,1,1,,2,282,"I-280 S/B","SAN TOMSA EXPY",1395.00,S,N,A,-,Y,SCL,,280," "," ",5.007,H,,L,N,4,0,1,3,A,-,03,22350,,N,C,C,A,A,H,-,A,D,0,,,,,Y,,A,07,0,0,1,0,0,0,0,0,0,"- ","- ",37.316341400146484,-121.95868682861328,"SANTA CLARA","SAN JOSE",-121.95868682861328,37.316337585449219
92082124,2023,2023-05-31,9340,2023-05-19,1500,022877,,5,2,7,4313,0,1,1,,2,681,"I-680 S/B","ALUM ROCK AVE.",1365.00,N,N,A,-,Y,SCL,,680," ",M,2.005,H,,L,Y,3,0,2,3,A,-,03,22350,,N,C,C,A,A,H,-,A,D,0,,,,,Y,,D,22,0,1,1,0,0,0,0,0,0,"- ","- ",37.363071441650391,-121.84333801269531,"SANTA CLARA","SAN JOSE",-121.84327697753906,37.363094329833984