CASE_ID,ACCIDENT_YEAR,PROC_DATE,JURIS,COLLISION_DATE,COLLISION_TIME,OFFICER_ID,REPORTING_DISTRICT,DAY_OF_WEEK,CHP_SHIFT,POPULATION,CNTY_CITY_LOC,SPECIAL_COND,BEAT_TYPE,CHP_BEAT_TYPE,CITY_DIVISION_LAPD,CHP_BEAT_CLASS,BEAT_NUMBER,PRIMARY_RD,SECONDARY_RD,DISTANCE,DIRECTION,INTERSECTION,WEATHER_1,WEATHER_2,STATE_HWY_IND,CALTRANS_COUNTY,CALTRANS_DISTRICT,STATE_ROUTE,ROUTE_SUFFIX,POSTMILE_PREFIX,POSTMILE,LOCATION_TYPE,RAMP_INTERSECTION,SIDE_OF_HWY,TOW_AWAY,COLLISION_SEVERITY,NUMBER_KILLED,NUMBER_INJURED,PARTY_COUNT,PRIMARY_COLL_FACTOR,PCF_CODE_OF_VIOL,PCF_VIOL_CATEGORY,PCF_VIOLATION,PCF_VIOL_SUBSECTION,HIT_AND_RUN,TYPE_OF_COLLISION,MVIW,PED_ACTION,ROAD_SURFACE,ROAD_COND_1,ROAD_COND_2,LIGHTING,CONTROL_DEVICE,CHP_ROAD_TYPE,PEDESTRIAN_ACCIDENT,BICYCLE_ACCIDENT,MOTORCYCLE_ACCIDENT,TRUCK_ACCIDENT,NOT_PRIVATE_PROPERTY,ALCOHOL_INVOLVED,STWD_VEHTYPE_AT_FAULT,CHP_VEHTYPE_AT_FAULT,COUNT_SEVERE_INJ,COUNT_VISIBLE_INJ,COUNT_COMPLAINT_PAIN,COUNT_PED_KILLED,COUNT_PED_INJURED,COUNT_BICYCLIST_KILLED,COUNT_BICYCLIST_INJURED,COUNT_MC_KILLED,COUNT_MC_INJURED,PRIMARY_RAMP,SECONDARY_RAMP,LATITUDE,LONGITUDE,COUNTY,CITY,POINT_X,POINT_Y
92082286,2023,2023-05-31,9340,2023-05-21,"600 ",023219,,7,1,7,4313,0,1,1,,2,088,"I-880 S/B",US-101,236.00,S,N,A,-,Y,SCL,,880," "," ",4.007,H,,L,Y,4,0,1,1,A,-,08,22107,,N,E,I,A,A,H,-,A,D,0,,,,,Y,,A,01,0,0,1,0,0,0,0,0,0,"- ","- ",37.363361358642578,-121.90264129638672,"SANTA CLARA","SAN JOSE",-121.90251159667969,37.363307952880859
92082487,2023,2023-05-31,9330,2023-05-28,"645 ",023039,,7,1,9,4300,0,1,1,,2,074,"I-280 S/B","FOOTHILL EXPRESSWAY",1227.00,N,N,B,-,Y,SCL,,280," "," ",11.710,H,,L,Y,4,0,2,1,A,-,08,22107,,N,E,I,A,A,H,-,A,D,0,,,,,Y,,A,01,0,0,2,0,0,0,0,0,0,"- ","- ",37.333518981933594,-122.07282257080078,"SANTA CLARA",UNINCORPORATED,-122.07282257080078,37.333522796630859
92082546,2023,2023-05-31,9340,2023-05-22,"920 ",023056,,1,1,6,4316,0,1,3,,2,230,"SR-237 W/B","GREAT AMERICA PKY",1580.00,W,N,A,-,Y,SCL,,237," ",R,5.498,H,,L,N,4,0,1,2,A,-,03,22350,,N,C,C,A,A,H,-,A,D,0,,,Y,,Y,,C,02,0,0,1,0,0,0,0,0,1,"- ","- ",37.413410186767578,-121.98333740234375,"SANTA CLARA",SUNNYVALE,-121.98336029052734,37.413436889648438
92082597,2023,2023-05-31,9340,2023-05-18,"833 ",022302,,4,1,7,4313,0,1,1,,2,281,"I-280 N/B",US-101,750.00,N,N,A,-,Y,SCL,,280," ",R,0.168,H,,R,N,4,0,1,2,A,-,03,22350,,M,C,C,A,A,H,-,A,D,0,,,,,Y,,-,99,0,0,1,0,0,0,0,0,0,"- ","- ",37.338279724121094,-121.85456848144531,"SANTA CLARA","SAN JOSE",-121.85454559326172,37.338253021240234
92083320,2023,2023-06-01,9725,2023-05-19,1330,023169,,5,1,9,4300,0,3,5,,2,003,"WATSONVILLE ROAD WESTBOUND","BOWDEN COURT",528.00,W,N,A,-,N,,,,,,,,,,Y,2,0,1,2,A,-,06,21750,,N,D,2,A,A,H,-,A,D,0,,,Y,,Y,Y,C,02,1,0,0,0,0,0,0,0,1,"- ","- ",37.085201263427734,-121.65342712402344,"SANTA CLARA",UNINCORPORATED,-121.65325927734375,37.083770751953125
92083402,2023,2023-06-01,9340,2023-05-19,2335,023222,,5,3,9,4300,0,1,2,,2,110,"US-101 S/B","EAST TAYLOR ST.",259.00,N,N,A,-,Y,SCL,,101," "," ",36.993,H,,L,Y,2,0,1,1,A,-,08,22107,,N,E,I,A,A,H,-,D,D,0,,,,,Y,,A,01,1,0,0,0,0,0,0,0,0,"- ","- ",37.361408233642578,-121.87837982177734,"SANTA CLARA",UNINCORPORATED,-121.87842559814453,37.361297607421875
92083446,2023,2023-06-01,9340,2023-05-23,1359,023170,,2,1,7,4313,0,1,1,,2,088,"I-880 N/B","THE ALAMEDA",1534.00,N,N,A,-,Y,SCL,,880," "," ",2.373,H,,R,Y,3,0,1,1,A,-,08,22107,,N,E,I,A,A,H,-,A,D,0,,,,,Y,,A,01,0,1,0,0,0,0,0,0,0,"- ","- ",37.345771789550781,-121.92211151123047,"SANTA CLARA","SAN JOSE",-121.92221069335938,37.345859527587891
92083651,2023,2023-06-01,9340,2023-05-24,"720 ",023274,,3,1,9,4300,0,1,3,,2,171,"SR-17 N/B","IDYLWILD RD",800.00,S,N,B,-,Y,SCL,,17," "," ",2.359,H,,R,N,4,0,1,2,A,-,03,22350,,F,C,C,A,A,H,-,A,D,0,,,,,Y,Y,-,99,0,0,1,0,0,0,0,0,0,"- ","- ",37.167881011962891,-121.98890686035156,"SANTA CLARA",UNINCORPORATED,-121.98890686035156,37.167881011962891
92083659,2023,2023-06-01,9340,2023-05-24,"745 ",018665,,3,1,4,4315,0,1,3,,2,085,"SR-85 N/B","SARATOGA AVE.",3053.00,N,N,A,-,Y,SCL,,85," ",R,14.296,H,,R,Y,4,0,2,4,A,-,03,22350,,N,C,C,A,A,H,-,A,D,0,,,,,Y,,A,08,0,0,2,0,0,0,0,0,0,"- ","- ",37.282859802246094,-122.01510620117188,"SANTA CLARA",SARATOGA,-122.01511383056641,37.282855987548828
92083780,2023,2023-06-01,9340,2023-05-06,1410,023161,,6,2,7,4313,0,1,1,,2,681,"I-680 N/B","YOSEMITE DRIVE",150.00,S,N,C,-,Y,SCL,,680," ",M,6.946,H,,R,Y,4,0,2,3,A,-,03,22350,,N,B,C,A,B,H,-,A,D,0,,,,,Y,,A,01,0,0,2,0,0,0,0,0,0,"- ","- ",37.425388336181641,-121.88352966308594,"SANTA CLARA","SAN JOSE",-121.88356781005859,37.425380706787109
92083971,2023,2023-06-01,9340,2023-05-24,1841,022877,,3,2,7,4313,0,1,1,,2,281,"I-280 S/B","LEIGH AVE.",740.00,S,N,A,-,Y,SCL,,280," ",R,4.350,H,,L,N,3,0,1,3,A,-,03,22350,,N,C,C,A,A,H,-,A,D,0,,,,,Y,,D,22,0,1,0,0,0,0,0,0,0,"- ","- ",37.316719055175781,-121.92115783691406,"SANTA CLARA","SAN JOSE",-121.92115783691406,37.316768646240234
92083976,2023,2023-06-01,9330,2023-05-31,1325,023011,,3,1,9,4300,0,3,5,,2,071,"LOMITA WAY","LAGUNITA DR",0.00,,Y,A,-,N,,,,,,,,,,N,3,0,1,2,A,-,09,21801,B,N,D,C,A,A,H,-,A,D,0,,Y,,,Y,,L,04,0,1,0,0,0,0,1,0,0,"- ","- ",37.423168182373047,-122.17333221435547,"SANTA CLARA",UNINCORPORATED,,
92083977,2023,2023-06-01,9330,2023-05-31,1300,023011,,3,1,9,4300,0,3,5,,2,071,"MAYFIELD AVE","DOLORES ST",50.00,N,N,A,-,N,,,,,,,,,,N,4,0,1,2,A,-,09,21804,A,N,D,C,A,A,H,-,A,D,0,,Y,,,Y,,L,04,0,0,1,0,0,0,1,0,0,"- ","- ",37.419258117675781,-122.1658935546875,"SANTA CLARA",UNINCORPORATED,-122.16552734375,37.419055938720703
92084417,2023,2023-06-02,9330,2023-05-22,1817,023254,,1,2,5,4311,0,1,2,,2,078,"US-101 NB","RENGSTORFF AVENUE",528.00,S,N,A,-,Y,SCL,,101," "," ",49.473,H,,R,Y,3,0,2,5,A,-,07,21658,A,N,B,C,A,A,H,-,A,D,0,,,,,Y,,A,01,0,1,1,0,0,0,0,0,0,"- ","- ",37.419689178466797,-122.09058380126953,"SANTA CLARA","MOUNTAIN VIEW",-122.09053039550781,37.419731140136719
92084626,2023,2023-06-02,9340,2023-05-21,1655,023170,,7,2,7,4313,0,1,1,,2,681,"I-680 S/B FROM CAPITOL EXPRESSWAY","EAST CAPITOL EXPY",282.00,N,N,A,-,Y,,,,,,,,,,N,2,0,3,2,A,-,08,22107,,N,D,C,A,A,H,-,A,D,0,,,Y,,Y,,C,06,2,1,0,0,0,0,0,0,3,"- ","- ",37.356430053710938,-121.83981323242188,"SANTA CLARA","SAN JOSE",-121.83981323242188,37.356430053710938
92084639,2023,2023-06-02,9340,2023-05-21,1930,023170,,7,2,7,4313,0,1,1,,2,681,"I-680 S/B TO CAPITOL AVE","CAPITOL AVENUE",944.00,N,N,A,-,Y,SCL,,680," ",M,5.319,H,,L,N,4,0,1,1,A,-,01,23152,A,N,E,8,A,A,H,-,A,D,0,,,,,Y,Y,A,07,0,0,1,0,0,0,0,0,0,"- ","- ",37.402400970458984,-121.87712097167969,"SANTA CLARA","SAN JOSE",-121.87686157226562,37.402450561523438
92084842,2023,2023-06-02,9340,2023-05-20,1500,022938,,6,2,4,4315,0,1,3,,2,085,"SR-85 N/B","SARATOGA AVENUE",108.00,N,N,A,-,Y,SCL,,85," ",R,13.732,H,,R,Y,3,0,1,1,A,-,08,22107,,N,E,8,A,A,H,-,A,D,0,,,,,Y,,A,01,0,1,0,0,0,0,0,0,0,"- ","- ",37.277301788330078,-122.00775146484375,"SANTA CLARA",SARATOGA,-122.00780487060547,37.277252197265625
92084906,2023,2023-06-02,9330,2023-06-02,1100,022914,,5,1,5,4312,0,1,2,,2,078,"US-101 SB","SAN ANTONIO ROAD",2112.00,N,N,A,-,Y,SCL,,101," "," ",50.725,H,,L,N,3,0,1,4,A,-,03,22350,,N,C,C,A,A,H,-,A,D,0,,,,,Y,,A,07,0,1,0,0,0,0,0,0,0,"- ","- ",37.432758331298828,-122.10623931884766,"SANTA CLARA","PALO ALTO",-122.10623168945312,37.432762145996094
92085612,2023,2023-06-05,9340,2023-05-28,1430,020684,,7,2,6,4316,0,1,3,,2,220,"SR-237 W/B",US-101,1650.00,W,N,A,-,Y,SCL,,237," "," ",2.143,H,,L,Y,4,0,1,2,A,-,05,21651,B,N,D,C,A,A,H,-,A,A,0,,,,,Y,,A,01,0,0,1,0,0,0,0,0,0,"- ","- ",37.398090362548828,-122.04090881347656,"SANTA CLARA",SUNNYVALE,-122.04092407226562,37.398105621337891
92085710,2023,2023-06-05,9340,2023-05-24,1750,022374,,3,2,9,4300,0,1,3,,2,009,SR-9,"HEATHER HEIGHTS RD",1753.00,N,N,A,-,Y,SCL,,9," "," ",0.801,H,,R,N,2,0,1,1,A,-,03,22350,,N,F,A,A,A,H,-,A,D,0,,Y,,,Y,,L,04,1,0,0,0,0,0,1,0,0,"- ","- ",37.260398864746094,-122.1126708984375,"SANTA CLARA",UNINCORPORATED,-122.1126708984375,37.260410308837891
92085774,2023,2023-06-05,9340,2023-05-24,1820,022825,,3,2,7,4313,0,1,1,,2,681,"I-680 S/B","JACKLIN RD",1405.00,S,N,A,-,Y,SCL,,680," ",M,8.171,H,,L,Y,3,0,1,3,A,-,08,22107,,N,B,C,A,A,H,-,A,D,0,,,,,Y,,A,07,0,1,0,0,0,0,0,0,0,"- ","- ",37.442169189453125,-121.89037322998047,"SANTA CLARA","SAN JOSE",-121.89042663574219,37.442161560058594
92085779,2023,2023-06-05,9340,2023-05-23,1750,023170,,2,2,7,4313,0,1,1,,2,088,"I-880 N/B",SR-87,91.00,N,N,A,-,Y,SCL,,880," "," ",3.240,H,,R,N,4,0,1,2,A,-,03,22350,,N,C,C,A,A,H,-,A,D,0,,,,,Y,,A,01,0,0,1,0,0,0,0,0,0,"- ","- ",37.354450225830078,-121.91098785400391,"SANTA CLARA","SAN JOSE",-121.91099548339844,37.354454040527344
92086185,2023,2023-06-05,9340,2023-05-27,"350 ",022819,,6,3,7,4313,0,1,1,,2,281,"I-280 N/B TO SR-87",SR-87,1530.00,S,N,A,-,Y,SCL,,280," ",R,2.221,H,,R,N,4,0,1,2,A,-,01,23152,A,N,B,2,A,A,H,-,C,A,0,,,,,Y,Y,A,01,0,0,1,0,0,0,0,0,0,"- ","- ",37.325099945068359,-121.88706970214844,"SANTA CLARA","SAN JOSE",-121.88703918457031,37.32501220703125
92086284,2022,2023-06-05,9340,2022-12-16,0515,022660,,5,3,7,4313,0,1,2,,2,110,"US-101 S/B","MCKEE RD",515.00,N,N,A,-,Y,SCL,,101,,R,36.248,H,,L,N,1,1,0,3,A,-,11,21954,A,M,G,B,E,A,H,-,C,D,0,Y,,,,Y,,N,60,0,0,0,1,0,0,0,0,0,"- ","- ",37.355220794677734,-121.86753082275391,"SANTA CLARA","SAN JOSE",-121.86751556396484,37.355232238769531
92086352,2022,2023-06-05,9340,2022-12-10,0915,022969,,6,1,9,4300,0,1,3,,2,171,"SR-17 N/B","IDYLWILD RD",0.00,,Y,C,-,Y,SCL,,17,,,2.529,H,,R,Y,1,1,1,2,A,-,09,21802,A,N,D,C,A,B,H,-,A,A,0,,,,,Y,,A,01,0,1,0,0,0,0,0,0,0,"- ","- ",37.170101165771484,-121.98963928222656,"SANTA CLARA",UNINCORPORATED,-121.98963165283203,37.170101165771484
92086737,2023,2023-06-06,9330,2023-05-28,1410,023133,,7,2,5,4312,0,1,2,,2,078,"US 101 S/B","SAN ANTONIO RD",3168.00,N,N,B,-,Y,SCL,,101," "," ",50.946,H,,L,Y,3,0,1,1,A,-,08,22107,,N,E,I,A,A,H,-,A,D,0,,,,,Y,,A,01,0,1,0,0,0,0,0,0,0,"- ","- ",37.435249328613281,-122.10878753662109,"SANTA CLARA","PALO ALTO",-122.10882568359375,37.435226440429688
92086861,2023,2023-06-06,9330,2023-05-27,1920,023133,,6,2,5,4312,0,1,2,,2,078,"US-101 S/B","SAN ANTONIO RD",1056.00,N,N,A,-,Y,SCL,,101," "," ",50.547,H,,L,Y,4,0,1,2,A,-,03,22350,,N,C,C,A,A,H,-,A,D,0,,,,,Y,,A,07,0,0,1,0,0,0,0,0,0,"- ","- ",37.430770874023438,-122.10415649414062,"SANTA CLARA","PALO ALTO",-122.10414886474609,37.430774688720703
92086964,2023,2023-06-06,9330,2023-05-30,2305,022898,,2,3,5,4312,0,1,2,,2,078,"US-101 NB","EMBARCADERO RD",2904.00,N,N,A,-,Y,SM,,101," "," ",0.184,H,,R,Y,3,0,2,2,A,-,03,22350,,N,C,C,A,A,H,-,C,D,0,,,,,Y,,A,01,0,2,0,0,0,0,0,0,0,"- ","- ",37.45452880859375,-122.13047027587891,"SANTA CLARA","PALO ALTO",-122.13053131103516,37.454463958740234
92087051,2023,2023-06-06,9340,2023-05-25,2015,022877,,4,2,5,4308,0,1,1,,2,681,"I-680 N/B FROM LANDESS AVE. E/B","LANDESS AVE.",20.00,S,N,A,-,Y,,,,,,,,,,Y,3,0,1,1,A,-,03,22350,,N,E,I,A,A,H,-,D,D,0,,,,,Y,,-,"- ",0,1,0,0,0,0,0,0,0,"- ","- ",37.414539337158203,-121.8792724609375,"SANTA CLARA",MILPITAS,-121.8792724609375,37.414539337158203
92087243,2023,2023-06-06,9330,2023-06-01,1830,022960,,4,2,5,4312,0,3,5,,2,071,"DUDLEY LANE","OLMSTED ROAD",482.00,W,N,A,-,Y,,,,,,,,,,N,3,0,1,2,A,-,21,22106,,N,G,B,E,A,H,-,A,D,0,Y,,,,Y,,A,01,0,1,0,0,1,0,0,0,0,"- ","- ",37.426128387451172,-122.15399169921875,"SANTA CLARA","PALO ALTO",-122.15374755859375,37.426227569580078
92087458,2023,2023-06-07,9340,2023-05-26,1755,022682,,5,2,9,4300,0,3,5,,2,040,"HICKS RD","ALAMITOS RD",4235.00,N,N,A,-,N,,,,,,,,,,Y,3,0,2,1,A,-,03,22350,,N,E,8,A,A,H,-,A,D,0,,,,,Y,,A,01,0,1,1,0,0,0,0,0,0,"- ","- ",37.165958404541016,-121.85597991943359,"SANTA CLARA",UNINCORPORATED,-121.85523223876953,37.165561676025391
92088100,2023,2023-06-07,9340,2023-05-25,1635,022686,,4,2,7,4313,0,1,2,,2,120,"US-101 N/B TO OLD BAYSHORE HWY",I-880,2440.00,N,N,A,-,Y,SCL,,101," "," ",38.784,H,,R,N,2,0,1,2,A,-,03,22350,,N,E,I,A,A,H,-,A,D,0,,,Y,,Y,,C,02,1,0,0,0,0,0,0,0,1,"- ","- ",37.368690490722656,-121.90831756591797,"SANTA CLARA","SAN JOSE",-121.90847015380859,37.368560791015625
92088195,2023,2023-06-07,9330,2023-05-31,1519,023256,,3,2,5,4311,0,1,2,,2,078,"US 101 N/B","MOFFET BOULEVARD",30.00,N,N,A,-,Y,SCL,,101," "," ",47.876,H,,R,Y,4,0,1,3,A,-,03,22350,,N,C,C,A,A,H,-,A,D,0,,,,,Y,,A,08,0,0,1,0,0,0,0,0,0,"- ","- ",37.407699584960938,-122.06607055664062,"SANTA CLARA","MOUNTAIN VIEW",-122.06607055664062,37.407695770263672
92088490,2023,2023-06-07,9725,2023-06-02,"630 ",023169,,5,1,9,4300,0,3,5,,2,001,"FRAZIER LAKE NORTHBOUND",SR-152,1584.00,S,N,B,-,N,,,,,,,,,,Y,4,0,1,2,A,-,06,21755,A,N,B,I,A,A,H,-,A,D,0,,,,,Y,,D,22,0,0,1,0,0,0,0,0,0,"- ","- ",36.994468688964844,-121.52101135253906,"SANTA CLARA",UNINCORPORATED,-121.52198028564453,36.995822906494141
92088533,2023,2023-06-07,9725,2023-06-05,1704,022111,,1,2,9,4300,0,1,2,,1,010,"US-101 SB","MONTEREY ROAD",40.00,N,N,A,-,Y,SCL,,101," ",R,5.138,H,,L,Y,4,0,1,4,A,-,03,22350,,N,C,C,A,A,H,-,A,D,0,,,,,Y,,D,22,0,0,1,0,0,0,0,0,0,"- ","- ",36.989578247070312,-121.55805206298828,"SANTA CLARA",UNINCORPORATED,-121.55809020996094,36.989585876464844
92089003,2023,2023-06-08,9340,2023-05-26,1230,020591,,5,1,9,4300,0,1,3,,2,131,SR-130,"LICK OBSERVATORY",11088.00,E,N,A,-,N,,,,,,,,,,N,2,0,1,1,A,-,03,22350,,N,E,I,A,A,H,-,A,D,0,,Y,,,Y,,L,04,1,0,0,0,0,0,1,0,0,"- ","- ",37.349781036376953,-121.60018920898438,"SANTA CLARA",UNINCORPORATED,,
92089422,2023,2023-06-08,9340,2023-05-30,2325,023054,,2,3,7,4313,0,1,2,,2,120,"US-101 N/B","N. 10TH ST",158.00,N,N,A,-,Y,SCL,,101," "," ",38.122,H,,R,N,3,0,1,1,A,-,03,22350,,N,E,I,A,B,F,-,C,A,0,,,,,Y,,A,01,0,1,0,0,0,0,0,0,0,"- ","- ",37.363658905029297,-121.89877319335938,"SANTA CLARA","SAN JOSE",-121.89875793457031,37.363754272460938
92089622,2023,2023-06-08,9330,2023-06-03,"917 ",023039,,6,1,2,4306,0,3,5,,2,073,"PAGE MILL ROAD W/B","MOODY ROAD",426.00,W,N,A,-,Y,,,,,,,,,,N,2,0,1,1,A,-,08,22107,,N,A,I,A,A,H,-,A,D,0,,Y,,,Y,,L,04,1,0,0,0,0,0,1,0,0,"- ","- ",37.360889434814453,-122.17156982421875,"SANTA CLARA","LOS ALTOS HILLS",-122.17153167724609,37.360874176025391
92090017,2023,2023-06-09,9340,2023-05-27,1105,022543,,6,1,7,4313,0,1,1,,2,282,"I-280 S/B","WINCHESTER BLVD",1656.00,N,N,A,-,Y,SCL,,280," "," ",4.866,H,,L,Y,3,0,1,1,A,-,08,22107,,N,E,I,A,A,H,-,A,D,0,,,,,Y,,A,07,0,1,0,0,0,0,0,0,0,"- ","- ",37.316509246826172,-121.95594024658203,"SANTA CLARA","SAN JOSE",-121.9559326171875,37.316448211669922
92090037,2023,2023-06-09,9340,2023-05-27,1145,022543,,6,1,7,4313,0,1,1,,2,282,"I-280 N/B","WINCHESTER BLVD",350.00,S,N,A,-,Y,SCL,,280," ",L,5.878,H,,R,N,3,0,3,2,A,-,01,23152,A,M,C,C,A,A,H,-,A,D,0,,,,,Y,Y,A,01,0,1,2,0,0,0,0,0,0,"- ","- ",37.316921234130859,-121.94876861572266,"SANTA CLARA","SAN JOSE",-121.94876861572266,37.316871643066406
92090070,2023,2023-06-09,9340,2023-05-28,"225 ",022921,,7,3,5,4308,0,1,1,,2,089,"I-880 S/B",SR-237,1350.00,N,N,A,-,Y,SCL,,880," "," ",8.683,H,,L,Y,3,0,1,1,A,-,01,23152,A,N,E,I,A,A,H,-,C,D,0,,,,,Y,Y,A,01,0,1,0,0,0,0,0,0,0,"- ","- ",37.429130554199219,-121.91854095458984,"SANTA CLARA",MILPITAS,-121.91836547851562,37.429180145263672
92090083,2023,2023-06-09,9340,2023-05-28,1445,022969,,7,2,7,4313,0,1,2,,2,110,"US-101 S/B","TULLY RD",1739.00,S,N,A,-,Y,SCL,,101," "," ",32.692,H,,L,Y,3,0,3,2,A,-,01,23152,A,N,C,2,A,A,H,-,A,D,0,,,,,Y,Y,A,01,0,3,0,0,0,0,0,0,0,"- ","- ",37.314411163330078,-121.82791137695312,"SANTA CLARA","SAN JOSE",-121.82786560058594,37.314437866210938
92090271,2023,2023-06-09,9340,2023-06-01,"943 ",020208,,4,1,6,4316,0,1,3,,2,230,"SR-237 W/B","LAWRENCE EXPRESSWAY",1689.00,E,N,A,-,Y,SCL,,237," ",R,4.927,H,,L,Y,3,0,1,2,A,-,03,22350,,N,C,C,A,A,H,-,A,D,0,,,,,Y,,A,01,0,1,0,0,0,0,0,0,0,"- ","- ",37.410568237304688,-121.99298095703125,"SANTA CLARA",SUNNYVALE,-121.99298095703125,37.410564422607422
92090272,2023,2023-06-09,9330,2023-06-08,1620,022960,,4,2,2,4306,0,1,1,,2,074,"I-280 SOUTHBOUND","EL MONTE ROAD",3168.00,N,N,A,-,Y,SCL,,280," "," ",15.689,H,,L,N,3,0,1,2,A,-,07,21658,A,N,B,C,A,A,H,-,A,D,0,,,,,Y,,A,01,0,1,0,0,0,0,0,0,0,"- ","- ",37.364761352539062,-122.12998199462891,"SANTA CLARA","LOS ALTOS HILLS",-122.12998199462891,37.364757537841797
92090325,2023,2023-06-09,9340,2023-06-01,1740,022868,,4,2,7,4313,0,1,1,,2,281,"I-280 S/B","7TH ST",79.00,S,N,A,-,Y,SCL,,280," ",R,1.541,H,,L,Y,3,0,1,2,A,-,03,22350,,N,C,C,A,A,H,-,A,D,0,,,,,Y,,A,01,0,1,0,0,0,0,0,0,0,"- ","- ",37.327808380126953,-121.87531280517578,"SANTA CLARA","SAN JOSE",-121.87530517578125,37.327800750732422
92090441,2023,2023-06-09,9340,2023-06-02,1728,021158,,5,2,7,4313,0,1,3,,2,083,"SR-85 S/B","WINFIELD BLVD",44.00,S,N,A,-,Y,SCL,,85," "," ",5.593,H,,L,Y,4,0,1,2,A,-,03,22350,,N,C,C,A,A,H,-,A,D,0,,,,,Y,,A,07,0,0,1,0,0,0,0,0,0,"- ","- ",37.255481719970703,-121.86566925048828,"SANTA CLARA","SAN JOSE",-121.86566925048828,37.255466461181641
92090476,2022,2023-06-09,9330,2022-12-31,0155,022735,,6,3,5,4311,0,1,3,,2,076,"STATE ROUTE 85 NORTHBOUND","STATE ROUTE 237 EASTBOUND",120.00,S,N,C,G,Y,SCL,,85,,R,22.131,H,,R,Y,1,1,1,2,A,-,01,23152,A,N,A,C,A,B,H,-,D,D,0,,,,,Y,Y,A,01,1,0,0,0,0,0,0,0,0,"- ","- ",37.383781433105469,-122.06816101074219,"SANTA CLARA","MOUNTAIN VIEW",-122.06815338134766,37.383781433105469
92091206,2023,2023-06-12,9725,2023-06-10,1610,022112,,6,2,9,4300,0,3,5,,2,001,"FOOTHILL AVENUE","RUCKER AVENUE",528.00,N,N,A,-,N,,,,,,,,,,N,4,0,1,1,A,-,01,23152,A,N,E,8,A,A,H,-,A,D,0,,,,,Y,Y,A,01,0,0,1,0,0,0,0,0,0,"- ","- ",37.061370849609375,-121.56316375732422,"SANTA CLARA",UNINCORPORATED,-121.56321716308594,37.06158447265625
92091375,2023,2023-06-12,9340,2023-06-02,1725,022938,,5,2,7,4313,0,1,2,,2,120,"US-101 S/B","N. FIRST STREET",765.00,S,N,A,-,Y,SCL,,101," "," ",39.156,H,,L,N,4,0,1,2,A,-,03,22350,,N,C,C,A,A,H,-,A,D,0,,,,,Y,,A,01,0,0,1,0,0,0,0,0,0,"- ","- ",37.371059417724609,-121.91446685791016,"SANTA CLARA","SAN JOSE",-121.91450500488281,37.370990753173828
92091511,2023,2023-06-12,9725,2023-06-08,"100 ",022590,,4,3,4,4310,0,1,2,,2,012,"US-101 N/B","E DUNNE AVE",300.00,S,N,A,-,Y,SCL,,101," ",R,15.600,H,,R,Y,4,0,1,2,A,-,03,22350,,N,C,C,A,A,H,-,C,D,0,,,,,Y,,A,01,0,0,1,0,0,0,0,0,0,"- ","- ",37.126308441162109,-121.63025665283203,"SANTA CLARA","MORGAN HILL",-121.6302490234375,37.126312255859375
92091856,2023,2023-06-12,9725,2023-05-27,1920,022777,,6,2,9,4300,0,3,5,,2,003,"CROY RD EASTBOUND","UVAS RD",3432.00,W,N,A,-,N,,,,,,,,,,Y,3,0,1,1,A,-,01,23152,A,N,F,I,A,A,H,-,A,D,0,,,,,Y,Y,A,01,0,1,0,0,0,0,0,0,0,"- ","- ",37.100711822509766,-121.73722076416016,"SANTA CLARA",UNINCORPORATED,-121.73714447021484,37.100975036621094
92091879,2023,2023-06-12,9725,2023-06-04,1615,022827,,7,2,9,4300,0,2,4,,1,020,"WATSONVILLE RD","REDWOOD RETREAT RD",445.00,S,N,A,-,N,,,,,,,,,,N,3,0,2,1,A,-,08,22107,,N,E,I,A,A,H,-,A,D,0,,,,,Y,Y,A,07,0,2,0,0,0,0,0,0,0,"- ","- ",37.025028228759766,-121.65544128417969,"SANTA CLARA",UNINCORPORATED,-121.65550994873047,37.025051116943359
92091951,2023,2023-06-12,9340,2023-06-04,1610,022938,,7,2,9,4300,0,1,3,,2,171,"SR-17 N/B","HEBARD ROAD",587.00,N,N,A,-,Y,SCL,,17," "," ",2.864,H,,R,Y,4,0,2,7,A,-,03,22350,,M,C,C,A,A,H,-,A,D,0,,,,,Y,,D,22,0,0,2,0,0,0,0,0,0,"- ","- ",37.1739501953125,-121.99378967285156,"SANTA CLARA",UNINCORPORATED,-121.99378204345703,37.173957824707031