CASE_ID,ACCIDENT_YEAR,PROC_DATE,JURIS,COLLISION_DATE,COLLISION_TIME,OFFICER_ID,REPORTING_DISTRICT,DAY_OF_WEEK,CHP_SHIFT,POPULATION,CNTY_CITY_LOC,SPECIAL_COND,BEAT_TYPE,CHP_BEAT_TYPE,CITY_DIVISION_LAPD,CHP_BEAT_CLASS,BEAT_NUMBER,PRIMARY_RD,SECONDARY_RD,DISTANCE,DIRECTION,INTERSECTION,WEATHER_1,WEATHER_2,STATE_HWY_IND,CALTRANS_COUNTY,CALTRANS_DISTRICT,STATE_ROUTE,ROUTE_SUFFIX,POSTMILE_PREFIX,POSTMILE,LOCATION_TYPE,RAMP_INTERSECTION,SIDE_OF_HWY,TOW_AWAY,COLLISION_SEVERITY,NUMBER_KILLED,NUMBER_INJURED,PARTY_COUNT,PRIMARY_COLL_FACTOR,PCF_CODE_OF_VIOL,PCF_VIOL_CATEGORY,PCF_VIOLATION,PCF_VIOL_SUBSECTION,HIT_AND_RUN,TYPE_OF_COLLISION,MVIW,PED_ACTION,ROAD_SURFACE,ROAD_COND_1,ROAD_COND_2,LIGHTING,CONTROL_DEVICE,CHP_ROAD_TYPE,PEDESTRIAN_ACCIDENT,BICYCLE_ACCIDENT,MOTORCYCLE_ACCIDENT,TRUCK_ACCIDENT,NOT_PRIVATE_PROPERTY,ALCOHOL_INVOLVED,STWD_VEHTYPE_AT_FAULT,CHP_VEHTYPE_AT_FAULT,COUNT_SEVERE_INJ,COUNT_VISIBLE_INJ,COUNT_COMPLAINT_PAIN,COUNT_PED_KILLED,COUNT_PED_INJURED,COUNT_BICYCLIST_KILLED,COUNT_BICYCLIST_INJURED,COUNT_MC_KILLED,COUNT_MC_INJURED,PRIMARY_RAMP,SECONDARY_RAMP,LATITUDE,LONGITUDE,COUNTY,CITY,POINT_X,POINT_Y
92158165,2023,2023-08-30,9340,2023-02-15,2223,022712,,3,3,4,4302,0,1,3,,2,172,"SR-17 S/B","HAMILTON AVE",1330.00,S,N,A,-,Y,SCL,,17," "," ",12.080,H,,L,N,1,1,0,2,A,-,11,21954,A,N,G,B,E,A,D,-,C,D,0,Y,,,,Y,,N,60,0,0,0,1,0,0,0,0,0,"- ","- ",37.290798187255859,-121.93678283691406,"SANTA CLARA",CAMPBELL,-121.93679046630859,37.290798187255859
92158507,2023,2023-08-30,9340,2023-08-23,1200,022963,,3,1,7,4313,0,1,1,,2,281,"I-280 N/B","ALMADEN BLVD",1374.00,S,N,A,-,Y,SCL,,280," ",R,2.012,H,,R,Y,4,0,2,3,A,-,03,22350,,N,C,C,A,A,H,-,A,D,0,,,,,Y,,A,01,0,0,2,0,0,0,0,0,0,"- ","- ",37.326190948486328,-121.88356781005859,"SANTA CLARA","SAN JOSE",-121.88356018066406,37.326175689697266
92158723,2023,2023-08-30,9340,2023-08-22,1635,020684,,2,2,5,4303,0,1,3,,2,085,"SR-85 S/B","DE ANZA BLVD",1082.00,N,N,A,-,Y,SCL,,85," ",R,16.095,H,,L,N,4,0,3,3,A,-,03,22350,,N,C,C,A,A,H,-,A,D,0,,,,,Y,,A,07,0,0,3,0,0,0,0,0,0,"- ","- ",37.303241729736328,-122.03515625,"SANTA CLARA",CUPERTINO,-122.03512573242188,37.303264617919922
92158955,2023,2023-08-30,9340,2023-08-22,1235,022680,,2,1,7,4313,0,1,3,,2,087,"SR-87 S/B FROM I-280 N/B - S/B","ALMADEN EXPY",400.00,N,N,A,-,Y,SCL,,87," "," ",4.378,H,,L,N,4,0,1,2,A,-,03,22350,,N,C,C,A,A,H,-,A,D,0,,,,,Y,,A,01,0,0,1,0,0,0,0,0,0,"- ","- ",37.313560485839844,-121.88665771484375,"SANTA CLARA","SAN JOSE",-121.88657379150391,37.313610076904297
92159454,2023,2023-08-31,9725,2023-08-24,1330,023370,,4,1,9,4300,0,1,3,,1,160,"SR-152 W/B","LAKE RD.",10560.00,E,N,A,-,N,,,,,,,,,,Y,2,0,4,2,A,-,08,22107,,N,A,C,A,A,H,-,A,D,0,,,,,Y,,A,01,2,2,0,0,0,0,0,0,0,"- ","- ",36.983428955078125,-121.46592712402344,"SANTA CLARA",UNINCORPORATED,-121.46591186523438,36.983386993408203
92159501,2023,2023-08-31,9725,2023-08-26,2200,022590,,6,3,9,4300,0,1,3,,1,150,"SR-152 E/B","POLE LINE ROAD",980.00,E,N,A,-,Y,,,,,,,,,,Y,3,0,2,1,A,-,08,22107,,N,E,I,A,A,H,-,D,D,0,,,,,Y,,A,01,0,1,1,0,0,0,0,0,0,"- ","- ",36.997699737548828,-121.71920776367188,"SANTA CLARA",UNINCORPORATED,-121.71448516845703,36.997272491455078
92159778,2023,2023-08-31,9330,2023-08-22,1420,021243,,2,2,9,4300,0,3,5,,2,071,"ARBORETUM ROAD","LASUEN STREET",500.00,S,N,A,-,Y,,,,,,,,,,N,3,0,4,2,A,-,03,22350,,N,C,C,A,A,H,-,A,D,0,,,,,Y,,-,"- ",0,1,3,0,0,0,0,0,0,"- ","- ",37.436901092529297,-122.16451263427734,"SANTA CLARA",UNINCORPORATED,-122.16429901123047,37.436771392822266
92160060,2023,2023-08-31,9340,2023-08-24,1830,021158,,4,2,9,4300,0,1,3,,2,083,"SR-85 S/B","BASCOM AVE",2050.00,S,N,A,-,Y,SCL,,85," "," ",10.008,H,,L,Y,4,0,3,4,A,-,03,22350,,N,C,C,A,A,H,-,A,D,0,,,,,Y,,A,08,0,0,3,0,0,0,0,0,0,"- ","- ",37.253089904785156,-121.94436645507812,"SANTA CLARA",UNINCORPORATED,-121.94435882568359,37.253143310546875
92160125,2023,2023-08-31,9340,2023-08-19,"30  ",023161,,6,3,7,4313,0,1,2,,2,110,"US-101 S/B TO OLD OAKLAND RD.","OLD OAKLAND RD",73.00,N,N,A,-,Y,SCL,,101," "," ",37.746,H,,L,Y,4,0,2,2,A,-,01,23152,A,N,C,C,A,A,H,-,C,D,0,,,,,Y,Y,A,01,0,0,2,0,0,0,0,0,0,"- ","- ",37.362678527832031,-121.89187622070312,"SANTA CLARA","SAN JOSE",-121.89183807373047,37.362945556640625
92160633,2023,2023-09-01,9340,2023-08-22,"738 ",022541,,2,1,7,4313,0,1,3,,2,172,"SR-17 N/B","HAMILTON AVE",3168.00,N,N,A,-,Y,SCL,,17," "," ",12.933,H,,R,N,4,0,2,3,A,-,03,22350,,N,C,C,A,A,H,-,A,D,0,,,,,Y,,A,01,0,0,2,0,0,0,0,0,0,"- ","- ",37.302650451660156,-121.94046783447266,"SANTA CLARA","SAN JOSE",-121.94050598144531,37.302650451660156
92160915,2023,2023-09-01,9330,2023-08-22,2020,022960,,2,2,5,4311,0,1,2,,2,078,"US-101 NORTHBOUND","OLD MIDDLEFIELD WAY",528.00,N,N,A,-,Y,SCL,,101," "," ",49.107,H,,R,N,3,0,3,2,A,-,07,21658,A,N,C,C,A,A,H,-,C,D,0,,,,,Y,,A,07,0,3,0,0,0,0,0,0,0,"- ","- ",37.416011810302734,-122.08553314208984,"SANTA CLARA","MOUNTAIN VIEW",-122.08548736572266,37.416046142578125
92160933,2023,2023-09-01,9340,2023-08-24,2130,023339,,4,2,7,4313,0,1,3,,2,172,"SR-17 S/B","HAMILTON AVE",3786.00,N,N,A,-,Y,SCL,,17," "," ",13.106,H,,L,Y,3,0,1,2,A,-,03,22350,,N,C,C,A,A,D,E,C,D,0,,,,,Y,,A,07,0,1,0,0,0,0,0,0,0,"- ","- ",37.305149078369141,-121.94075775146484,"SANTA CLARA","SAN JOSE",-121.94070434570312,37.305149078369141
92161081,2023,2023-09-01,9340,2023-08-22,2230,023054,,2,3,9,4300,0,3,5,,2,070,"2521 MOORPARK AVE","EMPEY WAY",64.00,W,N,A,-,N,,,,,,,,,,N,3,0,1,2,A,-,01,23152,A,N,C,E,A,A,H,-,D,D,0,,,,,Y,Y,A,01,0,1,0,0,0,0,0,0,0,"- ","- ",37.316188812255859,-121.93805694580078,"SANTA CLARA",UNINCORPORATED,-121.93792724609375,37.316108703613281
92162476,2023,2023-09-05,9340,2023-08-26,1015,022659,,6,1,6,4316,0,1,3,,2,230,"SR-237 W/B","LAWRENCE EXPY",2420.00,E,N,B,-,Y,SCL,,237," ",M,5.065,H,,L,N,3,0,2,1,A,-,08,22107,,N,E,I,A,A,H,-,A,D,0,,,,,Y,,A,01,0,1,1,0,0,0,0,0,0,"- ","- ",37.411041259765625,-121.99053955078125,"SANTA CLARA",SUNNYVALE,-121.99055480957031,37.411087036132812
92163451,2023,2023-09-06,9330,2023-08-28,"900 ",022409,,1,1,5,4311,0,1,2,,2,078,"US 101 SB","SAN ANTONIO ROAD",280.00,S,N,A,-,Y,SCL,,101," "," ",50.264,H,,L,N,4,0,1,2,A,-,03,22350,,N,C,C,A,A,H,-,A,D,0,,,,,Y,,A,01,0,0,1,0,0,0,0,0,0,"- ","- ",37.427619934082031,-122.10079956054688,"SANTA CLARA","MOUNTAIN VIEW",-122.100830078125,37.427600860595703
92163640,2023,2023-09-06,9725,2023-08-29,2040,022608,,2,2,9,4300,0,1,2,,2,011,"US-101 NORTHBOUND","EAST SAN MARTIN AVENUE",1584.00,S,N,A,-,Y,SCL,,101," ",R,12.126,H,,R,Y,2,0,2,2,A,-,01,23152,A,N,C,C,A,A,H,-,C,D,0,,,Y,,Y,Y,C,02,1,0,1,0,0,0,0,0,1,"- ","- ",37.084461212158203,-121.59678649902344,"SANTA CLARA",UNINCORPORATED,-121.59677124023438,37.084465026855469
92163766,2023,2023-09-06,9330,2023-08-26,"425 ",022849,,6,3,5,4311,0,1,2,,2,078,"US-101 NORTHBOUND","SHORELINE BOULEVARD",2640.00,S,N,A,-,Y,SCL,,101," "," ",48.126,H,,R,Y,3,0,1,1,A,-,01,23152,A,N,E,I,A,A,H,-,D,D,0,,,,,Y,Y,A,07,0,1,0,0,0,0,0,0,0,"- ","- ",37.409061431884766,-122.07025146484375,"SANTA CLARA","MOUNTAIN VIEW",-122.07030487060547,37.408973693847656
92163869,2023,2023-09-06,9725,2023-08-31,1950,022608,,4,2,9,4300,0,3,5,,2,003,"WEST EDMUNDSON AVENUE","BREWSTER LANE",360.00,W,N,A,-,N,,,,,,,,,,Y,3,0,2,2,A,-,01,23152,A,N,D,C,A,A,H,-,D,D,0,,,,,Y,Y,A,08,0,1,1,0,0,0,0,0,0,"- ","- ",37.101348876953125,-121.66768646240234,"SANTA CLARA",UNINCORPORATED,-121.66770172119141,37.101322174072266
92163979,2023,2023-09-07,9330,2023-08-26,1325,023256,,6,1,5,4311,0,1,2,,2,078,"US-101 N/B","SHORELINE BOULEVARD",2000.00,S,N,A,-,Y,SCL,,101," "," ",48.220,H,,R,N,4,0,1,3,A,-,07,21658,A,N,B,C,A,A,H,-,A,D,0,,,,,Y,,A,07,0,0,1,0,0,0,0,0,0,"- ","- ",37.409610748291016,-122.07185363769531,"SANTA CLARA","MOUNTAIN VIEW",-122.07185363769531,37.409599304199219
92164436,2023,2023-09-07,9340,2023-08-28,1547,023374,,1,2,7,4313,0,1,1,,2,088,"I-880 N/B","BASCOM AVE",211.00,S,N,A,-,Y,SCL,,880," "," ",1.310,H,,R,N,3,0,1,3,A,-,07,21658,A,N,B,C,A,A,H,-,A,D,0,,,,,Y,,A,01,0,1,0,0,0,0,0,0,0,"- ","- ",37.334831237792969,-121.93583679199219,"SANTA CLARA","SAN JOSE",-121.93581390380859,37.334812164306641
92164725,2023,2023-09-07,9340,2023-08-30,"950 ",022680,,3,1,6,4316,0,1,3,,2,220,"SR-237 W/B","LAWRENCE EXPY",300.00,W,N,A,-,Y,SCL,,237," ",R,4.370,H,,L,N,4,0,1,2,A,-,03,22350,,N,C,C,A,A,H,-,A,D,0,,,,,Y,,A,07,0,0,1,0,0,0,0,0,0,"- ","- ",37.408439636230469,-122.00273895263672,"SANTA CLARA",SUNNYVALE,-122.00273895263672,37.408435821533203
92165508,2023,2023-09-08,9330,2023-08-28,1323,022409,,1,1,5,4311,0,1,2,,2,078,"US-101 S/B","RENGSTORFF AVENUE",300.00,N,N,A,-,Y,SCL,,101," "," ",49.663,H,,L,Y,3,0,2,3,A,-,03,22350,,N,C,C,A,A,H,-,A,D,0,,,,,Y,,A,07,0,1,1,0,0,0,0,0,0,"- ","- ",37.421421051025391,-122.09323120117188,"SANTA CLARA","MOUNTAIN VIEW",-122.09321594238281,37.421432495117188
92165970,2023,2023-09-08,9330,2023-08-30,1743,022877,,3,2,5,4311,0,1,2,,2,078,"US-101 N/B","ELLIS ST.",49.00,N,N,A,-,Y,SCL,,101," "," ",47.035,H,,R,Y,4,0,2,3,A,-,03,22350,,N,C,C,A,A,H,-,A,D,0,,,,,Y,,D,22,0,0,2,0,0,0,0,0,0,"- ","- ",37.404239654541016,-122.05143737792969,"SANTA CLARA","MOUNTAIN VIEW",-122.05144500732422,37.40423583984375
92165977,2023,2023-09-08,9330,2023-08-30,1625,022877,,3,2,5,4311,0,1,2,,2,078,"US-101 S/B","MOFFETT BLVD.",1861.00,N,N,A,-,Y,SCL,,101," "," ",47.533,H,,L,Y,4,0,1,2,A,-,03,22350,,N,C,C,A,A,H,-,A,D,0,,,Y,,Y,,C,02,0,0,1,0,0,0,0,0,1,"- ","- ",37.40618896484375,-122.06011199951172,"SANTA CLARA","MOUNTAIN VIEW",-122.06011962890625,37.406173706054688
92166303,2023,2023-09-11,9330,2023-08-31,1107,023256,,4,1,5,4311,0,1,2,,2,078,"US-101 N/B","RENGSTORFF AVENUE",100.00,S,N,A,-,Y,SCL,,101," "," ",49.586,H,,R,N,4,0,1,3,A,-,03,22350,,N,C,C,A,A,H,-,A,D,0,,,,,Y,,A,01,0,0,1,0,0,0,0,0,0,"- ","- ",37.420829772949219,-122.09210968017578,"SANTA CLARA","MOUNTAIN VIEW",-122.09207916259766,37.420860290527344
92166509,2023,2023-09-11,9340,2023-08-25,"505 ",022624,,5,3,9,4300,0,1,1,,2,089,"AUTO MALL PARKWAY E/B","SOUTH GRIMMER BLVD",200.00,W,N,A,-,N,,,,,,,,,,N,4,0,1,1,A,-,03,22350,,N,E,I,A,A,H,-,C,D,0,,,,,Y,,A,01,0,0,1,0,0,0,0,0,0,"- ","- ",37.508369445800781,-121.96502685546875,"SANTA CLARA",UNINCORPORATED,-121.97254180908203,37.368007659912109
92167054,2023,2023-09-11,9340,2023-08-31,1608,020684,,4,2,7,4313,0,1,3,,2,085,"SR-85 S/B","PROSPECT RD",200.00,N,N,A,-,Y,SCL,,85," ",R,15.306,H,,L,N,4,0,2,3,A,-,03,22350,,N,C,C,A,A,H,-,A,D,0,,,,,Y,,A,08,0,0,2,0,0,0,0,0,0,"- ","- ",37.294498443603516,-122.02649688720703,"SANTA CLARA","SAN JOSE",-122.02650451660156,37.29449462890625
92167110,2023,2023-09-11,9340,2023-09-01,1305,020208,,5,1,5,4303,0,1,1,,2,282,"I-280 N/B","TANTAU AVENUE",507.00,S,N,B,-,Y,SCL,,280," "," ",7.741,H,,R,N,4,0,1,1,A,-,08,22107,,N,E,I,A,A,H,-,A,D,0,,,,,Y,,A,01,0,0,1,0,0,0,0,0,0,"- ","- ",37.325820922851562,-122.00454711914062,"SANTA CLARA",CUPERTINO,-122.00466918945312,37.325675964355469
92167277,2023,2023-09-11,9340,2023-09-01,1705,023356,,5,2,7,4313,0,1,1,,2,281,"I-280 S/B","FIRST STREET",270.00,N,N,A,-,Y,SCL,,280," ",R,2.051,H,,L,N,4,0,1,2,A,-,03,22350,,N,C,C,A,A,H,-,A,D,0,,,,,Y,,A,01,0,0,1,0,0,0,0,0,0,"- ","- ",37.325630187988281,-121.88400268554688,"SANTA CLARA","SAN JOSE",-121.88404083251953,37.325691223144531
92167509,2023,2023-09-11,9340,2023-08-28,2110,022868,,1,2,7,4313,0,1,3,,2,087,"SR-87 N/B TO I-280 S/B",I-280,605.00,S,N,A,-,Y,,,,,,,,,,Y,2,0,2,2,A,-,03,22350,,N,C,C,A,A,H,-,C,D,0,,,,,Y,,A,01,1,0,1,0,0,0,0,0,0,"- ","- ",37.322280883789062,-121.89025115966797,"SANTA CLARA","SAN JOSE",-121.89025115966797,37.322280883789062
92168153,2023,2023-09-12,9340,2023-08-31,"735 ",022967,,4,1,7,4313,0,1,1,,2,281,"I-280 N/B",SR-87,50.00,S,N,A,-,Y,SCL,,280," ",R,2.488,H,,R,N,3,0,1,3,A,-,07,21658,A,N,B,C,A,A,H,-,A,D,0,,,Y,,Y,,D,22,0,1,0,0,0,0,0,0,1,"- ","- ",37.324050903320312,-121.89173126220703,"SANTA CLARA","SAN JOSE",-121.89174652099609,37.324108123779297
92168622,2023,2023-09-13,9340,2023-08-30,1958,022247,,3,2,7,4313,0,1,1,,2,681,"I-680 S/B TO KING ROAD","KING RD",960.00,N,N,A,-,Y,,,,,,,,,,N,2,0,1,2,A,-,11,21954,A,F,G,B,E,A,H,-,C,D,0,Y,,,,Y,,N,60,1,0,0,0,1,0,0,0,0,"- ","- ",37.345428466796875,-121.84454345703125,"SANTA CLARA","SAN JOSE",-121.84454345703125,37.345428466796875
92169332,2023,2023-09-13,9340,2023-09-05,"830 ",022680,,2,1,6,4316,0,1,2,,2,120,"US-101 N/B","MATHILDA AVE",700.00,N,N,A,-,Y,SCL,,101," "," ",45.776,H,,R,N,4,0,1,2,A,-,08,22107,,N,C,C,A,A,H,-,A,D,0,,,,,Y,,A,08,0,0,1,0,0,0,0,0,0,"- ","- ",37.399398803710938,-122.02938079833984,"SANTA CLARA",SUNNYVALE,-122.02938842773438,37.399372100830078
92169410,2023,2023-09-13,9340,2023-09-05,"905 ",015709,,2,1,9,4300,0,1,3,,2,085,"SR-85 N/B TO I-280 N/B","I-280 SOUTHBOUND",669.00,S,N,A,-,Y,,,,,,,,,,Y,4,0,1,2,A,-,03,22350,,N,B,C,A,A,H,-,A,D,0,,,Y,,Y,,C,02,0,0,1,0,0,0,0,0,1,"- ","- ",37.331001281738281,-122.05306243896484,"SANTA CLARA",UNINCORPORATED,-122.055419921875,37.332210540771484
92169469,2023,2023-09-13,9340,2023-09-05,1619,021158,,2,2,7,4313,0,1,3,,2,083,"SR-85 S/B","MERIDIAN AVE",849.00,N,N,A,-,Y,SCL,,85," "," ",7.470,H,,L,Y,4,0,2,3,A,-,03,22350,,N,C,C,A,A,H,-,A,D,0,,,,,Y,,D,22,0,0,2,0,0,0,0,0,0,"- ","- ",37.250598907470703,-121.89848327636719,"SANTA CLARA","SAN JOSE",-121.89848327636719,37.250556945800781
92170854,2023,2023-09-15,9340,2023-08-29,2030,023020,,2,2,5,4308,0,1,3,,2,240,"SR-237 E/B","MC CARTHY BLVD",30.00,W,N,A,-,Y,SCL,,237," ",R,9.102,H,,R,N,3,0,2,2,A,-,08,22107,,N,C,C,A,A,H,-,D,D,0,,,,,Y,,A,01,0,2,0,0,0,0,0,0,0,"- ","- ",37.423210144042969,-121.92350006103516,"SANTA CLARA",MILPITAS,-121.92344665527344,37.423088073730469
92170881,2023,2023-09-15,9340,2023-09-04,2030,023374,,1,2,7,4313,0,1,2,,2,120,"US-101 S/B FROM SAN TOMAS EXPY","SAN TOMAS EXPY",1060.00,S,N,A,-,Y,SCL,,101," "," ",41.764,H,,L,N,4,0,1,2,A,-,01,23152,A,N,C,C,A,A,H,-,C,D,0,,,,,Y,Y,A,01,0,0,1,0,0,0,0,0,0,"- ","- ",37.380760192871094,-121.96040344238281,"SANTA CLARA","SAN JOSE",-121.96035003662109,37.380870819091797
92170926,2023,2023-09-15,9725,2023-09-07,"437 ",022836,,4,3,9,4300,0,1,3,,1,130,"SR-25 S/B","YOUNG RD",0.00,,Y,A,-,Y,SCL,,25," "," ",1.800,H,,L,Y,3,0,1,2,A,-,03,22350,,N,D,C,A,A,H,-,D,D,0,,,,Y,Y,,A,07,0,1,0,0,0,0,0,0,0,"- ","- ",36.961891174316406,-121.53845977783203,"SANTA CLARA",UNINCORPORATED,-121.53846740722656,36.961860656738281
92170944,2023,2023-09-15,9340,2023-09-06,"820 ",015213,,3,1,7,4313,0,1,1,,2,088,"I-880 S/B","STEVENS CREEK BLVD",500.00,N,N,A,-,Y,SCL,,880," "," ",0.587,H,,L,N,3,0,1,2,A,-,03,22350,,N,C,C,A,A,H,-,A,D,0,,,,,Y,,A,01,0,1,0,0,0,0,0,0,0,"- ","- ",37.325820922851562,-121.94090270996094,"SANTA CLARA","SAN JOSE",-121.94093322753906,37.325820922851562
92170995,2023,2023-09-15,9330,2023-09-02,2330,022792,,6,3,9,4300,0,3,5,,2,071,"LASUEN STREET","CAMPUS DRIVE",205.00,W,N,A,-,N,,,,,,,,,,N,3,0,6,1,A,-,08,22107,,N,F,A,A,A,H,-,C,D,0,,,,,Y,,M,96,0,6,0,0,0,0,0,0,0,"- ","- ",37.432880401611328,-122.16670227050781,"SANTA CLARA",UNINCORPORATED,-122.16665649414062,37.43292236328125
92171117,2023,2023-09-15,9330,2023-09-05,1350,022938,,2,1,5,4311,0,1,2,,2,078,"US-101 N/B","SAN ANTONIO ROAD",1950.00,S,N,A,-,Y,SCL,,101," "," ",49.946,H,,R,Y,4,0,1,3,A,-,03,22350,,N,C,C,A,A,H,-,A,D,0,,,,,Y,,A,01,0,0,1,0,0,0,0,0,0,"- ","- ",37.424350738525391,-122.09693908691406,"SANTA CLARA","MOUNTAIN VIEW",-122.09691619873047,37.424365997314453
92171185,2023,2023-09-15,9340,2023-09-07,1455,022635,,4,2,7,4313,0,1,1,,2,282,"I-280 N/B","SAN TOMAS EXPY",705.00,N,N,A,-,Y,SCL,,280," "," ",5.482,H,,R,Y,4,0,1,4,A,-,03,22350,,N,C,C,A,A,H,-,A,D,0,,,,,Y,,A,01,0,0,1,0,0,0,0,0,0,"- ","- ",37.31658935546875,-121.96665954589844,"SANTA CLARA","SAN JOSE",-121.96665191650391,37.316501617431641
92171835,2023,2023-09-18,9330,2023-09-16,1100,022914,,6,1,5,4311,0,1,3,,2,076,"SR-85 SB FROM SR-82","SR-82 OVERCROSSING",150.00,N,N,A,-,Y,SCL,,85," ",R,21.812,H,,L,N,3,0,1,1,A,-,03,22350,,N,E,I,A,A,H,-,A,D,0,,Y,,,Y,,L,04,0,1,0,0,0,0,1,0,0,"- ","- ",37.37908935546875,-122.06803894042969,"SANTA CLARA","MOUNTAIN VIEW",-122.06782531738281,37.379104614257812
92171836,2023,2023-09-18,9330,2023-08-30,1515,022394,,3,2,9,4300,0,1,1,,2,074,"I-280 S/B","EL MONTE ROAD",5280.00,N,N,A,-,Y,SCL,,280," "," ",16.207,H,,L,Y,4,0,1,3,A,-,07,21658,A,N,C,C,A,A,H,-,A,D,0,,,,,Y,,D,22,0,0,1,0,0,0,0,0,0,"- ","- ",37.367378234863281,-122.13864898681641,"SANTA CLARA",UNINCORPORATED,-122.13866424560547,37.367359161376953
92171839,2023,2023-09-18,9340,2023-03-24,1640,023020,,5,2,9,4300,0,3,5,,2,070,"MOORPARK AVE","GINGER LN",50.00,W,N,A,-,N,,,,,,,,,,Y,1,1,0,1,A,-,08,22107,,N,E,8,A,A,H,-,A,A,0,,,,,Y,,A,01,0,0,0,0,0,0,0,0,0,"- ","- ",37.316020965576172,-121.93628692626953,"SANTA CLARA",UNINCORPORATED,-121.93624114990234,37.316108703613281
92171845,2023,2023-09-18,9330,2023-08-19,1655,023246,,6,2,5,4311,0,1,2,,2,078,"US-101 S/B","SHORELINE BLVD",200.00,N,N,A,-,Y,SCL,,101," "," ",48.659,H,,L,Y,4,0,1,3,A,-,03,22350,,N,C,2,A,A,H,-,A,D,0,,,,,Y,,A,01,0,0,1,0,0,0,0,0,0,"- ","- ",37.412258148193359,-122.07911682128906,"SANTA CLARA","MOUNTAIN VIEW",-122.07911682128906,37.412265777587891
92171857,2023,2023-09-18,9330,2023-09-07,1818,023060,,4,2,5,4311,0,1,3,,2,076,"SR-85 SOUTHBOUND","MOFFETT BOULEVARD",2640.00,S,N,A,-,Y,SCL,,85," ",R,22.927,H,,L,N,4,0,1,2,A,-,03,22350,,N,C,C,A,A,H,-,A,D,0,,,,,Y,,A,07,0,0,1,0,0,0,0,0,0,"- ","- ",37.395210266113281,-122.06867218017578,"SANTA CLARA","MOUNTAIN VIEW",-122.06862640380859,37.395214080810547
92172811,2023,2023-09-18,9340,2023-09-08,"808 ",022541,,5,1,9,4300,0,1,3,,2,171,"SR-17 S/B","HEBARD RD",645.00,N,N,A,-,Y,SCL,,17," "," ",2.871,H,,L,N,4,0,1,1,A,-,08,22107,,N,E,8,A,A,H,-,A,D,0,,,,,Y,,A,01,0,0,1,0,0,0,0,0,0,"- ","- ",37.173980712890625,-121.9940185546875,"SANTA CLARA",UNINCORPORATED,-121.99399566650391,37.173999786376953
92172877,2023,2023-09-18,9330,2023-09-07,1045,023256,,4,1,5,4311,0,1,2,,2,078,"US-101 N/B","OLD MIDDLEFIELD WAY",200.00,S,N,A,-,Y,SCL,,101," "," ",48.639,H,,R,Y,3,0,2,4,A,-,03,22350,,N,C,C,A,A,H,-,A,D,0,,,,,Y,,A,07,0,1,1,0,0,0,0,0,0,"- ","- ",37.412330627441406,-122.07874298095703,"SANTA CLARA","MOUNTAIN VIEW",-122.07872009277344,37.412357330322266
92172950,2023,2023-09-18,9330,2023-09-08,2015,023265,,5,2,5,4311,0,1,2,,2,078,"US-101 S/B","RENGSTORFF AVENUE",1056.00,S,N,A,-,Y,SCL,,101," "," ",49.342,H,,L,Y,3,0,1,2,A,-,03,22350,,N,C,C,A,A,H,-,C,D,0,,,,,Y,,A,01,0,1,0,0,0,0,0,0,0,"- ","- ",37.418289184570312,-122.08892059326172,"SANTA CLARA","MOUNTAIN VIEW",-122.08892822265625,37.418285369873047
92173551,2023,2023-09-19,9725,2023-09-10,2215,022907,,7,3,9,4300,0,1,2,,1,010,SB-101,"MONTEREY HWY",2640.00,E,N,A,-,Y,SCL,,101," ",T,4.428,H,,L,Y,4,0,2,2,A,-,03,22350,,N,C,C,A,A,H,-,D,D,0,,,,,Y,,A,01,0,0,2,0,0,0,0,0,0,"- ","- ",36.979488372802734,-121.5572509765625,"SANTA CLARA",UNINCORPORATED,-121.55722808837891,36.979496002197266
92173779,2023,2023-09-19,9340,2023-09-03,1235,022659,,7,1,9,4300,0,3,5,,2,040,"SHANNON RD E/B","SKY LN",175.00,W,N,A,-,N,,,,,,,,,,Y,3,0,1,1,A,-,03,22350,,N,F,0,A,A,H,-,A,D,0,,,Y,,Y,,C,02,0,1,0,0,0,0,0,0,1,"- ","- ",37.225109100341797,-121.93073272705078,"SANTA CLARA",UNINCORPORATED,-121.93060302734375,37.225006103515625