CASE_ID,ACCIDENT_YEAR,PROC_DATE,JURIS,COLLISION_DATE,COLLISION_TIME,OFFICER_ID,REPORTING_DISTRICT,DAY_OF_WEEK,CHP_SHIFT,POPULATION,CNTY_CITY_LOC,SPECIAL_COND,BEAT_TYPE,CHP_BEAT_TYPE,CITY_DIVISION_LAPD,CHP_BEAT_CLASS,BEAT_NUMBER,PRIMARY_RD,SECONDARY_RD,DISTANCE,DIRECTION,INTERSECTION,WEATHER_1,WEATHER_2,STATE_HWY_IND,CALTRANS_COUNTY,CALTRANS_DISTRICT,STATE_ROUTE,ROUTE_SUFFIX,POSTMILE_PREFIX,POSTMILE,LOCATION_TYPE,RAMP_INTERSECTION,SIDE_OF_HWY,TOW_AWAY,COLLISION_SEVERITY,NUMBER_KILLED,NUMBER_INJURED,PARTY_COUNT,PRIMARY_COLL_FACTOR,PCF_CODE_OF_VIOL,PCF_VIOL_CATEGORY,PCF_VIOLATION,PCF_VIOL_SUBSECTION,HIT_AND_RUN,TYPE_OF_COLLISION,MVIW,PED_ACTION,ROAD_SURFACE,ROAD_COND_1,ROAD_COND_2,LIGHTING,CONTROL_DEVICE,CHP_ROAD_TYPE,PEDESTRIAN_ACCIDENT,BICYCLE_ACCIDENT,MOTORCYCLE_ACCIDENT,TRUCK_ACCIDENT,NOT_PRIVATE_PROPERTY,ALCOHOL_INVOLVED,STWD_VEHTYPE_AT_FAULT,CHP_VEHTYPE_AT_FAULT,COUNT_SEVERE_INJ,COUNT_VISIBLE_INJ,COUNT_COMPLAINT_PAIN,COUNT_PED_KILLED,COUNT_PED_INJURED,COUNT_BICYCLIST_KILLED,COUNT_BICYCLIST_INJURED,COUNT_MC_KILLED,COUNT_MC_INJURED,PRIMARY_RAMP,SECONDARY_RAMP,LATITUDE,LONGITUDE,COUNTY,CITY,POINT_X,POINT_Y
9414300,2022,2022-03-24,4304,2022-02-25,1409,238,4304,5,5,4,4304,0,0,0,,0,001,"W 10TH ST","HANNA ST",263.00,,N,A,-,N,,,,,,,,,,N,3,0,1,2,A,-,05,21650,1,N,B,G,A,A,H,-,A,A,0,,Y,,,Y,,L,04,0,1,0,0,0,0,1,0,0,"- ","- ",,,"SANTA CLARA",GILROY,-121.57057952880859,36.998908996582031
9414308,2022,2022-03-24,4313,2022-01-01,2022,4575,DL,6,5,7,4313,0,0,0,,0,0L4,"S 10TH ST","S 10TH ST 1935",0.00,,-,A,-,N,,,,,,,,,,Y,4,0,1,2,A,-,04,21703,,N,D,C,A,A,H,-,C,D,0,,,,,Y,,-,,0,0,1,0,0,0,0,0,0,"- ","- ",,,"SANTA CLARA","SAN JOSE",-121.88104248046875,37.340713500976562
9414351,2022,2022-04-07,4313,2022-02-26,2309,4820,FOOTH,6,5,7,4313,0,0,0,,0,0W4,"MCKEE RD","N WHITE RD",0.00,,Y,A,-,N,,,,,,,,,,Y,3,0,2,2,A,-,09,21453,C,N,D,C,A,A,H,-,C,A,0,,,,,Y,,A,01,0,1,1,0,0,0,0,0,0,"- ","- ",,,"SANTA CLARA","SAN JOSE",-121.83560943603516,37.375099182128906
9414371,2022,2022-04-06,4308,2022-02-27,0933,347,,7,5,5,4308,0,0,0,,0,002,"LANDESS AV","DEMPSEY RD",0.00,,Y,A,-,N,,,,,,,,,,Y,3,0,1,2,A,-,04,21703,,N,D,C,A,A,H,-,A,B,0,,,,,Y,,A,01,0,1,0,0,0,0,0,0,0,"- ","- ",37.415328979492188,-121.87773132324219,"SANTA CLARA",MILPITAS,-121.87769317626953,37.415332794189453
9414379,2022,2022-04-05,4308,2022-02-21,1452,311,,1,5,5,4308,0,0,0,,0,004,"E CALAVERAS BL","S PARK VICTORIA DR",0.00,,Y,A,-,N,,,,,,,,,,N,4,0,2,3,A,-,10,21950,A,N,G,B,B,A,H,-,A,A,0,Y,,,,Y,,A,01,0,0,2,0,2,0,0,0,0,"- ","- ",37.435478210449219,-121.88443756103516,"SANTA CLARA",MILPITAS,-121.88433074951172,37.43560791015625
9414383,2022,2022-04-18,4308,2022-02-08,1706,268,,2,5,5,4308,0,0,0,,0,001,"MONTAGUE EXPWY","TRADE ZONE BL",0.00,,Y,A,-,N,,,,,,,,,,Y,4,0,1,2,A,-,09,21453,C,N,D,C,A,A,H,-,A,A,0,,,,,Y,,A,01,0,0,1,0,0,0,0,0,0,"- ","- ",37.404129028320312,-121.89777374267578,"SANTA CLARA",MILPITAS,-121.89779663085938,37.404098510742188
9414627,2022,2022-02-24,4308,2022-01-01,0046,331,,6,5,5,4308,0,0,0,,0,002,"PIEDMONT RD","CALAVERAS RD",0.00,,Y,A,-,N,,,,,,,,,,Y,4,0,1,2,A,-,12,22450,A,F,D,C,A,A,H,-,C,D,0,,,,,Y,,-,99,0,0,1,0,0,0,0,0,0,"- ","- ",,,"SANTA CLARA",MILPITAS,-121.87268829345703,37.438217163085938
9414628,2022,2022-02-24,4308,2022-01-05,1804,268,,3,5,5,4308,0,0,0,,0,003,"JACKLIN RD","N HILLVIEW DR",478.00,W,N,A,-,N,,,,,,,,,,Y,3,0,1,2,A,-,03,22350,,N,C,C,A,A,H,-,C,A,0,,,,,Y,,A,01,0,1,0,0,0,0,0,0,0,"- ","- ",,,"SANTA CLARA",MILPITAS,-121.8956298828125,37.446861267089844
9414634,2022,2022-02-24,4308,2022-01-18,0641,279,,2,5,5,4308,0,0,0,,0,0B3,"MILMONT DR","JURGENS DR",0.00,,Y,B,-,N,,,,,,,,,,Y,4,0,1,2,A,-,04,21703,,N,D,C,A,A,H,-,B,D,0,,,,,Y,,A,01,0,0,1,0,0,0,0,0,0,"- ","- ",37.451778411865234,-121.91422271728516,"SANTA CLARA",MILPITAS,-121.91423034667969,37.451763153076172
9414635,2022,2022-02-24,4308,2022-01-14,1400,347,,5,5,5,4308,0,0,0,,0,001,"S MAIN ST","CORNING AV",214.00,,N,A,-,N,,,,,,,,,,Y,4,0,1,2,A,-,04,21703,,N,C,C,A,A,H,-,A,D,0,,,,,Y,,A,01,0,0,1,0,0,0,0,0,0,"- ","- ",37.424411773681641,-121.90532684326172,"SANTA CLARA",MILPITAS,-121.90538787841797,37.424953460693359
9414637,2022,2022-02-24,4308,2022-01-07,1956,323,,5,5,5,4308,0,0,0,,0,005,"NORTH MCCARTHY BL","SPRIG ST",365.00,N,N,A,-,N,,,,,,,,,,Y,3,0,1,1,A,-,03,22350,,M,A,I,A,-,H,-,C,D,0,,,,,Y,,A,01,0,1,0,0,0,0,0,0,0,"- ","- ",37.456939697265625,-121.89640808105469,"SANTA CLARA",MILPITAS,,
9414638,2022,2022-02-24,4308,2022-01-04,1819,268,,2,5,5,4308,0,0,0,,0,002,"S PARK VICTORIA DR","MOUNT SHASTA AV",0.00,,Y,A,-,N,,,,,,,,,,N,2,0,1,2,A,-,10,21950,A,N,G,B,B,A,H,-,C,D,0,Y,,,,Y,,A,01,1,0,0,0,1,0,0,0,0,"- ","- ",37.421409606933594,-121.87669372558594,"SANTA CLARA",MILPITAS,-121.87667083740234,37.421424865722656
9414639,2022,2022-02-24,4308,2022-01-15,1747,329,,6,5,5,4308,0,0,0,,0,005,"NORTH MCCARTHY BL","SPRIG CTR",875.00,N,N,A,-,N,,,,,,,,,,Y,2,0,1,1,A,-,03,22350,A,N,A,I,A,A,H,-,C,A,0,,,Y,,Y,,C,02,1,0,0,0,0,0,0,0,1,"- ","- ",37.452991485595703,-121.92401123046875,"SANTA CLARA",MILPITAS,,
9414731,2022,2022-02-28,4311,2022-01-25,0705,55212,,2,5,5,4311,0,0,0,,0,MV3,"RENGSTORFF AV","MONTECITO AV",0.00,,Y,B,-,N,,,,,,,,,,Y,4,0,1,2,A,-,09,21801,A,N,A,C,A,A,H,-,A,A,0,,,,,Y,,A,01,0,0,1,0,0,0,0,0,0,"- ","- ",37.406978607177734,-121.90486907958984,"SANTA CLARA","MOUNTAIN VIEW",-122.09519958496094,37.406951904296875
9414799,2022,2022-02-28,4311,2022-01-17,0605,53580,5345,1,5,5,4311,0,0,0,,0,MV3,"SHORELINE BL","STIERLIN RD",278.00,S,N,A,-,N,,,,,,,,,,Y,3,0,1,1,A,-,05,21650,,M,E,J,A,A,H,-,C,D,0,,,,,Y,,A,01,0,1,0,0,0,0,0,0,0,"- ","- ",37.401699066162109,-122.07875823974609,"SANTA CLARA","MOUNTAIN VIEW",-122.07933044433594,37.401134490966797
9414963,2022,2022-03-03,4311,2022-02-02,1841,56343,5310,3,5,5,4311,0,0,0,,0,MV1,"WEST EL CAMINO REAL","OAK ST",0.00,,N,A,-,N,,,,,,,,,,N,3,0,1,3,A,-,03,22350,,N,C,C,A,A,H,-,C,D,0,,,,,Y,,A,01,0,1,0,0,0,0,0,0,0,"- ","- ",37.387851715087891,-122.08834075927734,"SANTA CLARA","MOUNTAIN VIEW",-122.08705902099609,37.387405395507812
9415609,2022,2022-03-10,4304,2022-02-06,0800,239,4304,7,5,4,4304,0,0,0,,0,003,"SANTA TERESA BL","DAY RD",0.00,,Y,A,-,N,,,,,,,,,,N,2,0,1,2,A,-,03,22350,,N,C,C,A,A,H,-,A,A,0,,,,,Y,,A,01,1,0,0,0,0,0,0,0,0,"- ","- ",,,"SANTA CLARA",GILROY,-121.59765625,37.037700653076172
9415610,2022,2022-03-11,4304,2022-02-20,1654,163,4304,7,5,4,4304,0,0,0,,0,004,"E 6TH ST","ROGERS LN",61.00,E,N,B,-,N,,,,,,,,,,Y,4,0,1,2,A,-,01,23153,A,N,C,C,A,A,H,-,A,A,0,,,,,Y,Y,A,01,0,0,1,0,0,0,0,0,0,"- ","- ",37.008979797363281,-121.561767578125,"SANTA CLARA",GILROY,-121.56177520751953,37.008960723876953
9415837,2022,2022-04-06,4308,2022-02-08,2013,268,31B01,2,5,5,4308,0,0,0,,0,002,"EAST CAPITOL AV","E CAPITOL AV 700",0.00,,Y,A,-,N,,,,,,,,,,N,4,0,1,2,A,-,08,22100,5,N,D,C,A,A,H,-,C,A,0,,,,Y,Y,,F,25,0,0,1,0,0,0,0,0,0,"- ","- ",37.408748626708984,-121.89125823974609,"SANTA CLARA",MILPITAS,-121.88793182373047,37.406871795654297
9416027,2022,2022-03-22,4313,2022-02-25,1638,4720,DISTR,5,5,7,4313,0,0,0,,0,0M1,"NORTH KING RD","MCKEE RD",0.00,,-,A,-,N,,,,,,,,,,Y,4,0,2,2,A,-,04,21703,,N,C,C,A,A,H,-,A,B,0,,,,,Y,,A,01,0,0,2,0,0,0,0,0,0,"- ","- ",,,"SANTA CLARA","SAN JOSE",-121.86076354980469,37.358047485351562
9416161,2022,2022-03-29,4313,2022-03-02,1417,5003,LINCO,3,5,7,4313,0,0,0,,0,001,"PHELAN AV","S 7TH ST",0.00,,Y,A,-,N,,,,,,,,,,Y,4,0,3,3,A,-,09,21801,,N,B,C,A,A,H,-,A,A,0,,,,,Y,,-,,0,0,3,0,0,0,0,0,0,"- ","- ",37.184951782226562,-121.5155029296875,"SANTA CLARA","SAN JOSE",-121.86524963378906,37.313758850097656
9416162,2022,2022-03-30,4313,2022-03-01,1958,5034,XRAY,2,5,7,4313,0,0,0,,0,0X4,"SNELL AV","BLOSSOM HILL RD",0.00,,Y,A,-,N,,,,,,,,,,Y,4,0,1,2,A,-,07,21658,A,N,B,C,A,A,H,-,C,A,0,,,,,Y,,-,,0,0,1,0,0,0,0,0,0,"- ","- ",,,"SANTA CLARA","SAN JOSE",-121.83091735839844,37.251216888427734
9416163,2022,2022-03-25,4313,2022-03-03,1804,4776,ROBER,4,5,7,4313,0,0,0,,0,0R3,"N 1ST ST","CHARCOT AV",0.00,,-,C,-,N,,,,,,,,,,Y,3,0,2,2,A,-,03,22350,,N,C,C,A,B,H,-,A,A,0,,,,,Y,,-,,0,1,1,0,0,0,0,0,0,"- ","- ",37.224491119384766,-121.55216217041016,"SANTA CLARA","SAN JOSE",-121.9227294921875,37.379123687744141
9416164,2022,2022-04-18,4313,2022-03-03,1403,4734,YELLO,4,5,7,4313,0,0,0,,0,005,"BLOSSOM HILL RD","COYOTE RD",0.00,,Y,C,-,Y,SCL,4,101,-,R,23.442,R,4,S,N,3,0,1,2,A,-,08,22107,,N,B,C,A,B,D,-,A,D,0,,,,,Y,,-,,0,1,0,0,0,0,0,0,0,"- ","- ",,,"SANTA CLARA","SAN JOSE",-121.72399139404297,37.210330963134766
9416165,2022,2022-04-13,4313,2022-03-04,0652,3996,NORA,5,5,7,4313,0,0,0,,0,006,"SARATOGA AV","LAWRENCE EXPWY",0.00,,Y,B,-,N,,,,,,,,,,Y,4,0,1,2,A,-,12,21453,A,N,D,C,A,B,H,-,B,A,0,,,,,Y,,-,,0,0,1,0,0,0,0,0,0,"- ","- ",,,"SANTA CLARA","SAN JOSE",-121.99459838867188,37.289554595947266
9416167,2022,2022-03-29,4313,2022-03-05,1516,4792,SOUTH,6,5,7,4313,0,0,0,,0,0Y3,"CHARLOTTE DR","GREAT OAKS PY",0.00,,Y,A,-,N,,,,,,,,,,Y,3,0,2,1,A,-,00,12500,,N,A,I,A,A,-,-,A,D,0,,,,,Y,,-,,0,1,1,0,0,0,0,0,0,"- ","- ",,,"SANTA CLARA","SAN JOSE",-121.80155944824219,37.251602172851562
9416168,2022,2022-03-29,4313,2022-03-02,1650,4991,SOUTH,3,5,7,4313,0,0,0,,0,0X4,"SNELL AV","SAN JOSE CITY POLE 18P382",28.00,S,N,A,-,N,,,,,,,,,,Y,4,0,2,2,A,-,09,21804,B,N,D,D,A,A,H,-,A,A,0,,,,,Y,,-,,0,0,2,0,0,0,0,0,0,"- ","- ",,,"SANTA CLARA","SAN JOSE",,
9416169,2022,2022-03-29,4313,2022-03-02,1510,4999,TOM,3,5,7,4313,0,0,0,,0,0T5,"PLUMMER AV","HILLSDALE AV",0.00,,Y,A,-,N,,,,,,,,,,Y,4,0,1,2,A,-,08,22107,,N,B,C,A,A,H,-,A,D,0,,,,,Y,,-,"- ",0,0,1,0,0,0,0,0,0,"- ","- ",37.161800384521484,-121.53327941894531,"SANTA CLARA","SAN JOSE",-121.89237976074219,37.271709442138672
9416187,2022,2022-03-25,4313,2022-03-02,2017,4503,LINCO,3,5,7,4313,0,0,0,,0,TWO,"ROBERTS AV","STORY RD",0.00,,Y,A,-,N,,,,,,,,,,N,3,0,1,2,A,-,00,20001,,N,G,B,-,A,H,-,C,A,0,Y,,,,Y,Y,-,,0,1,0,0,1,0,0,0,0,"- ","- ",,,"SANTA CLARA","SAN JOSE",-121.85951995849609,37.328849792480469
9416244,2022,2022-03-14,4311,2022-02-28,0746,55788,5323,1,5,5,4311,0,0,0,,0,MV2,"SHORELINE BL","MERCY ST",13.00,S,N,A,-,N,,,,,,,,,,N,4,0,1,2,A,-,03,22350,,N,-,G,A,A,H,-,A,D,0,,Y,,,Y,,A,01,0,0,1,0,0,0,1,0,0,"- ","- ",,,"SANTA CLARA","MOUNTAIN VIEW",-122.08574676513672,37.391788482666016
9416343,2022,2022-03-15,4311,2022-01-30,1830,56464,5337,7,5,5,4311,0,0,0,,0,MV4,"E MIDDLEFIELD RD","TYRELLA AV",16.00,W,N,A,-,N,,,,,,,,,,N,3,0,1,2,A,-,10,21950,,N,G,B,B,A,H,-,C,D,0,Y,,,,Y,,-,,0,1,0,0,1,0,0,0,0,"- ","- ",37.398418426513672,-122.06490325927734,"SANTA CLARA","MOUNTAIN VIEW",-122.06496429443359,37.398445129394531
9416521,2022,2022-03-29,4308,2022-02-01,1414,323,31A01,2,5,5,4308,0,0,0,,0,005,"TASMAN RD","RT 880",0.00,,Y,A,-,Y,SCL,4,880,-,-,8.117,R,4,S,Y,4,0,1,2,A,-,12,21453,A,N,D,C,A,A,H,-,A,A,0,,,,,Y,,A,08,0,0,1,0,0,0,0,0,0,"- ",SO,37.415599822998047,-121.91358947753906,"SANTA CLARA",MILPITAS,-121.91513824462891,37.421424865722656
9416523,2022,2022-03-18,4308,2022-02-03,1755,268,25A01,4,5,5,4308,0,0,0,,0,003,"DIXON RD","N MILPITAS BL",0.00,,Y,A,-,N,,,,,,,,,,N,4,0,1,2,A,-,10,21950,A,F,G,B,B,A,H,-,C,A,0,Y,,,,Y,,-,99,0,0,1,0,1,0,0,0,0,"- ","- ",37.457649230957031,-121.91143035888672,"SANTA CLARA",MILPITAS,-121.91151428222656,37.457523345947266
9416525,2022,2022-03-18,4308,2022-02-09,1631,323,25B01,3,5,5,4308,0,0,0,,0,001,"S MAIN ST","E CARLO ST",13.00,S,N,A,-,N,,,,,,,,,,N,4,0,2,2,A,-,03,22350,,N,C,C,A,A,H,-,A,A,0,,,,,Y,,A,07,0,0,2,0,0,0,0,0,0,"- ","- ",37.430408477783203,-121.90682220458984,"SANTA CLARA",MILPITAS,-121.90679168701172,37.430503845214844
9416528,2022,2022-03-18,4308,2022-02-14,1643,268,31B01,1,5,5,4308,0,0,0,,0,005,"NORTH MCCARTHY BL","RANCH DR",950.00,N,N,B,-,N,,,,,,,,,,Y,4,0,1,1,A,-,03,22350,,N,E,I,A,A,H,-,A,D,0,,,,,Y,,A,01,0,0,1,0,0,0,0,0,0,"- ","- ",37.428871154785156,-121.92392730712891,"SANTA CLARA",MILPITAS,-121.92385101318359,37.428813934326172
9417601,2022,2022-04-28,4312,2022-03-22,1735,808536,8720,2,5,5,4312,0,0,0,,0,PA2,"ALAMA ST","CHURCHILL AV",3.00,S,N,A,-,N,,,,,,,,,,N,3,0,1,2,A,-,11,21950,B,N,D,C,A,A,H,-,A,A,0,,,Y,,Y,,C,03,0,1,0,0,0,0,0,0,1,"- ","- ",,,"SANTA CLARA","PALO ALTO",-122.15157318115234,37.435615539550781
9417602,2022,2022-04-27,4312,2022-03-31,1737,807113,81500,4,5,5,4312,0,0,0,,0,PA1,"SAND HILL RD","STOCK FARM RD",0.00,,Y,A,-,N,,,,,,,,,,Y,3,0,1,3,A,-,03,22350,,N,C,D,A,A,H,-,A,D,0,,,,,Y,,A,01,0,1,0,0,0,0,0,0,0,"- ","- ",37.431991577148438,-122.18569946289062,"SANTA CLARA","PALO ALTO",-122.18574523925781,37.431980133056641
9417604,2022,2022-04-27,4312,2022-03-31,0938,808914,8060,4,5,5,4312,0,0,0,,0,PA2,"MIDDLEFIELD RD","FOREST AV",0.00,,Y,A,-,N,,,,,,,,,,Y,3,0,1,2,A,-,09,21801,A,N,D,C,A,A,H,-,A,D,0,,,,,Y,,A,01,0,1,0,0,0,0,0,0,0,"- ","- ",,,"SANTA CLARA","PALO ALTO",-122.15428161621094,37.449153900146484
9417694,2022,2022-05-03,4311,2022-04-11,1110,55212,5404,1,5,5,4311,0,0,0,,0,MVI,"CENTRE ST","YUBA DR",95.00,W,N,A,-,N,,,,,,,,,,Y,3,0,1,2,A,-,09,21801,A,N,A,C,A,A,H,-,A,D,0,,,,,Y,,A,01,0,1,0,0,0,0,0,0,0,"- ","- ",,,"SANTA CLARA","MOUNTAIN VIEW",-122.07084655761719,37.380992889404297
9417953,2022,2022-03-22,4313,2022-02-04,1823,4455,DM,5,5,7,4313,0,0,0,,0,0M2,"MCKEE RD","N CAPITOL AV",0.00,,Y,A,-,N,,,,,,,,,,Y,4,0,2,3,A,-,03,22350,,N,C,C,A,A,H,-,B,D,0,,,,,Y,,-,,0,0,2,0,0,0,0,0,0,"- ","- ",37.221218109130859,-121.50350189208984,"SANTA CLARA","SAN JOSE",-121.84317016601562,37.370079040527344
9418554,2022,2022-04-22,4313,2022-03-12,1855,4786,DC,6,5,7,4313,0,0,0,,0,0C5,"STORY RD","STONEHEDGE WY",102.00,W,N,A,-,N,,,,,,,,,,N,4,0,1,2,A,-,03,22350,,N,C,C,A,A,H,-,A,D,0,,,,,Y,,-,,0,0,1,0,0,0,0,0,0,"- ","- ",,,"SANTA CLARA","SAN JOSE",-121.82023620605469,37.355438232421875
9418555,2022,2022-04-29,4313,2022-03-17,1230,5032,CHARL,4,5,7,4313,0,0,0,,0,004,"GALAHAD AV","STORY RD",0.00,,Y,A,-,N,,,,,,,,,,Y,4,0,2,3,A,-,08,22101,D,N,D,C,A,A,H,-,A,A,0,,,,,Y,,-,,0,0,2,0,0,0,0,0,0,"- ","- ",,,"SANTA CLARA","SAN JOSE",-121.82907867431641,37.349494934082031
9418557,2022,2022-04-13,4313,2022-03-15,2228,5027,CHARL,2,5,7,4313,0,0,0,,0,001,"STORY RD","MCCREERY AV",84.00,W,N,A,-,N,,,,,,,,,,Y,4,0,1,1,A,-,03,22350,,N,E,I,A,A,H,-,C,A,0,,,,,Y,,D,22,0,0,1,0,0,0,0,0,0,"- ","- ",37.203029632568359,-121.50254058837891,"SANTA CLARA","SAN JOSE",-121.84062957763672,37.341693878173828
9419064,2022,2022-04-05,4313,2022-03-08,1415,3717,SOUTH,2,5,7,4313,0,0,0,,0,0A1,"LOS GATOS ALMADEN RD","TAFT DR",200.00,E,N,A,-,N,,,,,,,,,,Y,4,0,1,2,D,-,00,,,N,B,C,A,A,H,-,A,D,0,,,,,Y,,-,"- ",0,0,1,0,0,0,0,0,0,"- ","- ",,,"SANTA CLARA","SAN JOSE",-121.9356689453125,37.243408203125
9419066,2022,2022-04-05,4313,2022-03-11,1953,5014,CENTR,5,5,7,4313,0,0,0,,0,0V4,"N 14TH ST","E SANTA CLARA ST",0.00,,Y,A,-,N,,,,,,,,,,N,4,0,1,2,A,-,04,21703,,F,C,C,A,A,H,-,A,A,0,,,,,Y,,-,,0,0,1,0,0,0,0,0,0,"- ","- ",,,"SANTA CLARA","SAN JOSE",-121.87718200683594,37.342521667480469
9419070,2022,2022-04-05,4313,2022-03-14,1811,4602,FOOTH,1,5,7,4313,0,0,0,,0,0C6,"S WHITE RD","ROCKY MOUNTAIN  DR",0.00,,Y,B,-,N,,,,,,,,,,Y,3,0,2,2,A,-,09,21804,A,N,-,C,A,A,H,-,A,D,0,,,,,Y,,-,,0,1,1,0,0,0,0,0,0,"- ","- ",37.204761505126953,-121.48375701904297,"SANTA CLARA","SAN JOSE",-121.81040191650391,37.346553802490234
9419071,2022,2022-04-13,4313,2022-03-05,0831,4662,FOOTH,6,5,7,4313,0,0,0,,0,0M3,"E SAN ANTONIO ST","SOUTH KING RD",0.00,,Y,A,-,N,,,,,,,,,,N,4,0,2,2,A,-,09,21804,,N,D,C,A,A,H,-,A,D,0,,,,,Y,,-,,0,0,2,0,0,0,0,0,0,"- ","- ",37.205940246582031,-121.51970672607422,"SANTA CLARA","SAN JOSE",-121.85267639160156,37.349845886230469
9419077,2022,2022-04-05,4313,2022-03-06,1357,4979,WESTE,7,5,7,4313,0,0,0,,0,LINCOL,"CURTNER AV","MONTEREY RD",0.00,,Y,A,-,N,,,,,,,,,,N,4,0,2,3,A,-,03,22350,,N,A,C,A,A,H,-,A,A,0,,,,,Y,,A,01,0,0,2,0,0,0,0,0,0,"- ","- ",,,"SANTA CLARA","SAN JOSE",-121.86128997802734,37.303577423095703
9419837,2022,2022-04-21,4304,2022-03-27,1631,163,4304,7,5,4,4304,0,0,0,,0,001,"PACHECO PASS HWY","CAMINO ARROYO",0.00,,Y,B,-,Y,SCL,4,152,-,-,10.420,H,-,W,Y,4,0,1,2,A,-,03,22350,,N,C,C,A,-,H,-,A,A,0,,,,,Y,,A,01,0,0,1,0,0,0,0,0,0,"- ","- ",37.004261016845703,-121.55049133300781,"SANTA CLARA",GILROY,-121.55039978027344,37.004245758056641
9419906,2022,2022-06-11,4308,2022-03-01,1520,243,,2,5,5,4308,0,0,0,,0,003,"MINNIS CIR","N MILPITAS BL",122.00,W,N,A,-,N,,,,,,,,,,N,3,0,1,2,A,-,07,21658,A,N,B,C,A,A,H,-,A,D,0,,,,,Y,,J,49,0,1,0,0,0,0,0,0,0,"- ","- ",37.449840545654297,-121.91036987304688,"SANTA CLARA",MILPITAS,-121.91027069091797,37.449939727783203
9419981,2022,2022-04-28,4313,2022-03-09,1718,4603,XRAY,3,5,7,4313,0,0,0,,0,0X1,"ADRAGNA CT","ADRAGNA CT 4419",0.00,,Y,A,-,N,,,,,,,,,,Y,3,0,1,2,A,-,00,23103,,N,C,E,A,A,H,-,A,D,0,,,,,Y,,-,,0,1,0,0,0,0,0,0,0,"- ","- ",,,"SANTA CLARA","SAN JOSE",,
9419982,2022,2022-04-28,4313,2022-03-10,1046,4792,SOUTH,4,5,7,4313,0,0,0,,0,0T2,"ROSS AV","HILLSDALE AV",0.00,,Y,A,-,N,,,,,,,,,,Y,4,0,1,1,A,-,08,22107,,N,A,J,A,A,H,-,A,D,0,,,,,Y,,-,"- ",0,0,1,0,0,0,0,0,0,"- ","- ",,,"SANTA CLARA","SAN JOSE",-121.91680908203125,37.263690948486328
9419983,2022,2022-04-28,4313,2022-03-08,2045,4911,FRANK,2,5,7,4313,0,0,0,,0,004,"PARK AV","RACE ST",0.00,,Y,A,-,N,,,,,,,,,,Y,4,0,1,2,A,-,09,21801,A,N,A,C,A,A,H,-,C,A,0,,,,,Y,,-,,0,0,1,0,0,0,0,0,0,"- ","- ",,,"SANTA CLARA","SAN JOSE",-121.91156768798828,37.325996398925781
9419993,2022,2022-04-28,4313,2022-03-08,1019,4954,WILLI,2,5,7,4313,0,0,0,,0,002,"N CAPITOL AV","SIERRA RD",0.00,,Y,A,-,N,,,,,,,,,,Y,3,0,1,2,A,-,12,21453,A,N,D,F,A,A,H,-,A,A,0,,,,,Y,,-,,0,1,0,0,0,0,0,0,0,"- ","- ",,,"SANTA CLARA","SAN JOSE",-121.86550903320312,37.391220092773438
9419994,2022,2022-04-28,4313,2022-03-11,1326,4945,TOM,5,5,7,4313,0,0,0,,0,0T4,"BRANHAM LN","KIRK RD",0.00,,Y,A,-,N,,,,,,,,,,Y,3,0,1,2,A,-,09,21804,A,N,A,C,A,A,H,-,A,D,0,,,,,Y,,-,,0,1,0,0,0,0,0,0,0,"- ","- ",,,"SANTA CLARA","SAN JOSE",-121.90269470214844,37.253223419189453
9419996,2022,2022-04-28,4313,2022-03-10,2145,5001,CENTR,4,5,7,4313,0,0,0,,0,0E2,"W ST JAMES ST","N MARKET ST",0.00,,Y,A,-,N,,,,,,,,,,Y,4,0,2,3,A,-,12,21453,A,N,B,C,A,A,-,-,C,A,0,,,,,Y,,-,,0,0,2,0,0,0,0,0,0,"- ","- ",,,"SANTA CLARA","SAN JOSE",-121.89424896240234,37.338390350341797
9419997,2022,2022-04-28,4313,2022-03-08,1118,5020,XRAY,2,5,7,4313,0,0,0,,0,001,"WEST CAPITOL EXPWY","BLUEFIELD DR",0.00,,Y,A,-,N,,,,,,,,,,Y,4,0,2,2,A,-,00,22106,5,N,D,C,A,A,H,-,A,A,0,,,,,Y,,-,,0,0,2,0,0,0,0,0,0,"- ","- ",,,"SANTA CLARA","SAN JOSE",-121.85508728027344,37.274436950683594
9420000,2022,2022-04-27,4313,2022-03-12,1154,4871,DN,6,5,7,4313,0,0,0,,0,0N5,"PAYNE AV","SOUTH WINCHESTER BL",0.00,,Y,A,-,N,,,,,,,,,,N,4,0,1,1,A,-,03,22350,A,N,H,A,A,A,H,-,A,A,0,,,,,Y,,-,"- ",0,0,1,0,0,0,0,0,0,"- ","- ",,,"SANTA CLARA","SAN JOSE",-121.95004272460938,37.301563262939453
9420081,2022,2022-05-06,4313,2022-03-11,2000,4589,DF,5,5,7,4313,0,0,0,,0,0F4,"W SAN CARLOS ST","WABASH AV",0.00,,Y,A,-,N,,,,,,,,,,N,4,0,1,2,A,-,11,21955,,N,G,B,C,A,H,-,C,A,0,Y,,,,Y,Y,N,60,0,0,1,0,1,0,0,0,0,"- ","- ",,,"SANTA CLARA","SAN JOSE",-121.92676544189453,37.323478698730469