CASE_ID,ACCIDENT_YEAR,PROC_DATE,JURIS,COLLISION_DATE,COLLISION_TIME,OFFICER_ID,REPORTING_DISTRICT,DAY_OF_WEEK,CHP_SHIFT,POPULATION,CNTY_CITY_LOC,SPECIAL_COND,BEAT_TYPE,CHP_BEAT_TYPE,CITY_DIVISION_LAPD,CHP_BEAT_CLASS,BEAT_NUMBER,PRIMARY_RD,SECONDARY_RD,DISTANCE,DIRECTION,INTERSECTION,WEATHER_1,WEATHER_2,STATE_HWY_IND,CALTRANS_COUNTY,CALTRANS_DISTRICT,STATE_ROUTE,ROUTE_SUFFIX,POSTMILE_PREFIX,POSTMILE,LOCATION_TYPE,RAMP_INTERSECTION,SIDE_OF_HWY,TOW_AWAY,COLLISION_SEVERITY,NUMBER_KILLED,NUMBER_INJURED,PARTY_COUNT,PRIMARY_COLL_FACTOR,PCF_CODE_OF_VIOL,PCF_VIOL_CATEGORY,PCF_VIOLATION,PCF_VIOL_SUBSECTION,HIT_AND_RUN,TYPE_OF_COLLISION,MVIW,PED_ACTION,ROAD_SURFACE,ROAD_COND_1,ROAD_COND_2,LIGHTING,CONTROL_DEVICE,CHP_ROAD_TYPE,PEDESTRIAN_ACCIDENT,BICYCLE_ACCIDENT,MOTORCYCLE_ACCIDENT,TRUCK_ACCIDENT,NOT_PRIVATE_PROPERTY,ALCOHOL_INVOLVED,STWD_VEHTYPE_AT_FAULT,CHP_VEHTYPE_AT_FAULT,COUNT_SEVERE_INJ,COUNT_VISIBLE_INJ,COUNT_COMPLAINT_PAIN,COUNT_PED_KILLED,COUNT_PED_INJURED,COUNT_BICYCLIST_KILLED,COUNT_BICYCLIST_INJURED,COUNT_MC_KILLED,COUNT_MC_INJURED,PRIMARY_RAMP,SECONDARY_RAMP,LATITUDE,LONGITUDE,COUNTY,CITY,POINT_X,POINT_Y
9561867,2023,2023-04-03,4313,2023-02-02,1457,4834,FOOTH,4,5,7,4313,0,0,0,,0,005,"OCALA AV","WONDERAMA DR",0.00,,Y,A,-,N,,,,,,,,,,Y,3,0,1,3,A,-,09,21800,,N,B,C,A,A,H,-,A,D,0,,,Y,,Y,,A,01,0,1,0,0,0,0,0,0,1,"- ","- ",,,"SANTA CLARA","SAN JOSE",,
9561869,2023,2023-04-03,4313,2023-02-27,1639,5059,FRANK,1,5,7,4313,0,0,0,,0,0F1,"SOUTH WINCHESTER BL","TISCH WY",0.00,,Y,A,-,N,,,,,,,,,,N,4,0,1,2,A,-,03,22350,,N,C,C,A,A,H,-,A,A,0,,,,,Y,,-,,0,0,1,0,0,0,0,0,0,"- ","- ",37.192161560058594,-121.57058715820312,"SANTA CLARA","SAN JOSE",,
9561870,2023,2023-04-03,4313,2023-02-28,"940 ",4733,FRANK,2,5,7,4313,0,0,0,,0,0F1,"SAN TOMAS EXPWY","MOORPARK AV",35.00,S,N,C,-,N,,,,,,,,,,Y,4,0,2,3,A,-,08,22100,,N,A,C,A,B,H,-,A,A,0,,,,,Y,,A,01,0,0,2,0,0,0,0,0,0,"- ","- ",,,"SANTA CLARA","SAN JOSE",-121.96330261230469,37.316009521484375
9561875,2023,2023-04-28,4313,2023-03-13,1449,4081,CENTR,1,5,7,4313,0,0,0,,0,0K3,"S 11TH ST","E WILLIAM ST",0.00,,Y,A,-,N,,,,,,,,,,Y,4,0,1,2,A,-,00,12500,A,N,D,C,A,A,H,-,A,A,0,,,,,Y,,-,,0,0,1,0,0,0,0,0,0,"- ","- ",37.200920104980469,-121.52277374267578,"SANTA CLARA","SAN JOSE",,
9561876,2023,2023-05-05,4313,2023-03-08,1646,4776,ROBER,3,5,7,4313,0,0,0,,0,0R3,"W TRIMBLE RD","SEABOARD AV",638.00,W,N,A,-,Y,SCL,4,101,-,-,40.123,R,4,N,Y,4,0,2,2,A,-,12,21453,A,N,D,C,A,A,H,-,A,A,0,,,,,Y,,-,,0,0,2,0,0,0,0,0,0,"- ","- ",37.224609375,-121.56218719482422,"SANTA CLARA","SAN JOSE",-121.93124389648438,37.374656677246094
9561879,2023,2023-05-03,4313,2023-03-18,"218 ",4561,DC,6,5,7,4313,0,0,0,,0,003,"SOUTH KING RD","WAVERLY AV",348.00,S,N,A,-,N,,,,,,,,,,Y,3,0,4,2,A,-,01,23152,,N,A,C,A,A,H,-,C,A,0,,,,,Y,Y,A,01,0,2,2,0,0,0,0,0,0,"- ","- ",,,"SANTA CLARA","SAN JOSE",-121.82850646972656,37.325008392333984
9561880,2023,2024-06-24,4313,2023-03-17,1419,5083,WESTE,5,5,7,4313,0,0,0,,0,0S4,"LINCOLN AV","LOUISE AV",10.00,,N,A,-,N,,,,,,,,,,Y,2,0,1,1,A,-,03,22350,,N,A,J,A,A,H,-,A,D,0,,,,,Y,,A,01,1,0,0,0,0,0,0,0,0,"- ","- ",37.175811767578125,-121.53362274169922,"SANTA CLARA","SAN JOSE",,
9561881,2023,2023-04-28,4313,2023-03-18,"100 ",5064,FRANK,6,5,7,4313,0,0,0,,0,004,"PARK AV","LAUREL GROVE LN",0.00,,-,A,-,N,,,,,,,,,,N,2,0,1,2,A,-,17,21208,,F,G,G,A,A,H,-,C,D,0,,Y,,,Y,,L,04,1,0,0,0,0,0,1,0,0,"- ","- ",37.19342041015625,-121.54174041748047,"SANTA CLARA","SAN JOSE",,
9561882,2023,2023-04-28,4313,2023-03-09,1920,5104,WESTE,4,5,7,4313,0,0,0,,0,0S6,"S 1ST ST","FLOYD ST",0.00,,Y,C,-,N,,,,,,,,,,N,3,0,1,2,A,-,11,21954,A,N,G,B,D,B,H,-,C,D,0,Y,,,,Y,,N,60,0,1,0,0,1,0,0,0,0,"- ","- ",,,"SANTA CLARA","SAN JOSE",,
9561887,2023,2023-04-28,4313,2023-03-15,1523,5029,TOM,3,5,7,4313,0,0,0,,0,0T5,"HILLSDALE AV","ROSS AV",0.00,,Y,A,-,N,,,,,,,,,,Y,3,0,1,2,A,-,09,21800,D,N,D,C,A,A,H,-,A,B,0,,,,,Y,,-,,0,1,0,0,0,0,0,0,0,"- ","- ",,,"SANTA CLARA","SAN JOSE",,
9561890,2023,2023-04-28,4313,2023-03-15,"545 ",4641,NORA,3,5,7,4313,0,0,0,,0,0N3,"SARATOGA AV","WILLIAMS RD",0.00,,Y,A,-,N,,,,,,,,,,Y,4,0,2,2,A,-,09,21800,D,N,D,C,A,A,H,-,E,B,0,,,,,Y,,-,,0,0,2,0,0,0,0,0,0,"- ","- ",37.182918548583984,-121.58396911621094,"SANTA CLARA","SAN JOSE",,
9561891,2023,2023-04-28,4313,2023-03-02,1642,4730,LINCO,4,5,7,4313,0,0,0,,0,001,"S 3RD ST","KEYES ST",0.00,,N,A,-,N,,,,,,,,,,Y,4,0,1,2,A,-,03,22350,,N,A,C,A,A,H,-,A,A,0,,,,,Y,,-,,0,0,1,0,0,0,0,0,0,"- ","- ",,,"SANTA CLARA","SAN JOSE",,
9561892,2023,2023-04-28,4313,2023-03-07,1834,4932,L,2,5,7,4313,0,0,0,,0,003,"MCLAUGHLIN AV","BRANDYBUCK WY",200.00,S,N,A,-,N,,,,,,,,,,Y,4,0,1,1,A,-,03,22350,,N,A,A,A,A,H,-,A,D,0,,,,,Y,Y,-,,0,0,1,0,0,0,0,0,0,"- ","- ",,,"SANTA CLARA","SAN JOSE",-121.81877899169922,37.298713684082031
9561893,2023,2023-04-28,4313,2023-03-14,2139,4738,NORA,2,5,7,4313,0,0,0,,0,0N3,"WILLIAMS RD","SARATOGA AV",0.00,,Y,A,-,N,,,,,,,,,,Y,4,0,1,2,A,-,09,21800,A,N,D,C,A,A,H,-,E,B,0,,,,,Y,,-,,0,0,1,0,0,0,0,0,0,"- ","- ",37.182918548583984,-121.58396911621094,"SANTA CLARA","SAN JOSE",,
9561897,2023,2023-05-08,4313,2023-03-15,"634 ",4667,NORA,3,5,7,4313,0,0,0,,0,003,"LAWRENCE EXPWY","RT 280",0.00,,Y,A,-,Y,SCL,4,280,-,-,6.981,R,4,S,Y,4,0,1,2,A,-,09,21802,A,N,A,C,A,A,H,-,B,B,0,,,,,Y,,-,,0,0,1,0,0,0,0,0,0,"- ",SO,,,"SANTA CLARA","SAN JOSE",-121.99311065673828,37.319419860839844
9561898,2023,2023-04-29,4313,2023-03-15,"910 ",3703,SOUTH,3,5,7,4313,0,0,0,,0,0T2,"FOXWORTHY AV","LEIGH AV",0.00,,Y,A,-,N,,,,,,,,,,Y,4,0,1,2,A,-,12,22450,,N,C,A,A,A,H,-,A,B,0,,,,,Y,,-,,0,0,1,0,0,0,0,0,0,"- ","- ",,,"SANTA CLARA","SAN JOSE",,
9561899,2023,2023-05-03,4313,2023-03-15,1408,4261,DV,3,5,7,4313,0,0,0,,0,0V3,"E TAYLOR ST","N 5TH ST",0.00,,Y,A,-,N,,,,,,,,,,N,4,0,1,2,A,-,03,22350,,N,C,C,A,A,H,-,A,-,0,,,,,Y,,-,,0,0,1,0,0,0,0,0,0,"- ","- ",,,"SANTA CLARA","SAN JOSE",,
9561900,2023,2023-04-29,4313,2023-03-06,1553,4998,KING,1,5,7,4313,0,0,0,,0,005,"MCLAUGHLIN AV","WILLIAM CT",0.00,,Y,A,-,N,,,,,,,,,,N,4,0,1,2,D,-,00,,,N,G,C,A,A,H,-,A,A,0,,,,,Y,,-,"- ",0,0,1,0,0,0,0,0,0,"- ","- ",,,"SANTA CLARA","SAN JOSE",,
9561901,2023,2023-04-29,4313,2023-03-06,1839,5072,FRANK,1,5,7,4313,0,0,0,,0,0F3,"FOREST AV","CIRO AV",0.00,,-,A,-,N,,,,,,,,,,N,4,0,1,2,A,-,11,21955,,N,G,B,D,B,H,-,D,D,0,Y,,,,Y,,N,60,0,0,1,0,1,0,0,0,0,"- ","- ",,,"SANTA CLARA","SAN JOSE",,
9561938,2023,2023-04-28,4313,2023-03-18,1115,4731,KING,6,5,7,4313,0,0,0,,0,0K3,"S 10TH ST","E SAN CARLOS ST",0.00,,Y,A,-,N,,,,,,,,,,N,4,0,1,2,A,-,07,21658,A,N,B,C,A,A,H,-,A,A,0,,,,,Y,,-,,0,0,1,0,0,0,0,0,0,"- ","- ",,,"SANTA CLARA","SAN JOSE",,
9561941,2023,2023-04-28,4313,2023-03-18,1508,4945,KING,6,5,7,4313,0,0,0,,0,0K3,"S 11TH ST","E WILLIAM ST",0.00,,Y,B,-,N,,,,,,,,,,Y,4,0,1,2,A,-,00,22453,,N,D,C,A,A,H,-,A,A,0,,,,,Y,,-,,0,0,1,0,0,0,0,0,0,"- ","- ",,,"SANTA CLARA","SAN JOSE",,
9561942,2023,2023-04-28,4313,2023-03-17,"642 ",5034,TOM,5,5,7,4313,0,0,0,,0,0T3,"CURTNER AV","CHERRY AV",0.00,,Y,E,-,N,,,,,,,,,,Y,4,0,1,1,A,-,08,22107,,N,H,J,A,A,H,-,B,A,0,,,,,Y,,-,,0,0,1,0,0,0,0,0,0,"- ","- ",,,"SANTA CLARA","SAN JOSE",,
9561944,2023,2023-04-28,4313,2023-03-14,1655,4269,PAUL,2,5,7,4313,0,0,0,,0,004,"YERBA BUENA RD","SILVER CREEK RD",0.00,,-,B,-,N,,,,,,,,,,Y,4,0,1,1,A,-,03,22350,,N,E,-,A,B,H,-,A,D,0,,,,,Y,,-,,0,0,1,0,0,0,0,0,0,"- ","- ",37.175910949707031,-121.48985290527344,"SANTA CLARA","SAN JOSE",,
9561947,2023,2023-04-28,4313,2023-03-15,1705,4783,LINCO,3,5,7,4313,0,0,0,,0,002,"AUDUBON DR","CLEMENCE AV",0.00,,Y,A,-,N,,,,,,,,,,N,3,0,2,2,A,-,21,22106,,N,A,D,A,A,H,-,A,D,0,,,,,Y,,-,,0,2,0,0,0,0,0,0,0,"- ","- ",,,"SANTA CLARA","SAN JOSE",,
9561970,2022,2023-03-29,4313,2022-12-04,1025,4509,YELLO,7,5,7,4313,0,0,0,,0,0Y5,PIERCY,"HELLYER AV",0.00,,Y,A,-,N,,,,,,,,,,Y,3,0,3,2,A,-,12,21453,,N,D,C,A,A,H,-,A,A,0,,,,,Y,,-,,0,1,2,0,0,0,0,0,0,"- ","- ",,,"SANTA CLARA","SAN JOSE",-121.78134155273438,37.258163452148438
9562244,2023,2023-04-26,4313,2023-03-23,1158,4011,FOOTH,4,5,7,4313,0,0,0,,0,0C1,"STORY RD","LP# 110385 KING RD",12.00,N,N,A,-,N,,,,,,,,,,N,4,0,1,2,A,-,09,21804,,N,B,-,A,A,H,-,A,A,0,,,,,Y,,-,,0,0,1,0,0,0,0,0,0,"- ","- ",37.202678680419922,-121.50267791748047,"SANTA CLARA","SAN JOSE",-121.84320068359375,37.339962005615234
9562245,2023,2023-04-26,4313,2023-03-23,"817 ",5074,CHARL,4,5,7,4313,0,0,0,,0,0C6,"CLAYTON RD","CLAYTON RD 1119",0.00,,Y,B,-,N,,,,,,,,,,Y,4,0,1,2,-,-,"- ",,,N,C,E,A,-,H,-,A,A,0,,,,,Y,,-,,0,0,1,0,0,0,0,0,0,"- ","- ",,,"SANTA CLARA","SAN JOSE",,
9562247,2023,2023-04-26,4313,2023-03-20,1559,5095,SAM,1,5,7,4313,0,0,0,,0,0S5,"WEST VIRGINIA ST","ALMADEN AV",0.00,,Y,A,-,N,,,,,,,,,,Y,4,0,1,2,A,-,12,21453,A,N,D,C,A,A,H,-,A,A,0,,,,,Y,,-,,0,0,1,0,0,0,0,0,0,"- ","- ",37.191959381103516,-121.53466796875,"SANTA CLARA","SAN JOSE",,
9562248,2023,2023-04-26,4313,2023-03-22,1530,5088,WESTE,3,5,7,4313,0,0,0,,0,0F2,"SOUTH WINCHESTER BL","TISCH WY",0.00,,Y,B,-,N,,,,,,,,,,Y,4,0,2,2,A,-,12,21453,A,N,D,C,A,A,H,-,A,A,0,,,,,Y,,-,,0,0,2,0,0,0,0,0,0,"- ","- ",37.192161560058594,-121.57058715820312,"SANTA CLARA","SAN JOSE",,
9562249,2023,2023-04-26,4313,2023-03-22,1637,4503,VICTO,3,5,7,4313,0,0,0,,0,TWO,"N 10TH ST","N 10TH ST 818",0.00,,N,A,-,N,,,,,,,,,,N,4,0,1,2,D,-,00,,,N,G,B,F,A,H,-,A,D,0,Y,,,,Y,,-,"- ",0,0,1,0,1,0,0,0,0,"- ","- ",,,"SANTA CLARA","SAN JOSE",,
9562253,2023,2023-04-26,4313,2023-03-21,1141,4603,MARY,2,5,7,4313,0,0,0,,0,0M1,"MCKEE RD","CHECKERS DR",0.00,,Y,B,C,N,,,,,,,,,,,3,0,2,2,A,-,12,21453,A,N,A,C,A,B,H,-,A,-,0,,,,,Y,,-,,0,1,1,0,0,0,0,0,0,"- ","- ",37.213638305664062,-121.51278686523438,"SANTA CLARA","SAN JOSE",,
9562254,2023,2023-04-26,4313,2023-03-20,1524,4261,DS,1,5,7,4313,0,0,0,,0,0S4,"MINNESOTA AV","CHERRY AV",0.00,,Y,A,-,N,,,,,,,,,,Y,4,0,1,2,A,-,09,21802,,N,D,C,A,A,H,-,A,D,0,,,,,Y,,-,,0,0,1,0,0,0,0,0,0,"- ","- ",,,"SANTA CLARA","SAN JOSE",,
9562256,2023,2023-04-26,4313,2023-03-17,1231,3249,CENTR,5,5,7,4313,0,0,0,,0,0V1,"N 4TH ST","E HEDDING ST",0.00,,Y,A,-,N,,,,,,,,,,Y,4,0,1,2,A,-,12,21453,A,N,D,C,A,-,H,-,A,A,0,,,,,Y,,-,,0,0,1,0,0,0,0,0,0,"- ","- ",37.211750030517578,-121.54097747802734,"SANTA CLARA","SAN JOSE",,
9562257,2023,2023-04-27,4313,2023-03-21,1309,4261,DV,2,5,7,4313,0,0,0,,0,0V2,"E MISSION ST","E MISSION ST 525",0.00,,Y,C,-,N,,,,,,,,,,Y,4,0,1,3,A,-,12,22450,,N,D,C,A,B,H,-,A,D,0,,,,,Y,,-,"- ",0,0,1,0,0,0,0,0,0,"- ","- ",,,"SANTA CLARA","SAN JOSE",,
9562260,2023,2023-04-25,4313,2023-03-19,1358,3606,WESTE,7,5,7,4313,0,0,0,,0,0S2,"LEIGH AV","SOUTHWEST ESPWY",0.00,,Y,A,-,N,,,,,,,,,,Y,3,0,2,2,A,-,09,21801,A,N,D,C,A,A,H,-,A,A,0,,,,,Y,,-,,0,2,0,0,0,0,0,0,0,"- ","- ",,,"SANTA CLARA","SAN JOSE",,
9562265,2023,2023-05-01,4313,2023-03-16,1842,4530,WESTE,4,5,7,4313,0,0,0,,0,0S6,"PLUM ST","W HUMBOLDT ST",0.00,,Y,A,-,N,,,,,,,,,,N,3,0,1,2,A,-,05,21650,,N,G,B,B,A,H,-,A,D,0,Y,,,,Y,,N,60,0,1,0,0,1,0,0,0,0,"- ","- ",,,"SANTA CLARA","SAN JOSE",,
9562268,2023,2023-04-27,4313,2023-03-19,1842,4900,TOM,7,5,7,4313,0,0,0,,0,003,"LINCOLN AV","LINCOLN CT",0.00,,Y,A,-,N,,,,,,,,,,N,4,0,1,2,A,-,08,22107,,F,B,C,A,-,H,-,A,D,0,,,Y,,Y,,C,02,0,0,1,0,0,0,0,0,1,"- ","- ",,,"SANTA CLARA","SAN JOSE",,
9562269,2023,2023-04-28,4313,2023-03-20,1642,4667,PAUL,1,5,7,4313,0,0,0,,0,006,"LARKSPUR AV","SAN FELIPE RD",0.00,,Y,A,-,N,,,,,,,,,,Y,2,0,2,4,A,-,08,22107,,N,C,B,E,A,H,-,A,D,0,Y,,,,Y,,-,,2,0,0,0,2,0,0,0,0,"- ","- ",,,"SANTA CLARA","SAN JOSE",,
9562274,2023,2023-04-27,4313,2023-03-25,1951,4882,WILLI,6,5,7,4313,0,0,0,,0,002,"MABURY RD","N CAPITOL AV",0.00,,Y,A,-,N,,,,,,,,,,Y,4,0,4,3,A,-,01,23153,,F,C,C,A,A,H,-,C,A,0,,,,,Y,,-,,0,0,4,0,0,0,0,0,0,"- ","- ",37.224349975585938,-121.51705932617188,"SANTA CLARA","SAN JOSE",,
9562275,2023,2023-04-27,4313,2023-03-24,1700,4504,ROBER,5,5,7,4313,0,0,0,,0,004,"OAKLAND RD","OAKLAND RD 1202",0.00,,N,A,-,N,,,,,,,,,,Y,4,0,1,2,A,-,09,21800,A,N,-,C,A,A,H,-,A,-,0,,,,,Y,,-,"- ",0,0,1,0,0,0,0,0,0,"- ","- ",,,"SANTA CLARA","SAN JOSE",,
9562277,2023,2023-04-27,4313,2023-03-22,1538,3996,NORA,3,5,7,4313,0,0,0,,0,004,"SAN TOMAS AQUINO RD","HAMILTON AV",0.00,,Y,A,-,N,,,,,,,,,,N,4,0,2,2,A,-,09,21804,A,N,D,C,A,A,H,-,A,A,0,,,,,Y,,-,,0,0,2,0,0,0,0,0,0,"- ","- ",,,"SANTA CLARA","SAN JOSE",,
9562278,2023,2023-04-27,4313,2023-03-23,2221,4713,DN,4,5,7,4313,0,0,0,,0,0N1,"SOUTH DE ANZA BL","BLUE HILL DR",0.00,,Y,-,-,N,,,,,,,,,,N,4,0,1,1,A,-,03,22350,,N,E,I,A,B,H,-,C,D,0,,,,,Y,,-,,0,0,1,0,0,0,0,0,0,"- ","- ",,,"SANTA CLARA","SAN JOSE",,
9562279,2023,2023-04-27,4313,2023-03-24,"324 ",5003,XRAY,5,5,7,4313,0,0,0,,0,003,"COYOTE RD","SNOW DR",0.00,,Y,A,-,N,,,,,,,,,,N,4,0,1,2,A,-,05,21650,1,N,A,G,A,A,H,-,A,D,0,,Y,,,Y,,L,04,0,0,1,0,0,0,1,0,0,"- ","- ",37.163898468017578,-121.48307800292969,"SANTA CLARA","SAN JOSE",,
9562388,2023,2023-05-02,4313,2023-03-21,1442,3249,CENTR,2,5,7,4313,0,0,0,,0,0V3,"N 11TH ST","E WASHINGTON ST",0.00,,Y,B,C,N,,,,,,,,,,Y,3,0,1,2,A,-,09,21804,A,N,D,D,A,B,H,-,D,D,0,,,,,Y,,A,07,0,1,0,0,0,0,0,0,0,"- ","- ",,,"SANTA CLARA","SAN JOSE",,
9562395,2023,2023-05-02,4313,2023-03-21,1753,4662,FRANK,2,5,7,4313,0,0,0,,0,0F5,"W SAN CARLOS ST",MCEVOY,0.00,,Y,C,-,N,,,,,,,,,,N,4,0,1,2,A,-,03,22350,,N,C,C,A,B,H,-,A,A,0,,,,,Y,,-,,0,0,1,0,0,0,0,0,0,"- ","- ",,,"SANTA CLARA","SAN JOSE",,
9562397,2023,2023-05-04,4313,2023-03-21,1406,5080,SOUTH,2,5,7,4313,0,0,0,,0,0A4,"SANTA TERESA BL","COLEMAN RD",0.00,,Y,C,-,N,,,,,,,,,,Y,4,0,1,3,A,-,12,21453,A,N,A,C,A,B,H,-,A,A,0,,,,,Y,,-,,0,0,1,0,0,0,0,0,0,"- ","- ",,,"SANTA CLARA","SAN JOSE",,
9562398,2023,2023-05-04,4313,2023-03-20,2022,4503,SAM,1,5,7,4313,0,0,0,,0,FOUR,"LELONG ST","W ALMA AV",0.00,,Y,-,-,N,,,,,,,,,,Y,4,0,2,2,A,-,09,21801,A,N,D,C,A,A,H,-,C,D,0,,,,,Y,,-,,0,0,2,0,0,0,0,0,0,"- ","- ",,,"SANTA CLARA","SAN JOSE",,
9562400,2023,2023-05-04,4313,2023-03-23,1718,5089,DE,4,5,7,4313,0,0,0,,0,0E2,"SAINT JAMES ST","TERRAINE ST",0.00,,Y,A,-,N,,,,,,,,,,N,4,0,1,2,A,-,03,22350,,N,C,C,A,A,H,-,A,A,0,,,,,Y,,-,,0,0,1,0,0,0,0,0,0,"- ","- ",,,"SANTA CLARA","SAN JOSE",,
9562622,2022,2023-04-06,4313,2022-04-17,1549,4631,SOUTH,7,5,7,4313,0,0,0,,0,0A4,"MC ABEE RD","THORNTREE RD",47.00,N,N,A,-,N,,,,,,,,,,Y,3,0,2,1,A,-,08,22107,,N,E,I,A,A,H,-,A,D,0,,,,,Y,,-,,0,2,0,0,0,0,0,0,0,"- ","- ",37.135780334472656,-121.5235595703125,"SANTA CLARA","SAN JOSE",-121.87642669677734,37.232902526855469
9562986,2023,2023-05-04,4311,2023-03-16,2123,57100,5313,4,5,5,4311,0,0,0,,0,MV2,"EL MONTE AV","MARICH WY",0.00,,Y,A,-,N,,,,,,,,,,N,2,0,1,2,A,-,10,21950,A,N,G,B,B,A,H,-,C,A,0,Y,,,,Y,Y,A,01,1,0,0,0,1,0,0,0,0,"- ","- ",,,"SANTA CLARA","MOUNTAIN VIEW",,
9563966,2023,2023-04-13,4310,2023-02-28,"618 ",291,43635,2,5,4,4310,0,0,0,,0,SECTOR,"MURPHY AV","DUNNE AV",0.00,E,N,B,-,N,,,,,,,,,,Y,3,0,1,2,A,-,09,21801,A,N,D,C,A,B,H,-,A,A,0,,,,,Y,,A,01,0,1,0,0,0,0,0,0,0,"- ","- ",37.126838684082031,-121.63523101806641,"SANTA CLARA","MORGAN HILL",-121.62848663330078,37.133560180664062
9564610,2023,2023-04-28,4304,2023-03-09,1520,202,4304,4,5,4,4304,0,0,0,,0,001,"ALEXANDER ST","OLD GILROY ST",0.00,,Y,C,-,N,,,,,,,,,,N,3,0,1,2,A,-,03,22350,,N,C,C,A,B,H,-,C,A,0,,,,,Y,,A,01,0,1,0,0,0,0,0,0,0,"- ","- ",,,"SANTA CLARA",GILROY,,
9567509,2023,2023-05-26,4305,2023-04-16,1120,10394,1302,7,5,4,4305,0,0,0,,0,LA1,"FOOTHILL EXPWY","EDITH AV",0.00,,Y,A,-,N,,,,,,,,,,N,3,0,1,2,A,-,04,21703,,N,C,C,A,A,H,-,A,A,0,,Y,,,Y,,L,04,0,1,0,0,0,0,1,0,0,"- ","- ",,,"SANTA CLARA","LOS ALTOS",,
9567843,2023,2023-06-13,4311,2023-05-20,1735,56802,5337,6,5,5,4311,0,0,0,,0,MV4,"CENTRAL EXPWY","WHISMAN STATION RD",200.00,E,N,A,-,N,,,,,,,,,,Y,4,0,1,2,A,-,04,21703,,N,C,C,A,A,H,-,A,A,0,,,,,Y,,A,01,0,0,1,0,0,0,0,0,0,"- ","- ",37.389820098876953,-122.06331634521484,"SANTA CLARA","MOUNTAIN VIEW",-122.06278228759766,37.389415740966797
9567844,2023,2023-06-12,4311,2023-05-19,1920,56722,5337,5,5,5,4311,0,0,0,,0,MV4,"ADA AV","DENARDO LN",50.00,S,N,A,-,N,,,,,,,,,,Y,4,0,1,2,A,-,08,22107,,M,B,E,A,A,H,-,A,D,0,,,,,Y,,A,01,0,0,1,0,0,0,0,0,0,"- ","- ",,,"SANTA CLARA","MOUNTAIN VIEW",-122.06564331054688,37.394069671630859
9567848,2023,2023-06-13,4311,2023-05-07,1130,57070,5342,7,5,5,4311,0,0,0,,0,MV3,"SHORELINE BL","CENTRAL EXPWY",66.00,N,N,A,-,N,,,,,,,,,,Y,3,0,1,2,A,-,06,21755,,N,C,C,A,A,H,-,A,A,0,,,Y,,Y,,C,02,0,1,0,0,0,0,0,0,1,"- ","- ",,,"SANTA CLARA","MOUNTAIN VIEW",-122.08191680908203,37.397354125976562
9568125,2022,2023-04-24,4300,2022-08-22,1410,2184,L3,1,5,2,4306,0,0,0,,0,74S2,"ARASTRADERO RD","PAGE MILL RD",83.00,E,N,A,-,N,,,,,,,,,,Y,3,0,1,1,A,-,08,22107,,N,F,A,A,A,H,-,A,D,0,,,Y,,Y,,C,02,0,1,0,0,0,0,0,0,1,"- ","- ",37.388069152832031,-122.16356658935547,"SANTA CLARA","LOS ALTOS HILLS",-122.16561889648438,37.384899139404297
9568219,2023,2023-05-08,4311,2023-04-08,"242 ",57193,5407,6,5,5,4311,0,0,0,,0,MV1,"CASTRO ST","EL CAMINO REAL",0.00,,Y,A,-,Y,SCL,4,82,-,-,19.870,I,5,N,N,2,0,2,2,A,-,01,23153,A,N,D,C,A,A,H,-,C,A,0,,,,,Y,Y,-,,1,1,0,0,0,0,0,0,0,"- ","- ",,,"SANTA CLARA","MOUNTAIN VIEW",-122.08387756347656,37.385822296142578
9568223,2023,2023-05-08,4311,2023-04-08,1050,53580,5310,6,5,5,4311,0,0,0,,0,MV1,"EL CAMINO REAL","CASTRO ST",0.00,,Y,A,-,Y,SCL,4,82,-,-,19.870,I,5,S,N,2,0,1,2,D,-,00,,,N,G,B,B,A,H,-,A,A,0,Y,,,,Y,,-,"- ",1,0,0,0,1,0,0,0,0,"- ","- ",,,"SANTA CLARA","MOUNTAIN VIEW",-122.08399200439453,37.385704040527344
9568488,2023,2023-06-01,4313,2023-03-15,1254,5098,DISTR,3,5,7,4313,0,0,0,,0,"PAUL 4","DANIEL MALONEY DR","SILVER CREEK RD",19.00,N,N,A,-,N,,,,,,,,,,,4,0,1,2,A,-,12,21453,A,N,D,C,A,A,H,-,A,A,0,,,,,Y,,-,,0,0,1,0,0,0,0,0,0,"- ","- ",,,"SANTA CLARA","SAN JOSE",-121.80881500244141,37.304782867431641
9568643,2023,2023-05-30,4313,2023-05-08,1547,4972,N2,1,5,7,4313,0,0,0,,0,0N2,"LAWRENCE EXPY","RT 280",0.00,,Y,A,-,Y,SCL,4,280,-,-,6.981,R,4,S,Y,3,0,3,2,A,-,12,21453,A,N,A,C,A,A,H,-,A,A,0,,,,,Y,,-,,0,2,1,0,0,0,0,0,0,"- ",SO,,,"SANTA CLARA","SAN JOSE",-121.99311065673828,37.319419860839844
9568644,2023,2023-06-01,4313,2023-05-04,"900 ",4893,YELLO,4,5,7,4313,0,0,0,,0,0Y5,"SANTA TERESA BL","BAILEY AV",0.00,,Y,A,-,N,,,,,,,,,,Y,3,0,1,2,A,-,09,21804,A,N,D,C,A,A,H,-,A,A,0,,,,,Y,,-,,0,1,0,0,0,0,0,0,0,"- ","- ",,,"SANTA CLARA","SAN JOSE",,
9568749,2023,2023-05-23,4304,2023-04-14,1425,193,4304,5,5,4,4304,0,0,0,,0,003,"MONTEREY HWY","BUENA VISTA AV",0.00,,Y,A,-,N,,,,,,,,,,Y,4,0,1,2,A,-,09,21804,A,N,D,C,A,A,H,-,A,D,0,,,,,Y,,A,07,0,0,1,0,0,0,0,0,0,"- ","- ",,,"SANTA CLARA",GILROY,,
9568785,2023,2023-05-11,4304,2023-04-21,1535,240,4304,5,5,4,4304,0,0,0,,0,001,"10TH ST","MONTEREY HWY",268.00,E,N,A,-,N,,,,,,,,,,,4,0,1,3,A,-,08,22107,,N,C,C,A,A,H,-,A,D,0,,,,,Y,,A,01,0,0,1,0,0,0,0,0,0,"- ","- ",,,"SANTA CLARA",GILROY,-121.56487274169922,37.000564575195312
9568925,2023,2023-06-01,4313,2023-04-19,1525,4370,MARY,3,5,7,4313,0,0,0,,0,005,"ALUM ROCK AV","ALUM ROCK AV 2910",0.00,,-,A,-,N,,,,,,,,,,Y,3,0,1,1,A,-,03,22350,,N,-,I,A,A,H,-,A,A,0,,,,,Y,,A,07,0,1,0,0,0,0,0,0,0,"- ","- ",,,"SANTA CLARA","SAN JOSE",,
9568937,2023,2023-06-26,4313,2023-04-26,"934 ",5046,FRANK,3,5,7,4313,0,0,0,,0,003,"NORTH BASCOM AV","W SAN CARLOS ST",30.00,N,N,A,-,N,,,,,,,,,,N,3,0,1,4,A,-,08,22107,,N,B,C,A,A,H,-,A,A,0,,,,,Y,,A,07,0,1,0,0,0,0,0,0,0,"- ","- ",,,"SANTA CLARA","SAN JOSE",-121.93189239501953,37.323543548583984
9568955,2023,2023-05-30,4304,2023-03-25,1518,239,4304,6,5,4,4304,0,0,0,,0,002,"MONTEREY HWY","4TH ST",29.00,N,N,A,-,N,,,,,,,,,,Y,2,0,6,3,A,-,03,22350,,N,C,C,A,A,H,-,A,A,0,,,,,Y,,A,07,1,0,5,0,0,0,0,0,0,"- ","- ",,,"SANTA CLARA",GILROY,-121.57015991210938,37.010074615478516