CASE_ID,ACCIDENT_YEAR,PROC_DATE,JURIS,COLLISION_DATE,COLLISION_TIME,OFFICER_ID,REPORTING_DISTRICT,DAY_OF_WEEK,CHP_SHIFT,POPULATION,CNTY_CITY_LOC,SPECIAL_COND,BEAT_TYPE,CHP_BEAT_TYPE,CITY_DIVISION_LAPD,CHP_BEAT_CLASS,BEAT_NUMBER,PRIMARY_RD,SECONDARY_RD,DISTANCE,DIRECTION,INTERSECTION,WEATHER_1,WEATHER_2,STATE_HWY_IND,CALTRANS_COUNTY,CALTRANS_DISTRICT,STATE_ROUTE,ROUTE_SUFFIX,POSTMILE_PREFIX,POSTMILE,LOCATION_TYPE,RAMP_INTERSECTION,SIDE_OF_HWY,TOW_AWAY,COLLISION_SEVERITY,NUMBER_KILLED,NUMBER_INJURED,PARTY_COUNT,PRIMARY_COLL_FACTOR,PCF_CODE_OF_VIOL,PCF_VIOL_CATEGORY,PCF_VIOLATION,PCF_VIOL_SUBSECTION,HIT_AND_RUN,TYPE_OF_COLLISION,MVIW,PED_ACTION,ROAD_SURFACE,ROAD_COND_1,ROAD_COND_2,LIGHTING,CONTROL_DEVICE,CHP_ROAD_TYPE,PEDESTRIAN_ACCIDENT,BICYCLE_ACCIDENT,MOTORCYCLE_ACCIDENT,TRUCK_ACCIDENT,NOT_PRIVATE_PROPERTY,ALCOHOL_INVOLVED,STWD_VEHTYPE_AT_FAULT,CHP_VEHTYPE_AT_FAULT,COUNT_SEVERE_INJ,COUNT_VISIBLE_INJ,COUNT_COMPLAINT_PAIN,COUNT_PED_KILLED,COUNT_PED_INJURED,COUNT_BICYCLIST_KILLED,COUNT_BICYCLIST_INJURED,COUNT_MC_KILLED,COUNT_MC_INJURED,PRIMARY_RAMP,SECONDARY_RAMP,LATITUDE,LONGITUDE,COUNTY,CITY,POINT_X,POINT_Y
9593821,2023,2023-07-24,4313,2023-06-01,1505,5012,PAUL,4,5,7,4313,0,0,0,,0,0P4,"YERBA BUENA RD","SILVER CREEK RD",0.00,,Y,B,-,N,,,,,,,,,,Y,4,0,1,2,A,-,09,21453,B,N,B,C,A,A,H,-,A,A,0,,,,,Y,,A,01,0,0,1,0,0,0,0,0,0,"- ","- ",37.175910949707031,-121.48995208740234,"SANTA CLARA","SAN JOSE",,
9593823,2023,2023-07-20,4313,2023-06-02,2115,5074,LINC,5,5,7,4313,0,0,0,,0,0L4,"SENTER RD","SENTER RD 2557",0.00,,Y,A,-,N,,,,,,,,,,Y,4,0,1,2,A,-,03,22350,,N,C,E,A,A,H,-,C,A,0,,,,,Y,,-,,0,0,1,0,0,0,0,0,0,"- ","- ",,,"SANTA CLARA","SAN JOSE",,
9593824,2023,2023-07-20,4313,2023-06-02,"900 ",3919,SOUTH,5,5,7,4313,0,0,0,,0,0A1,"LOS GATOS ALMADEN","LOS GATOS ALMADEN 14879",0.00,,Y,A,-,N,,,,,,,,,,N,4,0,1,2,A,-,05,21460,A,N,D,G,A,A,H,-,B,D,0,,Y,,,Y,,-,,0,0,1,0,0,0,1,0,0,"- ","- ",,,"SANTA CLARA","SAN JOSE",,
9593827,2023,2023-07-18,4313,2023-06-07,1822,4381,SOUTH,3,5,7,4313,0,0,0,,0,0X5,"BRANHAM LN E","EDENVIEW DR",0.00,,Y,A,-,N,,,,,,,,,,N,4,0,1,2,A,-,04,21703,,N,C,C,A,A,H,-,A,D,0,,,,,Y,,-,,0,0,1,0,0,0,0,0,0,"- ","- ",,,"SANTA CLARA","SAN JOSE",,
9593828,2023,2023-07-18,4313,2023-06-06,1558,4357,TOM,2,5,7,4313,0,0,0,,0,005,"CHARD DR","LIGHT POLE #50767",65.00,S,N,A,-,N,,,,,,,,,,N,4,0,1,2,A,-,03,22350,,N,C,C,A,A,H,-,A,A,0,,,,,Y,,-,,0,0,1,0,0,0,0,0,0,"- ","- ",,,"SANTA CLARA","SAN JOSE",,
9593832,2023,2023-07-24,4313,2023-06-13,1650,5109,PAUL,2,5,7,4313,0,0,0,,0,0P4,"QUIMBY RD","QUIMBY RD 3190",0.00,,Y,A,-,N,,,,,,,,,,N,3,0,2,3,A,-,10,21950,A,N,G,B,B,A,H,-,A,D,0,Y,,,,Y,,-,"- ",0,2,0,0,2,0,0,0,0,"- ","- ",,,"SANTA CLARA","SAN JOSE",,
9593836,2023,2023-07-18,4313,2023-06-07,1825,4857,ROBER,3,5,7,4313,0,0,0,,0,0R4,"E TAYLOR ST","MABURY RD",0.00,,Y,A,-,N,,,,,,,,,,Y,4,0,1,2,A,-,09,21804,,N,D,D,A,A,H,-,A,A,0,,,,,Y,,-,,0,0,1,0,0,0,0,0,0,"- ","- ",,,"SANTA CLARA","SAN JOSE",,
9593839,2023,2023-07-18,4313,2023-06-10,1823,4834,FOOTH,6,5,7,4313,0,0,0,,0,0P4,"PICARDY PLACE CT","YERBA BUENA RD",0.00,,Y,A,-,N,,,,,,,,,,Y,4,0,1,2,A,-,11,21954,A,N,G,B,D,A,H,-,A,D,0,Y,,,,Y,,N,60,0,0,1,0,1,0,0,0,0,"- ","- ",,,"SANTA CLARA","SAN JOSE",,
9593861,2023,2023-07-17,4313,2023-06-20,2100,5109,PAUL,2,5,7,4313,0,0,0,,0,004,"ABORN RD","S WHITE RD",0.00,W,N,A,-,N,,,,,,,,,,Y,2,0,2,2,A,-,03,22350,,N,D,C,A,A,H,-,C,D,0,,,,,Y,,-,,1,0,1,0,0,0,0,0,0,"- ","- ",,,"SANTA CLARA","SAN JOSE",-121.79161071777344,37.314037322998047
9593863,2023,2023-07-17,4313,2023-06-05,1755,3906,SOUTH,1,5,7,4313,0,0,0,,0,0Y2,"BLOSSOM HILL RD","INDIAN AV",109.00,N,N,A,-,N,,,,,,,,,,N,2,0,1,1,A,-,03,22350,,N,E,J,A,A,A,-,A,D,0,,,Y,,Y,,C,02,1,0,0,0,0,0,0,0,1,"- ","- ",,,"SANTA CLARA","SAN JOSE",-121.84120178222656,37.250568389892578
9593864,2023,2023-07-17,4313,2023-06-11,"705 ",4998,SOUTH,7,5,7,4313,0,0,0,,0,0A4,"MCABEE RD","THORNTREE DR",32.00,N,N,A,-,N,,,,,,,,,,Y,4,0,1,1,A,-,03,22350,,N,A,I,A,A,H,-,A,A,0,,,,,Y,,A,01,0,0,1,0,0,0,0,0,0,"- ","- ",37.140209197998047,-121.52339172363281,"SANTA CLARA","SAN JOSE",-121.87645721435547,37.232864379882812
9593865,2023,2023-07-17,4313,2023-06-12,1422,4558,SOUTH,1,5,7,4313,0,0,0,,0,0X3,"SENTER RD","FORESTBROOK WY",54.00,N,N,A,-,N,,,,,,,,,,Y,3,0,1,2,A,-,09,21804,A,N,B,C,A,A,H,-,A,A,0,,,,,Y,,A,01,0,1,0,0,0,0,0,0,0,"- ","- ",,,"SANTA CLARA","SAN JOSE",-121.82449340820312,37.283893585205078
9593867,2023,2023-07-18,4313,2023-06-11,1830,4752,SAM,7,5,7,4313,0,0,0,,0,0S4,"KOTENBERG AV","LIGHT POLE 146256J",36.00,N,N,A,-,N,,,,,,,,,,Y,4,0,1,2,A,-,08,22107,,N,G,E,A,A,H,-,A,D,0,,,,,Y,,A,01,0,0,1,0,0,0,0,0,0,"- ","- ",37.181961059570312,-121.53395843505859,"SANTA CLARA","SAN JOSE",,
9593868,2023,2023-07-26,4313,2023-06-12,1516,4881,CHARL,1,5,7,4313,0,0,0,,0,0C1,"STORY RD","RT 101",0.00,,N,A,-,Y,SCL,4,101,-,-,34.635,R,4,N,N,4,0,1,2,A,-,03,22350,,N,C,C,A,A,-,-,A,D,0,,,,,Y,,A,01,0,0,1,0,0,0,0,0,0,"- ",NO,,,"SANTA CLARA","SAN JOSE",-121.84928894042969,37.336959838867188
9593870,2023,2023-07-17,4313,2023-06-30,2330,4597,WESTE,5,5,7,4313,0,0,0,,0,0S1,"SOUTHWEST EX","FRUITDALE AV",80.00,N,N,A,-,N,,,,,,,,,,N,4,0,1,2,A,-,03,22350,,F,C,D,A,A,H,-,C,A,0,,,,,Y,,A,01,0,0,1,0,0,0,0,0,0,"- ","- ",37.183849334716797,-121.55283355712891,"SANTA CLARA","SAN JOSE",-121.91736602783203,37.310867309570312
9593871,2023,2023-07-17,4313,2023-06-30,1416,4226,VICTO,5,5,7,4313,0,0,0,,0,0V1,"W HEDDING ST","CHESTNUT ST",0.00,,Y,A,-,N,,,,,,,,,,Y,4,0,3,2,A,-,09,21802,A,N,D,C,A,A,H,-,A,A,0,,,,,Y,,D,22,0,0,3,0,0,0,0,0,0,"- ","- ",,,"SANTA CLARA","SAN JOSE",,
9593927,2023,2023-09-20,4313,2023-07-01,1558,5067,DE,6,5,7,4313,0,0,0,,0,0E3,"ALMADEN BL","W SAN CARLOS ST",0.00,,Y,A,-,N,,,,,,,,,,Y,3,0,1,1,A,-,01,23152,A,N,A,J,A,A,H,-,A,-,0,,,,,Y,Y,A,07,0,1,0,0,0,0,0,0,0,"- ","- ",,,"SANTA CLARA","SAN JOSE",,
9593930,2023,2023-09-20,4313,2023-07-01,"220 ",5126,DISTR,6,5,7,4313,0,0,0,,0,0K2,"E SANTA CLARA ST","S 11TH ST",0.00,,Y,A,-,N,,,,,,,,,,Y,4,0,1,2,A,-,03,22350,,F,C,C,A,A,H,-,C,A,0,,,,,Y,,A,01,0,0,1,0,0,0,0,0,0,"- ","- ",37.212261199951172,-121.53347778320312,"SANTA CLARA","SAN JOSE",,
9593933,2023,2023-09-20,4313,2023-07-06,"226 ",4446,DM,4,5,7,4313,0,0,0,,0,0M5,"STORY RD","CAPITOL EX",0.00,,Y,A,-,N,,,,,,,,,,Y,4,0,2,1,A,-,05,21651,,N,E,-,A,A,H,-,C,A,0,,,,,Y,Y,-,,0,0,2,0,0,0,0,0,0,"- ","- ",,,"SANTA CLARA","SAN JOSE",,
9593938,2023,2023-09-20,4313,2023-07-01,1830,5060,SAM,6,5,7,4313,0,0,0,,0,005,"VINE ST","WEST VIRGINIA ST",0.00,,Y,A,-,N,,,,,,,,,,Y,3,0,2,2,A,-,12,21453,,F,D,C,A,A,H,-,A,A,0,,,,,Y,,-,,0,1,1,0,0,0,0,0,0,"- ","- ",37.191780090332031,-121.53845977783203,"SANTA CLARA","SAN JOSE",,
9593939,2023,2023-09-20,4313,2023-07-03,1115,5119,DX,1,5,7,4313,0,0,0,,0,003,"YERBA BUENA RD","GRANDBROOK WY",0.00,,Y,A,-,N,,,,,,,,,,N,2,0,1,1,A,-,00,23107,,N,H,I,A,A,H,-,A,D,0,,,,,Y,Y,-,,1,0,0,0,0,0,0,0,0,"- ","- ",,,"SANTA CLARA","SAN JOSE",,
9593940,2023,2023-09-20,4313,2023-07-05,1727,3906,SOUTH,3,5,7,4313,0,0,0,,0,0Y1,"BLOSSOM HILL RD","SANTA TERESA BL",0.00,,Y,A,-,N,,,,,,,,,,Y,2,0,3,3,A,-,12,21453,,N,D,D,A,A,H,-,A,A,0,,,,,Y,,A,01,1,1,1,0,0,0,0,0,0,"- ","- ",,,"SANTA CLARA","SAN JOSE",,
9594162,2023,2023-08-03,4313,2023-05-22,1238,3389,CENTR,1,5,7,4313,0,0,0,,0,0E2,"N ALMADEN BL","W SANTA CLARA ST",0.00,,Y,A,-,N,,,,,,,,,,N,4,0,1,2,A,-,05,21650,,N,D,G,A,A,H,-,A,A,0,,Y,,,Y,,L,04,0,0,1,0,0,0,1,0,0,"- ","- ",,,"SANTA CLARA","SAN JOSE",,
9594166,2023,2023-07-10,4313,2023-05-12,2031,4776,ROBER,5,5,7,4313,0,0,0,,0,0R3,"NORTH 1ST","SKYPORT DR",49.00,N,N,A,-,N,,,,,,,,,,Y,3,0,1,2,A,-,09,21453,C,N,D,F,A,A,H,-,C,A,0,,,,,Y,,-,,0,1,0,0,0,0,0,0,0,"- ","- ",,,"SANTA CLARA","SAN JOSE",-121.91377258300781,37.367115020751953
9594168,2023,2023-07-10,4313,2023-05-30,"752 ",4545,XRAY,2,5,7,4313,0,0,0,,0,002,"CAPITOL EX","MONTEREY RD",0.00,,N,A,-,N,,,,,,,,,,Y,4,0,3,2,A,-,04,21703,,N,C,C,A,A,H,-,A,D,0,,,,,Y,,A,07,0,0,3,0,0,0,0,0,0,"- ","- ",,,"SANTA CLARA","SAN JOSE",,
9594172,2023,2023-07-21,4313,2023-05-31,1817,4715,WESTE,3,5,7,4313,0,0,0,,0,0L6,"CAPITOL EXPWY","RT 101",62.00,E,N,A,-,Y,SCL,4,101,-,-,31.922,R,4,S,Y,4,0,2,2,A,-,12,21453,A,N,B,C,A,A,H,-,A,A,0,,,,,Y,,A,01,0,0,2,0,0,0,0,0,0,"- ",SF,,,"SANTA CLARA","SAN JOSE",-121.81935119628906,37.305641174316406
9594281,2023,2023-07-06,4304,2023-05-17,2054,231,4304,3,5,4,4304,0,0,0,,0,001,"PACHECO PASS HWY","CAMINO ARROYO",0.00,,Y,A,-,N,,,,,,,,,,Y,4,0,4,3,A,-,12,21453,A,F,D,C,A,A,H,-,C,A,0,,,,,Y,Y,A,01,0,0,4,0,0,0,0,0,0,"- ","- ",,,"SANTA CLARA",GILROY,,
9594282,2023,2023-07-06,4304,2023-05-03,2036,231,4304,3,5,4,4304,0,0,0,,0,002,"CHURCH ST","2ND ST",0.00,,Y,C,-,N,,,,,,,,,,Y,3,0,2,3,A,-,09,21802,A,F,D,E,A,B,H,-,C,A,0,,,,,Y,Y,A,01,0,1,1,0,0,0,0,0,0,"- ","- ",,,"SANTA CLARA",GILROY,,
9594303,2023,2023-07-11,4313,2023-05-23,1702,4906,ROBER,2,5,7,4313,0,0,0,,0,002,"MCKAY DR","LUNDY AV",0.00,,Y,A,-,N,,,,,,,,,,N,4,0,1,2,A,-,12,21453,A,N,D,C,A,A,H,-,A,A,0,,,,,Y,,A,08,0,0,1,0,0,0,0,0,0,"- ","- ",,,"SANTA CLARA","SAN JOSE",,
9594304,2023,2023-07-12,4313,2023-05-13,"121 ",4985,EDWAR,6,5,7,4313,0,0,0,,0,0E2,"N ALMADEN AV","W SANTA CLARA ST",0.00,,Y,A,-,N,,,,,,,,,,Y,3,0,1,2,A,-,09,21801,,N,A,C,A,A,H,-,C,A,0,,,Y,,Y,,A,01,0,1,0,0,0,0,0,0,1,"- ","- ",,,"SANTA CLARA","SAN JOSE",,
9594306,2023,2023-07-11,4313,2023-05-30,"934 ",4867,CENTR,2,5,7,4313,0,0,0,,0,0E4,"W SAN CARLOS ST","ALMADEN BL",0.00,,Y,A,-,N,,,,,,,,,,N,3,0,1,2,A,-,05,21752,,N,B,G,A,A,H,-,A,D,0,,Y,,,Y,,-,,0,1,0,0,0,0,1,0,0,"- ","- ",,,"SANTA CLARA","SAN JOSE",,
9594311,2023,2023-07-11,4313,2023-05-19,1800,4528,WESTE,5,5,7,4313,0,0,0,,0,0S4,"WILLOW ST","CRESCENT DR",0.00,,Y,A,-,N,,,,,,,,,,Y,4,0,1,3,A,-,03,22350,A,N,C,C,A,A,H,-,A,D,0,,,,,Y,,D,22,0,0,1,0,0,0,0,0,0,"- ","- ",,,"SANTA CLARA","SAN JOSE",,
9595925,2023,2023-07-14,4313,2023-07-01,2228,4927,KING,6,5,7,4313,0,0,0,,0,004,"SANTA CLARA ST","19TH ST",200.00,W,N,A,-,N,,,,,,,,,,N,2,0,1,2,A,-,07,21658,A,N,G,G,A,A,H,-,C,D,0,,Y,,,Y,,L,04,1,0,0,0,0,0,1,0,0,"- ","- ",,,"SANTA CLARA","SAN JOSE",-121.87312316894531,37.344459533691406
9595984,2023,2023-08-02,4313,2023-07-17,2101,4834,FOOTH,1,5,7,4313,0,0,0,,0,0P4,"QUIMBY RD","E CAPITOL EXPWY",0.00,,Y,A,-,N,,,,,,,,,,Y,2,0,3,2,A,-,00,21806,,N,D,C,A,A,H,-,C,A,0,,,,,Y,,A,01,1,1,1,0,0,0,0,0,0,"- ","- ",,,"SANTA CLARA","SAN JOSE",,
9596110,2023,2023-07-14,4313,2023-05-17,1410,4111,CENTR,3,5,7,4313,0,0,0,,0,0K6,"S 4TH ST","S 4TH ST 578",0.00,,N,A,-,N,,,,,,,,,,Y,3,0,1,2,A,-,03,22350,,N,-,-,A,A,H,-,A,D,0,,,,,Y,,A,01,0,1,0,0,0,0,0,0,0,"- ","- ",,,"SANTA CLARA","SAN JOSE",,
9597438,2023,2023-10-09,4313,2023-05-19,1020,4993,DE,5,5,7,4313,0,0,0,,0,0E3,ALMADEN,"W SAN FERANDO",0.00,,Y,A,-,N,,,,,,,,,,Y,4,0,2,2,A,-,04,21703,,N,C,C,A,A,H,-,A,A,0,,,,,Y,,-,,0,0,2,0,0,0,0,0,0,"- ","- ",,,"SANTA CLARA","SAN JOSE",,
9598564,2023,2023-07-18,4304,2023-05-15,"724 ",230,,1,5,4,4304,0,0,0,,0,,"WREN AV","1ST ST",209.00,N,N,A,-,N,,,,,,,,,,N,3,0,1,2,A,-,09,21804,A,N,D,C,A,A,H,-,A,A,0,,,,,Y,,A,01,0,1,0,0,0,0,0,0,0,"- ","- ",,,"SANTA CLARA",GILROY,-121.58673858642578,37.014072418212891
9598696,2023,2023-07-28,4313,2023-06-28,1601,4730,LINCO,3,5,7,4313,0,0,0,,0,001,"KEYES ST","S 9TH ST",0.00,,Y,A,-,N,,,,,,,,,,Y,3,0,2,3,A,-,12,22450,A,N,B,C,A,A,H,-,A,A,0,,,,,Y,,-,,0,2,0,0,0,0,0,0,0,"- ","- ",,,"SANTA CLARA","SAN JOSE",,
9598704,2023,2023-07-27,4313,2023-06-14,1700,4537,TOM,3,5,7,4313,0,0,0,,0,0T3,"LINCOLN AV","CURTNER AV",0.00,,Y,A,-,N,,,,,,,,,,N,4,0,1,2,A,-,03,22350,,F,C,C,A,A,H,-,A,A,0,,,,,Y,,-,,0,0,1,0,0,0,0,0,0,"- ","- ",,,"SANTA CLARA","SAN JOSE",,
9598705,2023,2023-08-07,4313,2023-06-16,1920,3985,TOM,5,5,7,4313,0,0,0,,0,0T2,"FOXWORTHY AV","KIRK RD",0.00,,Y,A,-,N,,,,,,,,,,Y,4,0,2,3,A,-,09,21801,A,N,D,C,A,A,H,-,A,-,0,,,,,Y,,A,01,0,0,2,0,0,0,0,0,0,"- ","- ",37.161098480224609,-121.54341888427734,"SANTA CLARA","SAN JOSE",,
9598706,2023,2023-08-03,4313,2023-06-24,2336,4897,FOOTH,6,5,7,4313,0,0,0,,0,0W2,"BERRYESSA RD","CAPITOL AV",0.00,,Y,A,-,N,,,,,,,,,,Y,3,0,2,2,A,-,08,22101,D,N,D,C,A,-,H,-,D,A,0,,,,,Y,,A,01,0,1,1,0,0,0,0,0,0,"- ","- ",,,"SANTA CLARA","SAN JOSE",,
9598707,2023,2023-07-28,4313,2023-06-28,1535,4563,CENTR,3,5,7,4313,0,0,0,,0,0W1,"HOSTETTER RD","N CAPITOL AV",0.00,,Y,A,-,N,,,,,,,,,,Y,3,0,3,2,-,-,"- ",,,N,D,C,A,A,H,-,A,A,0,,,,,Y,,-,"- ",0,2,1,0,0,0,0,0,0,"- ","- ",,,"SANTA CLARA","SAN JOSE",,
9598710,2023,2023-08-23,4313,2023-06-28,1252,4706,FRANK,3,5,7,4313,0,0,0,,0,003,"NORTH BASCOM AV","NAGLEE AV",0.00,,Y,A,-,N,,,,,,,,,,N,4,0,1,3,A,-,08,22107,,N,B,C,A,A,H,-,A,A,0,,,,,Y,Y,A,08,0,0,1,0,0,0,0,0,0,"- ","- ",,,"SANTA CLARA","SAN JOSE",,
9598711,2023,2023-07-28,4313,2023-06-30,1715,3627,CENTR,5,5,7,4313,0,0,0,,0,0K4,"E SAN ANTONIO ST","S 28TH ST",0.00,,Y,A,-,N,,,,,,,,,,N,4,0,1,2,A,-,09,21801,A,N,D,C,A,A,H,-,A,A,0,,,,,Y,,-,,0,0,1,0,0,0,0,0,0,"- ","- ",,,"SANTA CLARA","SAN JOSE",,
9598712,2023,2023-07-28,4313,2023-06-27,"717 ",3745,DV,2,5,7,4313,0,0,0,,0,0V2,"HEDDING ST","N 13TH ST",0.00,,Y,A,-,N,,,,,,,,,,N,4,0,1,2,A,-,03,22350,,N,C,C,A,A,H,-,A,A,0,,,,,Y,,-,,0,0,1,0,0,0,0,0,0,"- ","- ",,,"SANTA CLARA","SAN JOSE",,
9599282,2023,2023-07-31,4313,2023-06-26,1546,4739,WESTE,1,5,7,4313,0,0,0,,0,0F3,"SAN CARLOS ST","BROOKLYN AV",0.00,,Y,A,-,N,,,,,,,,,,N,4,0,1,2,A,-,08,22107,,N,D,C,A,A,H,-,A,D,0,,,,,Y,,-,,0,0,1,0,0,0,0,0,0,"- ","- ",,,"SANTA CLARA","SAN JOSE",,
9599283,2023,2023-07-31,4313,2023-06-16,1754,4786,LINCO,5,5,7,4313,0,0,0,,0,0L4,"MONTERES RD","STAUFFER BL",0.00,,Y,A,-,N,,,,,,,,,,Y,3,0,3,3,A,-,08,22107,,N,C,C,A,A,H,-,A,D,0,,,,,Y,,D,22,0,2,1,0,0,0,0,0,0,"- ","- ",,,"SANTA CLARA","SAN JOSE",,
9599357,2023,2023-12-13,4313,2023-07-01,"925 ",4543,DN,6,5,7,4313,0,0,0,,0,0N4,"ROEWILL DR","WILL ROGERS DR",36.00,S,N,A,-,N,,,,,,,,,,N,3,0,1,3,A,-,08,22107,,N,G,B,E,A,H,-,A,A,0,Y,,,,Y,,A,07,0,1,0,0,1,0,0,0,0,"- ","- ",37.182628631591797,-121.58203887939453,"SANTA CLARA","SAN JOSE",-121.97225952148438,37.307231903076172
9599374,2023,2023-10-09,4313,2023-06-27,"954 ",4543,DN,2,5,7,4313,0,0,0,,0,0N6,"LAWRENCE EX","SARATOGA AV",0.00,,Y,A,-,N,,,,,,,,,,Y,4,0,1,2,A,-,04,21703,,N,C,C,A,A,H,-,A,A,0,,,,,Y,,-,,0,0,1,0,0,0,0,0,0,"- ","- ",,,"SANTA CLARA","SAN JOSE",,
9599376,2023,2023-10-09,4313,2023-06-24,2126,4991,CENTR,6,5,7,4313,0,0,0,,0,0R1,"1ST ST","EAST CURBLINE AT 1ST ST",39.00,W,N,A,-,N,,,,,,,,,,Y,3,0,4,2,A,-,12,21453,A,N,D,C,A,A,H,-,C,A,0,,,,,Y,,-,"- ",0,2,2,0,0,0,0,0,0,"- ","- ",,,"SANTA CLARA","SAN JOSE",-122.02903747558594,37.419269561767578
9599383,2023,2023-08-01,4313,2023-06-30,1230,4266,CENTR,5,5,7,4313,0,0,0,,0,0R1,"SKYTOP ST","N 1ST ST",0.00,,Y,A,-,N,,,,,,,,,,Y,4,0,2,3,A,-,03,22350,,N,C,C,A,A,H,-,A,D,0,,,,,Y,,-,,0,0,2,0,0,0,0,0,0,"- ","- ",,,"SANTA CLARA","SAN JOSE",,
9599384,2023,2023-07-27,4313,2023-06-26,1104,4980,DT,1,5,7,4313,0,0,0,,0,0T5,"ALMADEN EX","BRYAN AV",0.00,,Y,A,-,N,,,,,,,,,,N,4,0,1,2,A,-,04,21703,,N,C,C,A,A,H,-,A,D,0,,,,,Y,,-,,0,0,1,0,0,0,0,0,0,"- ","- ",,,"SANTA CLARA","SAN JOSE",,
9599423,2023,2023-08-01,4311,2023-06-27,1612,53845,5410,2,5,5,4311,0,0,0,,0,MV2,"SAN ANTONIO RD","FAYETTE DR",183.00,S,N,B,-,N,,,,,,,,,,N,3,0,1,2,A,-,03,22350,,N,D,G,A,A,H,-,A,D,0,,Y,,,Y,,L,04,0,1,0,0,0,0,1,0,0,"- ","- ",,,"SANTA CLARA","MOUNTAIN VIEW",-122.11273956298828,37.402778625488281
9599460,2023,2023-07-27,4313,2023-06-30,1613,4498,DT,5,5,7,4313,0,0,0,,0,0T1,"SOUTH BASCOM AV","WHITE OAKS AV",0.00,,Y,A,-,N,,,,,,,,,,N,4,0,1,4,A,-,03,22350,,N,C,C,A,A,H,-,A,A,0,,,,,Y,,D,22,0,0,1,0,0,0,0,0,0,"- ","- ",,,"SANTA CLARA","SAN JOSE",,
9599621,2023,2023-08-22,4313,2023-07-04,"644 ",4130,FOOTH,2,5,7,4313,0,0,0,,0,0M1,"NORTH KING RD","LOCHRIDGE DR",0.00,,Y,A,-,N,,,,,,,,,,Y,4,0,2,2,A,-,09,21801,A,N,D,C,A,A,H,-,A,D,0,,,,,Y,,A,07,0,0,2,0,0,0,0,0,0,"- ","- ",,,"SANTA CLARA","SAN JOSE",,
9599624,2023,2023-08-22,4313,2023-07-08,"5   ",4821,NORA,6,5,7,4313,0,0,0,,0,0N6,"SARATOGA AV","LATIMER AV",0.00,,Y,A,-,N,,,,,,,,,,Y,4,0,1,2,A,-,08,22107,,F,-,C,A,A,H,-,C,D,0,,,,,Y,Y,A,01,0,0,1,0,0,0,0,0,0,"- ","- ",37.175510406494141,-121.59281158447266,"SANTA CLARA","SAN JOSE",,
9599629,2023,2023-08-21,4313,2023-07-01,2331,4888,ROBER,6,5,7,4313,0,0,0,,0,0R2,"TRADE ZONE BL","LUNDY AV",0.00,,Y,A,-,N,,,,,,,,,,Y,3,0,1,1,A,-,08,22107,,N,A,-,A,A,-,-,C,A,0,,,,,Y,,-,,0,1,0,0,0,0,0,0,0,"- ","- ",37.241191864013672,-121.53262329101562,"SANTA CLARA","SAN JOSE",,
9599631,2023,2023-08-21,4313,2023-07-04,2153,4770,FRANK,2,5,7,4313,0,0,0,,0,0F5,"W SAN CARLOS ST","MAYELLEN AV",0.00,,Y,A,-,N,,,,,,,,,,N,4,0,2,2,A,-,08,22107,,F,B,C,A,A,H,-,C,-,0,,,,,Y,,-,,0,0,2,0,0,0,0,0,0,"- ","- ",37.192440032958984,-121.55139923095703,"SANTA CLARA","SAN JOSE",,
9599639,2023,2023-09-11,4313,2023-07-05,"800 ",3967,CENTR,3,5,7,4313,0,0,0,,0,0R2,"N CAPITOL AV","RT 680",0.00,,Y,A,-,Y,SCL,4,680,-,M,5.001,R,4,N,N,3,0,1,2,A,-,03,22350,,F,C,C,A,A,H,-,A,A,0,,,,,Y,,-,,0,1,0,0,0,0,0,0,0,"- ",NO,,,"SANTA CLARA","SAN JOSE",-121.87516021728516,37.397880554199219
9599656,2023,2023-07-27,4311,2023-07-13,"905 ",55212,5337,4,5,5,4311,0,0,0,,0,MV4,"WHISMAN STATION DR","WHISMAN RD",20.00,W,N,A,-,N,,,,,,,,,,N,3,0,1,2,A,-,10,21950,A,N,G,B,B,A,H,-,A,A,0,Y,,,Y,Y,,F,26,0,1,0,0,1,0,0,0,0,"- ","- ",,,"SANTA CLARA","MOUNTAIN VIEW",-122.06218719482422,37.391590118408203
9599660,2023,2023-07-28,4313,2023-07-06,"2   ",4836,YELLO,4,5,7,4313,0,0,0,,0,0Y5,"BAILEY AV","SANTA TERESA BL",0.00,,Y,A,-,N,,,,,,,,,,Y,4,0,1,1,A,-,03,22350,,N,E,J,A,A,H,-,C,D,0,,,,,Y,Y,-,,0,0,1,0,0,0,0,0,0,"- ","- ",,,"SANTA CLARA","SAN JOSE",,
9600685,2023,2023-08-14,4313,2023-07-07,2039,5036,DX,5,5,7,4313,0,0,0,,0,0X1,"W CAPITOL EX","VISTAPARK DR",0.00,,Y,A,-,N,,,,,,,,,,Y,4,0,1,2,A,-,03,22350,,N,C,C,A,A,H,-,C,A,0,,,,,Y,,A,08,0,0,1,0,0,0,0,0,0,"- ","- ",,,"SANTA CLARA","SAN JOSE",,
9600761,2023,2023-10-09,4313,2023-07-11,1632,4415,FRANK,2,5,7,4313,0,0,0,,0,0F4,"STOCKTON AV","CINNABAR ST",0.00,,Y,A,-,N,,,,,,,,,,Y,4,0,2,2,A,-,09,21804,A,N,B,C,A,A,H,-,A,D,0,,,,,Y,,A,01,0,0,2,0,0,0,0,0,0,"- ","- ",,,"SANTA CLARA","SAN JOSE",,
9600763,2023,2023-10-09,4313,2023-07-09,1746,5067,DE,7,5,7,4313,0,0,0,,0,0E2,"NOTRE DAME AV","CARLYSLE ST",0.00,,Y,A,-,N,,,,,,,,,,Y,4,0,4,2,-,-,"- ",,,N,C,C,A,A,H,-,A,-,0,,,,,Y,,-,"- ",0,0,4,0,0,0,0,0,0,"- ","- ",,,"SANTA CLARA","SAN JOSE",,
9600773,2023,2023-08-09,4313,2023-07-14,1847,4626,PAUL,5,5,7,4313,0,0,0,,0,0P4,"S WHITE RD","WESTGROVE LN",0.00,,Y,A,-,N,,,,,,,,,,Y,3,0,1,2,A,-,03,22350,,F,A,C,A,A,H,-,A,D,0,,,,,Y,Y,A,07,0,1,0,0,0,0,0,0,0,"- ","- ",37.193508148193359,-121.47379302978516,"SANTA CLARA","SAN JOSE",,
9600780,2023,2023-08-10,4313,2023-07-18,1528,4662,WESTE,2,5,7,4313,0,0,0,,0,0F3,"PARK AV","NAGLEE AV",0.00,,Y,A,-,N,,,,,,,,,,N,3,0,1,2,A,-,08,22107,,N,B,-,A,A,H,-,A,A,0,,Y,,,Y,,-,,0,1,0,0,0,0,1,0,0,"- ","- ",37.202190399169922,-121.55267333984375,"SANTA CLARA","SAN JOSE",,
9600782,2023,2023-08-09,4313,2023-07-18,"708 ",4907,DR,2,5,7,4313,0,0,0,,0,0R3,"MATRIX BL","AIRPORT PKWY",0.00,,Y,A,-,N,,,,,,,,,,Y,4,0,2,2,A,-,12,21453,A,N,D,C,A,A,H,-,A,A,0,,,,,Y,,-,,0,0,2,0,0,0,0,0,0,"- ","- ",,,"SANTA CLARA","SAN JOSE",,
9600784,2023,2023-08-04,4313,2023-07-16,2020,5043,DY,7,5,7,4313,0,0,0,,0,0Y2,"SNELL AV","ROCKLING HORSE CT",0.00,,Y,A,-,N,,,,,,,,,,Y,4,0,1,1,A,-,21,22106,,N,E,I,A,A,H,-,B,D,0,,,,,Y,,-,,0,0,1,0,0,0,0,0,0,"- ","- ",,,"SANTA CLARA","SAN JOSE",,