CASE_ID,ACCIDENT_YEAR,PROC_DATE,JURIS,COLLISION_DATE,COLLISION_TIME,OFFICER_ID,REPORTING_DISTRICT,DAY_OF_WEEK,CHP_SHIFT,POPULATION,CNTY_CITY_LOC,SPECIAL_COND,BEAT_TYPE,CHP_BEAT_TYPE,CITY_DIVISION_LAPD,CHP_BEAT_CLASS,BEAT_NUMBER,PRIMARY_RD,SECONDARY_RD,DISTANCE,DIRECTION,INTERSECTION,WEATHER_1,WEATHER_2,STATE_HWY_IND,CALTRANS_COUNTY,CALTRANS_DISTRICT,STATE_ROUTE,ROUTE_SUFFIX,POSTMILE_PREFIX,POSTMILE,LOCATION_TYPE,RAMP_INTERSECTION,SIDE_OF_HWY,TOW_AWAY,COLLISION_SEVERITY,NUMBER_KILLED,NUMBER_INJURED,PARTY_COUNT,PRIMARY_COLL_FACTOR,PCF_CODE_OF_VIOL,PCF_VIOL_CATEGORY,PCF_VIOLATION,PCF_VIOL_SUBSECTION,HIT_AND_RUN,TYPE_OF_COLLISION,MVIW,PED_ACTION,ROAD_SURFACE,ROAD_COND_1,ROAD_COND_2,LIGHTING,CONTROL_DEVICE,CHP_ROAD_TYPE,PEDESTRIAN_ACCIDENT,BICYCLE_ACCIDENT,MOTORCYCLE_ACCIDENT,TRUCK_ACCIDENT,NOT_PRIVATE_PROPERTY,ALCOHOL_INVOLVED,STWD_VEHTYPE_AT_FAULT,CHP_VEHTYPE_AT_FAULT,COUNT_SEVERE_INJ,COUNT_VISIBLE_INJ,COUNT_COMPLAINT_PAIN,COUNT_PED_KILLED,COUNT_PED_INJURED,COUNT_BICYCLIST_KILLED,COUNT_BICYCLIST_INJURED,COUNT_MC_KILLED,COUNT_MC_INJURED,PRIMARY_RAMP,SECONDARY_RAMP,LATITUDE,LONGITUDE,COUNTY,CITY,POINT_X,POINT_Y
9600786,2023,2023-08-08,4313,2023-07-18,2148,4785,YELLO,2,5,7,4313,0,0,0,,0,0Y5,"BLOSSOM HILL RD","COYOTE RD",0.00,,Y,A,-,N,,,,,,,,,,Y,4,0,2,3,A,-,03,22350,,F,D,C,A,A,H,-,C,A,0,,,,,Y,Y,-,"- ",0,0,2,0,0,0,0,0,0,"- ","- ",,,"SANTA CLARA","SAN JOSE",,
9600788,2023,2023-08-04,4313,2023-07-14,1910,4908,FOOTH,5,5,7,4313,0,0,0,,0,0P2,"E CAPITOL EXPWY","TULLY RD",0.00,,Y,A,-,N,,,,,,,,,,Y,4,0,1,2,A,-,12,21453,,N,C,C,A,A,H,-,A,A,0,,,,,Y,,-,,0,0,1,0,0,0,0,0,0,"- ","- ",,,"SANTA CLARA","SAN JOSE",,
9600789,2023,2023-08-04,4313,2023-07-07,"729 ",4340,FOOTH,5,5,7,4313,0,0,0,,0,0P5,"E CAPITOL EXPWY","LIGHT POLE #72318",159.00,S,N,A,-,N,,,,,,,,,,Y,4,0,2,3,A,-,03,22350,,M,C,C,A,A,H,-,A,A,0,,,,,Y,,-,,0,0,2,0,0,0,0,0,0,"- ","- ",,,"SANTA CLARA","SAN JOSE",,
9600790,2023,2023-08-04,4313,2023-07-06,1243,4509,DAVID,4,5,7,4313,0,0,0,,0,0D1,"AIRPORT BL","W CLX AIRPORT BL",1109.00,S,N,A,-,N,,,,,,,,,,N,3,0,1,2,A,-,06,21750,,N,B,B,A,A,H,-,A,D,0,,Y,,,Y,Y,-,,0,1,0,0,0,0,1,0,0,"- ","- ",,,"SANTA CLARA","SAN JOSE",-121.92233276367188,37.3656005859375
9600792,2023,2023-08-10,4313,2023-07-22,"225 ",4886,FOOTH,6,5,7,4313,0,0,0,,0,0M2,"N CAPITOL AV","ALLUM ROCK AV",29.00,S,N,A,-,N,,,,,,,,,,N,4,0,1,2,A,-,01,23152,,M,A,E,A,A,H,-,C,A,0,,,,,Y,Y,-,,0,0,1,0,0,0,0,0,0,"- ","- ",37.214450836181641,-121.50740814208984,"SANTA CLARA","SAN JOSE",-121.83543395996094,37.362316131591797
9600809,2023,2023-08-10,4313,2023-07-08,2100,5062,4313,6,5,7,4313,0,0,0,,0,DRR3,"N 1ST ST","E GISH RD",0.00,,N,A,-,N,,,,,,,,,,Y,4,0,1,2,A,-,17,22109,,N,F,-,A,A,H,-,C,-,0,,,,,Y,,A,01,0,0,1,0,0,0,0,0,0,"- ","- ",37.214218139648438,-121.54348754882812,"SANTA CLARA","SAN JOSE",,
9600810,2023,2023-08-18,4313,2023-07-08,2238,4938,MARY,6,5,7,4313,0,0,0,,0,0M4,"RT 680","SOUTH KING RD",0.00,,Y,A,-,Y,SCL,4,680,-,M,0.534,R,2,N,Y,4,0,1,1,A,-,03,22350,,N,A,I,A,A,-,-,C,A,0,,,,,Y,,A,01,0,0,1,0,0,0,0,0,0,NF,"- ",37.203441619873047,-121.50459289550781,"SANTA CLARA","SAN JOSE",-121.84463500976562,37.344619750976562
9600812,2023,2023-08-10,4313,2023-07-09,1005,4759,,7,5,7,4313,0,0,0,,0,0C2,"CUNNINGHAM AV","SOUTH KING RD",0.00,,N,A,-,N,,,,,,,,,,N,4,0,1,2,A,-,03,22350,,N,G,B,B,A,H,-,A,A,0,Y,,,,Y,,A,01,0,0,1,0,1,0,0,0,0,"- ","- ",,,"SANTA CLARA","SAN JOSE",,
9600816,2023,2023-08-10,4313,2023-07-10,1140,5058,DC,1,5,7,4313,0,0,0,,0,0C3,"HOPKINS DR","LIGHT POLE #11P110",114.00,S,N,A,-,N,,,,,,,,,,Y,4,0,1,1,A,-,07,21658,,N,A,I,A,A,H,-,A,-,0,,,,,Y,,A,01,0,0,1,0,0,0,0,0,0,"- ","- ",,,"SANTA CLARA","SAN JOSE",,
9600979,2023,2023-08-24,4313,2023-06-24,1635,5077,PAUL,6,5,7,4313,0,0,0,,0,0P2,"TULLY RD","ALMOND DR",0.00,,Y,A,-,N,,,,,,,,,,Y,4,0,1,3,A,-,13,22504,,N,C,C,A,A,H,-,A,D,0,,,,,Y,,-,,0,0,1,0,0,0,0,0,0,"- ","- ",37.209991455078125,-121.47518157958984,"SANTA CLARA","SAN JOSE",,
9600980,2023,2023-08-09,4313,2023-06-30,1817,4946,NORA,5,5,7,4313,0,0,0,,0,005,"PAYNE AV","SOUTH WINCHESTER BL",0.00,,-,A,-,N,,,,,,,,,,N,4,0,1,2,A,-,03,22350,A,N,D,-,A,A,H,-,A,D,0,,Y,,,Y,,-,,0,0,1,0,0,0,1,0,0,"- ","- ",37.185550689697266,-121.56600189208984,"SANTA CLARA","SAN JOSE",,
9601208,2023,2023-08-21,4313,2023-07-24,1235,3919,WESTE,1,5,7,4313,0,0,0,,0,0N3,"OLGA DR","DESERT ISLE DR",0.00,,Y,A,-,N,,,,,,,,,,,4,0,1,2,A,-,03,22350,,N,C,C,A,A,H,-,A,D,0,,,,,Y,,-,,0,0,1,0,0,0,0,0,0,"- ","- ",37.183830261230469,-121.58299255371094,"SANTA CLARA","SAN JOSE",,
9601220,2023,2023-08-22,4313,2023-07-17,1753,4563,FOOTH,1,5,7,4313,0,0,0,,0,0W1,"HOSTETTER RD","RT 680",0.00,,-,A,-,Y,SCL,4,680,-,M,4.582,R,4,N,Y,4,0,1,2,A,-,12,21453,A,N,D,C,A,A,H,-,A,A,0,,,,,Y,,A,01,0,0,1,0,0,0,0,0,0,"- ",TO,37.234409332275391,-121.52243041992188,"SANTA CLARA","SAN JOSE",-121.87164306640625,37.392688751220703
9601256,2023,2023-08-22,4313,2023-07-15,"907 ",4340,WESTE,6,5,7,4313,0,0,0,,0,0F2,"NORTH BASCOM AV","RT 880",76.00,N,N,A,-,Y,SCL,4,880,-,-,1.361,R,4,S,N,4,0,2,3,A,-,00,22453,A,N,D,C,A,A,D,-,A,A,0,,,,,Y,,A,01,0,0,2,0,0,0,0,0,0,"- ",TO,37.201019287109375,-121.56130981445312,"SANTA CLARA","SAN JOSE",-121.93521118164062,37.335430145263672
9601436,2023,2023-08-25,4313,2023-06-09,1100,4340,WESTE,5,5,7,4313,0,0,0,,0,0P4,"E CAPITOL EX","LIGHT POLE 14Q274",117.00,E,N,A,-,Y,SCL,4,101,-,-,31.683,R,4,N,Y,3,0,1,2,A,-,03,22350,,F,C,C,A,A,H,-,A,A,0,,,,,Y,,-,,0,1,0,0,0,0,0,0,0,"- ","- ",37.181659698486328,-121.48528289794922,"SANTA CLARA","SAN JOSE",-121.81649780273438,37.303058624267578
9601475,2023,2023-08-30,4311,2023-06-29,"238 ",57193,5310,4,5,5,4311,0,0,0,,0,MV1,"WEST EL CAMINO REAL","OAK ST",163.00,E,N,A,-,Y,SCL,4,82,-,-,20.050,H,-,N,N,4,0,1,3,A,-,05,21650,,M,C,E,A,A,H,-,C,D,0,,,,,Y,,A,01,0,0,1,0,0,0,0,0,0,"- ","- ",37.385791778564453,-122.08380889892578,"SANTA CLARA","MOUNTAIN VIEW",-122.08661651611328,37.387161254882812
9601502,2023,2023-08-29,4311,2023-08-01,2241,57193,5404,2,5,5,4311,0,0,0,,0,MV1,"EL CAMINO REAL","YUBA DR",716.00,E,N,A,-,Y,SCL,4,82,-,-,18.950,H,-,N,N,3,0,1,2,A,-,11,21954,A,N,G,B,D,A,H,-,C,D,0,Y,,,,Y,Y,N,60,0,1,0,0,1,0,0,0,0,"- ","- ",37.379680633544922,-122.06855773925781,"SANTA CLARA","MOUNTAIN VIEW",-122.06946563720703,37.378944396972656
9601563,2023,2023-09-11,4304,2023-07-13,1500,203,4304,4,5,4,4304,0,0,0,,0,003,"MONTEREY HWY","HOWSON ST",30.00,N,N,A,-,Y,SCL,4,152,-,M,9.650,H,-,W,Y,3,0,1,2,A,-,03,22350,,N,C,C,A,A,H,-,A,A,0,,,,,Y,,A,01,0,1,0,0,0,0,0,0,0,"- ","- ",,,"SANTA CLARA",GILROY,-121.57398986816406,37.01763916015625
9602053,2023,2023-08-09,4311,2023-07-21,1106,53537,5342,5,5,5,4311,0,0,0,,0,MV4,"CENTRAL EXPWY","MOFFETT BL",20.00,E,N,A,-,N,,,,,,,,,,N,3,0,1,2,A,-,03,22350,,N,C,C,A,A,H,-,A,A,0,,,,,Y,,A,07,0,1,0,0,0,0,0,0,0,"- ","- ",37.395641326904297,-122.07768249511719,"SANTA CLARA","MOUNTAIN VIEW",-122.07766723632812,37.395618438720703
9602054,2023,2023-08-09,4311,2023-07-08,2118,57131,5337,6,5,5,4311,0,0,0,,0,MV4,"CENTRAL EXPY","WHISMAN RD",0.00,,Y,A,-,N,,,,,,,,,,Y,3,0,2,2,A,-,12,21453,,N,D,C,A,A,H,-,C,A,0,,,,,Y,,-,"- ",0,1,1,0,0,0,0,0,0,"- ","- ",37.389820098876953,-122.06331634521484,"SANTA CLARA","MOUNTAIN VIEW",,
9602055,2023,2023-08-09,4311,2023-07-09,2500,57100,5323,7,5,5,4311,0,0,0,,0,MV2,"ESCUELA AV","GAMEL WY",14.00,S,N,A,-,N,,,,,,,,,,N,2,0,1,2,A,-,09,21804,A,F,G,B,F,A,H,-,C,D,0,Y,,,,Y,,A,01,1,0,0,0,1,0,0,0,0,"- ","- ",,,"SANTA CLARA","MOUNTAIN VIEW",-122.09508514404297,37.395145416259766
9602710,2023,2023-09-13,4311,2023-07-28,1415,53580,5334,5,5,5,4311,0,0,0,,0,MV2,"EL CAMINO RL","SAN ANTONIO RD",83.00,W,N,A,-,Y,SCL,4,82,-,-,21.860,H,-,N,Y,3,0,1,1,C,-,18,,,N,E,I,A,A,H,-,A,A,0,,,,,Y,,-,"- ",0,1,0,0,0,0,0,0,0,"- ","- ",37.402469635009766,-122.11463928222656,"SANTA CLARA","MOUNTAIN VIEW",-122.11384582519531,37.401493072509766
9604084,2023,2023-08-17,4311,2023-07-08,2035,56802,5308,6,5,5,4311,0,0,0,,0,MV1,"EL CAMINO REAL","RT 237",0.00,,Y,A,-,Y,SCL,4,82,-,-,19.134,I,5,N,N,3,0,1,2,A,-,07,21658,A,M,B,C,A,A,H,-,A,D,0,,,,,Y,,A,07,0,1,0,0,0,0,0,0,0,"- ","- ",37.380260467529297,-122.072998046875,"SANTA CLARA","MOUNTAIN VIEW",-122.07296752929688,37.380470275878906
9604162,2023,2023-12-13,4313,2023-10-28,1816,4987,FOOTH,6,5,7,4313,0,0,0,,0,0P4,"S WHITE RD","S WHITE RD 3221",0.00,,N,A,-,N,,,,,,,,,,Y,4,0,1,1,A,-,03,22350,,M,A,I,A,A,H,-,A,D,0,,,,,Y,,A,01,0,0,1,0,0,0,0,0,0,"- ","- ",,,"SANTA CLARA","SAN JOSE",,
9604169,2023,2023-12-07,4313,2023-10-13,1043,4552,SAM,5,5,7,4313,0,0,0,,0,004,"BRID AV","HULET ST",0.00,,Y,A,-,Y,SCL,4,280,-,R,2.661,R,4,N,N,3,0,1,2,A,-,03,22350,,N,C,-,A,A,H,-,A,A,0,,,,,Y,,A,01,0,1,0,0,0,0,0,0,0,"- ","- ",37.191570281982422,-121.53515625,"SANTA CLARA","SAN JOSE",-121.89479827880859,37.323493957519531
9604194,2023,2023-11-13,4313,2023-09-25,"420 ",4994,ROBER,1,5,7,4313,0,0,0,,0,001,"HOLGER WY","HEADQUARTERS DR",0.00,,-,A,-,N,,,,,,,,,,Y,4,0,1,1,A,-,03,22350,,N,E,I,A,A,H,-,C,A,0,,,,,Y,,-,,0,0,1,0,0,0,0,0,0,"- ","- ",,,"SANTA CLARA","SAN JOSE",,
9604274,2023,2023-11-27,4310,2023-09-05,1535,289,43635,2,5,4,4310,0,0,0,,0,002,"DUNNE AV","RT 101",0.00,,Y,A,-,Y,SCL,4,101,-,R,15.715,R,4,N,N,4,0,1,2,A,-,12,21453,A,N,D,C,A,A,H,-,A,A,0,,,,,Y,,-,"- ",0,0,1,0,0,0,0,0,0,"- ",NF,37.132331848144531,-121.63170623779297,"SANTA CLARA","MORGAN HILL",-121.63115692138672,37.1278076171875
9604394,2023,2024-02-12,4310,2023-10-15,1954,241,43635,7,5,4,4310,0,0,0,,0,001,"MONTEREY HWY","BURNETT AV",4.00,N,N,A,-,N,,,,,,,,,,N,3,0,1,2,A,-,05,21650,,N,H,G,A,A,H,-,D,D,0,,Y,,,Y,Y,L,04,0,1,0,0,0,0,1,0,0,"- ","- ",,,"SANTA CLARA","MORGAN HILL",-121.67485809326172,37.153827667236328
9604571,2023,2023-10-23,4313,2023-09-07,"700 ",4253,DK,4,5,7,4313,0,0,0,,0,0K5,"E WILLIAM ST","23RD ST",0.00,,Y,A,-,N,,,,,,,,,,Y,2,0,1,2,A,-,09,21804,A,N,D,C,A,A,H,-,B,D,0,,,Y,,Y,,C,02,1,0,0,0,0,0,0,0,1,"- ","- ",,,"SANTA CLARA","SAN JOSE",,
9604595,2023,2023-10-23,4304,2023-05-20,1723,236,4304,6,5,4,4304,0,0,0,,0,003,"1ST ST","WREN AV",158.00,E,N,A,-,Y,SCL,4,152,-,-,8.670,H,-,E,Y,4,0,2,2,A,-,09,21804,A,N,D,C,A,A,H,-,A,A,0,,,,,Y,,A,01,0,0,2,0,0,0,0,0,0,"- ","- ",,,"SANTA CLARA",GILROY,-121.58596038818359,37.013435363769531
9604635,2023,2023-11-27,4310,2023-10-06,1756,289,43635,5,5,4,4310,0,0,0,,0,002,"TENNANT AV","BUTTERFIELD BL",0.00,,Y,A,-,N,,,,,,,,,,Y,3,0,1,2,A,-,12,21453,A,F,D,C,A,A,H,-,A,A,0,,,,,Y,,A,01,0,1,0,0,0,0,0,0,0,"- ","- ",37.117099761962891,-121.63259887695312,"SANTA CLARA","MORGAN HILL",,
9605114,2023,2024-02-14,4313,2023-12-15,1750,5030,FRANK,5,5,7,4313,0,0,0,,0,003,"FOREST AV","BELLEROSE AV",40.00,S,N,A,-,N,,,,,,,,,,Y,2,0,3,3,A,-,12,22450,A,F,D,C,A,A,H,-,D,A,0,,,,,Y,,-,,1,0,2,0,0,0,0,0,0,"- ","- ",,,"SANTA CLARA","SAN JOSE",-121.93598937988281,37.327060699462891
9605116,2023,2024-02-14,4313,2023-12-12,1539,4498,DF,2,5,7,4313,0,0,0,,0,0F3,"NAGLEE AV","CHAPMAN ST",0.00,,-,A,-,N,,,,,,,,,,,4,0,1,3,A,-,03,22350,,N,-,C,A,A,G,-,A,-,0,,,,,Y,,-,,0,0,1,0,0,0,0,0,0,"- ","- ",,,"SANTA CLARA","SAN JOSE",,
9605162,2023,2024-02-22,4313,2023-12-12,1805,4900,ROBER,2,5,7,4313,0,0,0,,0,002,"MURPHY AV","LAKE PARK DR",0.00,,Y,A,-,N,,,,,,,,,,N,3,0,1,4,A,-,03,22350,,N,-,C,A,A,H,-,B,A,0,,,,,Y,,-,,0,1,0,0,0,0,0,0,0,"- ","- ",,,"SANTA CLARA","SAN JOSE",,
9605164,2023,2024-07-01,4313,2023-12-16,1220,5119,PAUL,6,5,7,4313,0,0,0,,0,003,"E CAPITOL EXPWY","ABORN RD",0.00,,-,A,-,N,,,,,,,,,,Y,4,0,1,2,A,-,04,21703,,N,C,C,A,A,H,-,A,A,0,,,,,Y,,-,,0,0,1,0,0,0,0,0,0,"- ","- ",37.184108734130859,-121.48291778564453,"SANTA CLARA","SAN JOSE",,
9605180,2023,2024-02-22,4313,2023-12-14,2039,4754,VICTO,4,5,7,4313,0,0,0,,0,002,"N 10TH ST","E TAYLOR ST",0.00,,Y,A,-,N,,,,,,,,,,Y,4,0,1,2,A,-,12,21453,A,N,D,C,A,A,H,-,C,A,0,,,,,Y,,-,,0,0,1,0,0,0,0,0,0,"- ","- ",,,"SANTA CLARA","SAN JOSE",,
9605185,2023,2024-01-11,4313,2023-11-02,1755,4502,WILLI,4,5,7,4313,0,0,0,,0,004,"ALUM ROCK AV","PALA AV",0.00,,Y,A,-,N,,,,,,,,,,Y,4,0,2,3,A,-,03,22350,,N,C,C,A,A,H,-,A,A,0,,,,,Y,,-,"- ",0,0,2,0,0,0,0,0,0,"- ","- ",,,"SANTA CLARA","SAN JOSE",,
9605187,2023,2024-01-11,4313,2023-11-01,1425,5129,FRANK,3,5,7,4313,0,0,0,,0,0F5,"MERIDIAN AV","PARKMOOR AV",0.00,,Y,A,-,N,,,,,,,,,,N,3,0,1,1,A,-,03,22350,,N,A,I,A,A,H,-,A,D,0,,,,,Y,,M,94,0,1,0,0,0,0,0,0,0,"- ","- ",37.185981750488281,-121.54518127441406,"SANTA CLARA","SAN JOSE",,
9605191,2023,2024-01-16,4313,2023-11-21,1535,4553,ADAM,2,5,7,4313,0,0,0,,0,003,"BLOSSOM HILL RD","SANCHEZ DR",0.00,,Y,A,-,N,,,,,,,,,,N,2,0,1,2,A,-,09,21804,A,F,B,G,A,A,H,-,A,A,0,,Y,,,Y,Y,-,,1,0,0,0,0,0,1,0,0,"- ","- ",,,"SANTA CLARA","SAN JOSE",,
9605192,2023,2024-01-11,4313,2023-11-14,1523,4867,WESTE,2,5,7,4313,0,0,0,,0,0F3,"PARK AV","PARK AV 1635",0.00,,Y,A,-,N,,,,,,,,,,N,4,0,1,2,A,-,10,21950,,N,G,B,A,A,H,-,A,D,0,,Y,,,Y,,-,,0,0,1,0,0,0,1,0,0,"- ","- ",,,"SANTA CLARA","SAN JOSE",,
9605193,2023,2024-01-22,4313,2023-11-11,2015,5091,WESTE,6,5,7,4313,0,0,0,,0,0N4,"WILLIAMS RD","NOTTINGHAM PL",40.00,E,N,A,-,N,,,,,,,,,,N,4,0,1,2,A,-,05,21651,B,F,G,B,D,A,H,-,C,D,0,Y,,,,Y,,-,99,0,0,1,0,1,0,0,0,0,"- ","- ",,,"SANTA CLARA","SAN JOSE",-121.96858215332031,37.308345794677734
9605194,2023,2024-01-11,4313,2023-11-18,"116 ",4938,MARY,6,5,7,4313,0,0,0,,0,0M3,"E SAN ANTONIO ST","S 34TH ST",0.00,,Y,A,-,N,,,,,,,,,,Y,4,0,1,3,A,-,03,22350,,N,B,E,A,A,H,-,C,-,0,,,,,Y,Y,-,,0,0,1,0,0,0,0,0,0,"- ","- ",,,"SANTA CLARA","SAN JOSE",,
9605198,2023,2024-01-11,4313,2023-11-22,"624 ",5007,CENTR,3,5,7,4313,0,0,0,,0,0L4,"CURTNER AV","CURTNER AV 265",0.00,,Y,A,-,N,,,,,,,,,,Y,4,0,1,2,A,-,03,22350,,F,B,C,A,A,H,-,A,A,0,,,,,Y,,-,,0,0,1,0,0,0,0,0,0,"- ","- ",,,"SANTA CLARA","SAN JOSE",,
9605209,2023,2024-01-16,4313,2023-11-01,1457,4769,YELLO,3,5,7,4313,0,0,0,,0,0Y3,"LEAN AV","SANTA TERESA BL",0.00,,Y,A,-,N,,,,,,,,,,N,4,0,1,2,A,-,09,21804,,N,-,-,B,A,H,-,A,-,0,Y,,,,Y,,-,,0,0,1,0,1,0,0,0,0,"- ","- ",,,"SANTA CLARA","SAN JOSE",,
9605211,2023,2024-01-12,4313,2023-11-08,2000,4116,FOOTH,3,5,7,4313,0,0,0,,0,0P4,"ABORN RD","BRIGADOON WY",0.00,,Y,A,-,N,,,,,,,,,,N,4,0,1,2,A,-,03,22350,,F,C,C,A,A,-,-,C,-,0,,,,,Y,,-,,0,0,1,0,0,0,0,0,0,"- ","- ",,,"SANTA CLARA","SAN JOSE",,
9605212,2023,2024-01-12,4313,2023-11-10,1945,4703,DISTR,5,5,7,4313,0,0,0,,0,0E4,"3RD ST","SAN SALVADOR ST",0.00,,Y,A,-,N,,,,,,,,,,N,2,0,1,2,A,-,03,22350,,F,C,G,A,A,H,-,C,D,0,,Y,,,Y,,-,,1,0,0,0,0,0,1,0,0,"- ","- ",,,"SANTA CLARA","SAN JOSE",,
9605213,2023,2024-01-12,4313,2023-11-04,1805,5082,DX,6,5,7,4313,0,0,0,,0,0X1,"W CAPITOL EX","COPPERFIELD DR",0.00,,Y,A,-,N,,,,,,,,,,Y,4,0,3,4,A,-,03,22350,,N,C,C,A,A,H,-,A,A,0,,,,,Y,,-,,0,0,3,0,0,0,0,0,0,"- ","- ",37.162818908691406,-121.51168823242188,"SANTA CLARA","SAN JOSE",,
9605214,2023,2024-01-16,4313,2023-11-17,1307,5014,CENTR,5,5,7,4313,0,0,0,,0,KING4,"E SANTA CLARA ST","N 25TH ST",0.00,,Y,A,-,N,,,,,,,,,,N,4,0,1,2,A,-,08,22107,,N,A,C,A,A,H,-,A,A,0,,,,,Y,Y,-,,0,0,1,0,0,0,0,0,0,"- ","- ",,,"SANTA CLARA","SAN JOSE",,
9605215,2023,2024-01-19,4313,2023-11-01,1250,5096,PAUL,3,5,7,4313,0,0,0,,0,0P1,"RT 101","E CAPITOL EXPWY",33.00,S,N,A,-,Y,SCL,4,101,-,-,31.521,R,1,N,N,3,0,1,2,A,-,03,22350,,N,D,G,A,A,H,-,A,A,0,,Y,,,Y,,-,,0,1,0,0,0,0,1,0,0,NO,"- ",,,"SANTA CLARA","SAN JOSE",-121.81470489501953,37.301204681396484
9605217,2023,2024-01-16,4313,2023-11-04,"821 ",4800,TOM,6,5,7,4313,0,0,0,,0,0T1,"CAMDEN AV","BASCOM AV",0.00,,Y,A,-,N,,,,,,,,,,Y,4,0,2,2,A,-,12,21453,A,N,D,C,A,A,H,-,A,A,0,,,,,Y,,-,,0,0,2,0,0,0,0,0,0,"- ","- ",,,"SANTA CLARA","SAN JOSE",,
9605236,2023,2024-02-16,4313,2023-12-16,1526,4901,DX,6,5,7,4313,0,0,0,,0,0X1,"HILLCAP AV","CAPITOL EXPWY",0.00,,Y,A,-,N,,,,,,,,,,N,4,0,1,2,A,-,03,22350,,N,A,B,E,A,H,-,A,D,0,Y,,,,Y,Y,-,,0,0,1,0,1,0,0,0,0,"- ","- ",,,"SANTA CLARA","SAN JOSE",,
9605238,2023,2024-03-30,4313,2023-12-15,1948,5050,XXRAY,5,5,7,4313,0,0,0,,0,002,"SENTER RD","SYLVANDALE AV",0.00,,Y,A,-,N,,,,,,,,,,N,4,0,1,3,A,-,03,22350,,N,A,C,A,A,H,-,B,D,0,,,,,Y,,-,,0,0,1,0,0,0,0,0,0,"- ","- ",37.171531677246094,-121.49398803710938,"SANTA CLARA","SAN JOSE",,
9605239,2023,2024-02-16,4313,2023-12-16,2300,4882,LINCO,6,5,7,4313,0,0,0,,0,005,"MONTEREY RD","CAPITOL EXPWY",0.00,,Y,A,-,N,,,,,,,,,,Y,4,0,2,3,A,-,01,23153,,F,C,C,A,A,H,-,C,A,0,,,,,Y,Y,-,,0,0,2,0,0,0,0,0,0,"- ","- ",,,"SANTA CLARA","SAN JOSE",,
9605266,2023,2024-02-16,4313,2023-12-14,"740 ",5135,LINCO,4,5,7,4313,0,0,0,,0,0L1,"MONTEREY RD","ALMA AV",0.00,,N,A,-,N,,,,,,,,,,N,2,0,1,2,A,-,08,22107,,N,B,G,A,A,H,-,A,D,0,,Y,,,Y,,-,,1,0,0,0,0,0,1,0,0,"- ","- ",,,"SANTA CLARA","SAN JOSE",,
9605269,2023,2024-02-16,4313,2023-12-16,"936 ",4816,NORA,6,5,7,4313,0,0,0,,0,003,"DE MILLE DR","DE MILLE DR 4164",0.00,,N,A,-,N,,,,,,,,,,Y,4,0,2,3,A,-,03,22350,,N,A,C,A,A,H,-,A,A,0,,,,,Y,,-,,0,0,2,0,0,0,0,0,0,"- ","- ",,,"SANTA CLARA","SAN JOSE",,
9605271,2023,2024-02-16,4313,2023-12-06,"759 ",4543,DY,3,5,7,4313,0,0,0,,0,0Y3,"COTTLE RD","ROCHESTER AV",0.00,,Y,A,-,N,,,,,,,,,,Y,4,0,1,2,A,-,08,22107,,N,A,C,A,A,H,-,A,A,0,,,,,Y,,-,,0,0,1,0,0,0,0,0,0,"- ","- ",37.145828247070312,-121.48145294189453,"SANTA CLARA","SAN JOSE",,
9605272,2023,2024-02-16,4313,2023-12-30,1159,4812,DISTR,6,5,7,4313,0,0,0,,0,0F1,"WINCHESTER BL","LIGHT POLE #12L207",0.00,,Y,B,-,N,,,,,,,,,,Y,4,0,1,4,A,-,04,21703,,N,C,C,A,B,H,-,A,A,0,,,,,Y,,-,,0,0,1,0,0,0,0,0,0,"- ","- ",,,"SANTA CLARA","SAN JOSE",,
9605274,2023,2024-02-16,4313,2023-12-22,1807,4995,WILLI,5,5,7,4313,0,0,0,,0,0W2,"CAPITOL AV","PENITENCIA CREEK RD",0.00,,Y,A,-,N,,,,,,,,,,Y,3,0,1,1,A,-,03,22350,,N,A,I,A,A,H,-,C,D,0,,,,,Y,,-,,0,1,0,0,0,0,0,0,0,"- ","- ",,,"SANTA CLARA","SAN JOSE",,
9605302,2023,2024-01-19,4313,2023-11-08,1832,4929,DISTR,3,5,7,4313,0,0,0,,0,0N3,"MOORPARK AV","BOYNTON AV",0.00,,-,A,-,N,,,,,,,,,,Y,4,0,1,3,A,-,03,22350,,N,C,C,A,A,H,-,C,A,0,,,,,Y,,A,01,0,0,1,0,0,0,0,0,0,"- ","- ",,,"SANTA CLARA","SAN JOSE",,
9605316,2023,2024-01-13,4313,2023-10-24,1300,3835,,2,5,7,4313,0,0,0,,0,0A2,"KOOSER RD","BLOSSOM HILL RD",0.00,,-,A,-,N,,,,,,,,,,Y,4,0,1,3,A,-,04,21703,,N,C,C,A,A,H,-,A,A,0,,,,,Y,,-,,0,0,1,0,0,0,0,0,0,"- ","- ",,,"SANTA CLARA","SAN JOSE",,
9605322,2023,2024-01-13,4313,2023-10-31,1810,4644,CENTR,2,5,7,4313,0,0,0,,0,0V3,"WASHINGTON ST","N 11TH ST",0.00,,Y,A,-,N,,,,,,,,,,Y,3,0,4,2,A,-,09,21802,A,N,D,C,A,A,H,-,C,D,0,,,,,Y,,-,,0,3,1,0,0,0,0,0,0,"- ","- ",,,"SANTA CLARA","SAN JOSE",,
9605324,2023,2024-01-13,4313,2023-10-31,1757,5094,,2,5,7,4313,0,0,0,,0,0W4,"N CAPITOL AV","GIMELLI PL",0.00,,-,A,-,N,,,,,,,,,,N,4,0,1,2,A,-,17,22109,,N,C,C,A,A,H,-,B,A,0,,,,,Y,,-,,0,0,1,0,0,0,0,0,0,"- ","- ",,,"SANTA CLARA","SAN JOSE",,
9605534,2023,2023-08-09,4310,2023-07-08,1125,305,43635,6,5,4,4310,0,0,0,,0,,"WATSONVILLE RD","EXCALIBUR DR",75.00,W,N,A,-,N,,,,,,,,,,Y,3,0,1,3,A,-,03,22350,,N,C,C,A,A,H,-,A,D,0,,,Y,,Y,,C,02,0,1,0,0,0,0,0,0,1,"- ","- ",37.095420837402344,-121.64524841308594,"SANTA CLARA","MORGAN HILL",-121.64554595947266,37.095157623291016
9605646,2023,2023-10-05,4313,2023-08-09,2000,3990,WESTE,3,5,7,4313,0,0,0,,0,0F1,"STEVENS CREEK BL","WINCHESTER BL",0.00,,Y,A,-,N,,,,,,,,,,Y,3,0,2,2,D,-,00,,,N,-,C,A,A,H,-,C,A,0,,,,,Y,,-,"- ",0,1,1,0,0,0,0,0,0,"- ","- ",,,"SANTA CLARA","SAN JOSE",,