CASE_ID,ACCIDENT_YEAR,PROC_DATE,JURIS,COLLISION_DATE,COLLISION_TIME,OFFICER_ID,REPORTING_DISTRICT,DAY_OF_WEEK,CHP_SHIFT,POPULATION,CNTY_CITY_LOC,SPECIAL_COND,BEAT_TYPE,CHP_BEAT_TYPE,CITY_DIVISION_LAPD,CHP_BEAT_CLASS,BEAT_NUMBER,PRIMARY_RD,SECONDARY_RD,DISTANCE,DIRECTION,INTERSECTION,WEATHER_1,WEATHER_2,STATE_HWY_IND,CALTRANS_COUNTY,CALTRANS_DISTRICT,STATE_ROUTE,ROUTE_SUFFIX,POSTMILE_PREFIX,POSTMILE,LOCATION_TYPE,RAMP_INTERSECTION,SIDE_OF_HWY,TOW_AWAY,COLLISION_SEVERITY,NUMBER_KILLED,NUMBER_INJURED,PARTY_COUNT,PRIMARY_COLL_FACTOR,PCF_CODE_OF_VIOL,PCF_VIOL_CATEGORY,PCF_VIOLATION,PCF_VIOL_SUBSECTION,HIT_AND_RUN,TYPE_OF_COLLISION,MVIW,PED_ACTION,ROAD_SURFACE,ROAD_COND_1,ROAD_COND_2,LIGHTING,CONTROL_DEVICE,CHP_ROAD_TYPE,PEDESTRIAN_ACCIDENT,BICYCLE_ACCIDENT,MOTORCYCLE_ACCIDENT,TRUCK_ACCIDENT,NOT_PRIVATE_PROPERTY,ALCOHOL_INVOLVED,STWD_VEHTYPE_AT_FAULT,CHP_VEHTYPE_AT_FAULT,COUNT_SEVERE_INJ,COUNT_VISIBLE_INJ,COUNT_COMPLAINT_PAIN,COUNT_PED_KILLED,COUNT_PED_INJURED,COUNT_BICYCLIST_KILLED,COUNT_BICYCLIST_INJURED,COUNT_MC_KILLED,COUNT_MC_INJURED,PRIMARY_RAMP,SECONDARY_RAMP,LATITUDE,LONGITUDE,COUNTY,CITY,POINT_X,POINT_Y
9650092,2023,2024-01-10,4313,2023-11-29,1421,4415,,3,5,7,4313,0,0,0,,0,0R1,"MONTAGUE EXPWY","RIVER OAKS PKWY",0.00,,Y,A,-,N,,,,,,,,,,N,4,0,1,2,A,-,03,22350,,F,C,C,A,A,H,-,A,A,0,,,,,Y,,A,07,0,0,1,0,0,0,0,0,0,"- ","- ",,,"SANTA CLARA","SAN JOSE",,
9650094,2023,2024-01-10,4313,2023-11-02,"905 ",4137,,4,5,7,4313,0,0,0,,0,0S4,"WILLOW AV",LINCOLN,0.00,,N,A,-,N,,,,,,,,,,Y,4,0,4,2,A,-,08,22107,,N,C,E,A,A,H,-,A,D,0,,,,,Y,,A,07,0,0,4,0,0,0,0,0,0,"- ","- ",,,"SANTA CLARA","SAN JOSE",,
9650096,2023,2024-01-10,4313,2023-11-29,"455 ",5143,,3,5,7,4313,0,0,0,,0,003,"E CAPITOL EXPWY","SENTER RD",0.00,,Y,C,-,,,,,,,,,,,N,4,0,2,2,A,-,09,21453,C,N,A,C,A,B,H,-,C,A,0,,,,,Y,,A,01,0,0,2,0,0,0,0,0,0,"- ","- ",,,"SANTA CLARA","SAN JOSE",,
9650097,2023,2024-01-10,4313,2023-11-03,1220,3821,,5,5,7,4313,0,0,0,,0,0T2,"UNION AV","DRY CREEK RD",0.00,,Y,A,-,,,,,,,,,,,N,3,0,1,2,A,-,09,21800,A,N,D,G,A,A,H,-,A,A,0,,Y,,,Y,,A,01,0,1,0,0,0,0,1,0,0,"- ","- ",,,"SANTA CLARA","SAN JOSE",,
9650098,2023,2024-01-10,4313,2023-11-01,1715,4895,,3,5,7,4313,0,0,0,,0,001,"BAYPOINTE PKWY","ZANKER RD",0.00,,Y,A,-,N,,,,,,,,,,N,4,0,1,3,A,-,03,22350,,N,C,C,A,A,H,-,A,D,0,,,,,Y,,A,01,0,0,1,0,0,0,0,0,0,"- ","- ",,,"SANTA CLARA","SAN JOSE",,
9650099,2023,2024-01-10,4313,2023-11-22,1924,4783,MARY,3,5,7,4313,0,0,0,,0,005,"S WHITE RD","VILLA EAST HILLS CT",0.00,,Y,A,-,N,,,,,,,,,,Y,4,0,1,2,A,-,03,22350,,N,C,C,A,A,H,-,C,D,0,,,,,Y,,A,01,0,0,1,0,0,0,0,0,0,"- ","- ",,,"SANTA CLARA","SAN JOSE",,
9650113,2023,2024-03-15,4313,2023-12-03,1917,5077,EDWAR,7,5,7,4313,0,0,0,,0,0E2,"M ALMADEN BL","W SANTA CLARA ST",0.00,,Y,A,-,N,,,,,,,,,,N,2,0,1,2,A,-,12,21453,A,F,G,D,A,A,H,-,C,A,0,,Y,,,Y,,L,04,1,0,0,0,0,0,1,0,0,"- ","- ",,,"SANTA CLARA","SAN JOSE",,
9650115,2023,2024-02-16,4313,2023-12-16,1800,5131,NORA,6,5,7,4313,0,0,0,,0,0N6,"SARATOGA AV","DOYLE RD",0.00,,Y,B,-,N,,,,,,,,,,N,4,0,1,2,A,-,08,22107,,F,B,C,A,A,H,-,C,A,0,,,,,Y,,-,,0,0,1,0,0,0,0,0,0,"- ","- ",,,"SANTA CLARA","SAN JOSE",,
9650119,2023,2024-02-16,4313,2023-12-05,1309,3759,CENTR,2,5,7,4313,0,0,0,,0,0V3,"11TH ST","WASHINGTON ST",0.00,,Y,A,-,N,,,,,,,,,,N,4,0,1,2,A,-,12,22450,,N,D,D,A,A,H,-,A,A,0,,,,,Y,,-,,0,0,1,0,0,0,0,0,0,"- ","- ",,,"SANTA CLARA","SAN JOSE",,
9650120,2023,2024-02-29,4313,2023-12-04,"812 ",4873,DISTR,1,5,7,4313,0,0,0,,0,0N4,"HAMILTON AV","MENDENHALL DR",0.00,,Y,E,-,N,,,,,,,,,,Y,4,0,1,2,A,-,09,21804,,N,-,C,A,A,H,-,A,D,0,,,,,Y,Y,-,,0,0,1,0,0,0,0,0,0,"- ","- ",,,"SANTA CLARA","SAN JOSE",,
9650163,2023,2024-02-21,4313,2023-12-05,1605,5136,DS,2,5,7,4313,0,0,0,,0,0S2,"MERIDIAN AV","ALTA GLEN DR",41.00,N,N,A,-,N,,,,,,,,,,,3,0,2,3,A,-,08,22107,,N,B,D,A,A,H,-,A,A,0,,,,,Y,,-,,0,1,1,0,0,0,0,0,0,"- ","- ",,,"SANTA CLARA","SAN JOSE",-121.91359710693359,37.296642303466797
9650322,2023,2024-02-16,4313,2023-12-04,1722,5033,WESTE,1,5,7,4313,0,0,0,,0,0N4,"PAYNE AV","BOYNTON AV",0.00,,N,A,-,N,,,,,,,,,,N,3,0,1,2,A,-,00,21955,A,N,A,B,D,A,H,-,B,D,0,Y,,,,Y,,N,60,0,1,0,0,1,0,0,0,0,"- ","- ",,,"SANTA CLARA","SAN JOSE",,
9650327,2023,2024-02-16,4313,2023-12-27,1520,4640,LINCO,3,5,7,4313,0,0,0,,0,006,"MCLAUGHLIN AV","LOUPE AV",0.00,,Y,B,-,N,,,,,,,,,,Y,3,0,1,3,A,-,09,21804,,N,D,C,A,A,H,-,A,A,0,,,,,Y,,-,,0,1,0,0,0,0,0,0,0,"- ","- ",,,"SANTA CLARA","SAN JOSE",,
9650330,2023,2024-03-07,4313,2023-12-27,1935,4563,CENTR,3,5,7,4313,0,0,0,,0,0K6,"S 10TH ST","E REED ST",0.00,,Y,C,-,N,,,,,,,,,,N,4,0,1,2,A,-,17,21451,A,N,A,C,A,B,H,-,C,A,0,,,,,Y,,-,,0,0,1,0,0,0,0,0,0,"- ","- ",,,"SANTA CLARA","SAN JOSE",,
9650332,2023,2024-02-16,4313,2023-12-27,1608,5044,LINCO,3,5,7,4313,0,0,0,,0,003,"SENTER RD","NEEDLES DR",0.00,,Y,B,-,N,,,,,,,,,,N,4,0,1,2,A,-,12,21453,A,N,D,G,A,A,H,-,A,A,0,,Y,,,Y,,L,04,0,0,1,0,0,0,1,0,0,"- ","- ",37.182830810546875,-121.52237701416016,"SANTA CLARA","SAN JOSE",,
9650334,2023,2024-02-16,4313,2023-12-23,1000,4876,DC,6,5,7,4313,0,0,0,,0,DC1,"JACKSON AV","CINDERELLA LN",0.00,,Y,A,-,N,,,,,,,,,,N,4,0,1,2,A,-,03,22350,,N,C,C,A,A,H,-,A,A,0,,,,,Y,,-,,0,0,1,0,0,0,0,0,0,"- ","- ",,,"SANTA CLARA","SAN JOSE",,
9650335,2023,2024-02-16,4313,2023-12-01,1801,4891,CENTR,5,5,7,4313,0,0,0,,0,0R4,"BERRYESSA RD","COMMERCIAL ST",0.00,,Y,A,-,N,,,,,,,,,,Y,4,0,1,3,A,-,04,21703,,N,C,C,A,A,H,-,C,D,0,,,,,Y,,-,,0,0,1,0,0,0,0,0,0,"- ","- ",,,"SANTA CLARA","SAN JOSE",,
9650337,2023,2024-02-16,4313,2023-12-08,"740 ",4667,NORA,5,5,7,4313,0,0,0,,0,003,"SARATOGA AV","MOORPARK AV",0.00,,Y,A,-,N,,,,,,,,,,N,3,0,1,2,A,-,03,22350,,N,C,C,A,B,H,-,A,D,0,,,,,Y,,-,,0,1,0,0,0,0,0,0,0,"- ","- ",,,"SANTA CLARA","SAN JOSE",,
9650346,2023,2024-02-12,4313,2023-12-25,"8   ",4989,TOM,1,5,7,4313,0,0,0,,0,0T2,HILLSDALE,ROSS,0.00,,Y,A,-,N,,,,,,,,,,N,4,0,1,2,A,-,01,23152,,N,C,C,A,A,H,-,C,A,0,,,,,Y,Y,-,,0,0,1,0,0,0,0,0,0,"- ","- ",,,"SANTA CLARA","SAN JOSE",,
9650601,2023,2024-02-08,4313,2023-12-29,2203,4964,DK,5,5,7,4313,0,0,0,,0,0K3,"E SANTA CLARA ST","N 11TH ST",0.00,,Y,C,-,N,,,,,,,,,,Y,3,0,2,2,A,-,07,21658,A,N,C,C,A,B,H,-,C,A,0,,,,,Y,,-,,0,2,0,0,0,0,0,0,0,"- ","- ",,,"SANTA CLARA","SAN JOSE",,
9650605,2023,2024-02-08,4313,2023-12-01,1646,4662,WESTE,5,5,7,4313,0,0,0,,0,0F2,"NEWHALL ST","MONROE ST",0.00,,Y,A,-,N,,,,,,,,,,Y,4,0,4,2,A,-,09,21801,,N,A,C,A,A,H,-,A,A,0,,,,,Y,,-,,0,0,4,0,0,0,0,0,0,"- ","- ",,,"SANTA CLARA","SAN JOSE",,
9650608,2023,2024-02-08,4313,2023-12-12,"850 ",4691,SOUTH,2,5,7,4313,0,0,0,,0,0Y4,"COTTLE RD","LOS PINOS WY",0.00,,Y,B,-,N,,,,,,,,,,Y,4,0,2,2,A,-,09,21801,,N,D,C,A,A,H,-,A,D,0,,,,,Y,,-,,0,0,2,0,0,0,0,0,0,CO,"- ",,,"SANTA CLARA","SAN JOSE",,
9651549,2023,2024-01-22,4311,2023-11-27,"915 ",55212,5326,1,5,5,4311,0,0,0,,0,MV2,"ESCUELA AV","EL CAMINO REAL",163.00,N,N,A,-,N,,,,,,,,,,Y,4,0,1,2,A,-,09,21801,A,N,D,C,A,A,H,-,A,A,0,,,,,Y,,A,01,0,0,1,0,0,0,0,0,0,"- ","- ",,,"SANTA CLARA","MOUNTAIN VIEW",-122.09608459472656,37.393501281738281
9651551,2023,2024-01-22,4311,2023-11-17,"903 ",53580,5323,5,5,5,4311,0,0,0,,0,MV2,"ESCUELA AV","VERNON CT",118.00,N,N,A,-,N,,,,,,,,,,N,3,0,1,3,A,-,21,22106,,N,G,C,E,A,H,-,A,D,0,Y,,,,Y,,A,08,0,1,0,0,1,0,0,0,0,"- ","- ",,,"SANTA CLARA","MOUNTAIN VIEW",,
9651552,2023,2024-01-22,4311,2023-11-01,"900 ",57129,5320,3,5,5,4311,0,0,0,,0,MV1,"VIEW ST","MERCY ST",157.00,S,N,A,-,N,,,,,,,,,,Y,3,0,1,3,A,-,05,21650,,N,C,E,A,A,H,-,A,D,0,,,,,Y,,A,07,0,1,0,0,0,0,0,0,0,"- ","- ",,,"SANTA CLARA","MOUNTAIN VIEW",-122.07929992675781,37.388797760009766
9651554,2023,2024-01-22,4311,2023-11-20,1755,56621,,1,5,5,4311,0,0,0,,0,MV3,"RENGSTORFF AV","CENTRAL EXPWY",0.00,,Y,A,-,N,,,,,,,,,,N,4,0,1,2,A,-,12,21453,A,N,D,G,A,A,H,-,C,A,0,,Y,,,Y,,L,04,0,0,1,0,0,0,1,0,0,"- ","- ",37.40325927734375,-122.09732818603516,"SANTA CLARA","MOUNTAIN VIEW",,
9651629,2023,2024-01-19,4313,2023-11-26,1653,5057,LINCO,7,5,7,4313,0,0,0,,0,004,"STORY RD","STORY RD 1062",0.00,,N,A,-,N,,,,,,,,,,N,3,0,1,2,A,-,21,22106,,N,G,B,F,A,H,-,C,D,0,Y,,,,Y,,A,07,0,1,0,0,1,0,0,0,0,"- ","- ",,,"SANTA CLARA","SAN JOSE",,
9651631,2023,2024-01-11,4313,2023-11-18,1941,5133,XRAY,6,5,7,4313,0,0,0,,0,0X1,"BRANHAM LN","NARVAEZ AV",0.00,,Y,C,-,N,,,,,,,,,,Y,4,0,1,2,A,-,12,21453,A,N,D,C,A,B,H,-,C,A,0,,,,,Y,,-,,0,0,1,0,0,0,0,0,0,"- ","- ",,,"SANTA CLARA","SAN JOSE",,
9651633,2023,2024-01-19,4313,2023-11-06,"846 ",4881,FRANK,1,5,7,4313,0,0,0,,0,0F4,"PACIFIC AV","LINCOLN AV",0.00,,Y,A,-,N,,,,,,,,,,N,4,0,1,2,A,-,21,22106,,N,D,C,A,A,H,-,A,D,0,,,,,Y,,A,01,0,0,1,0,0,0,0,0,0,"- ","- ",,,"SANTA CLARA","SAN JOSE",,
9651635,2023,2024-01-19,4313,2023-11-11,1320,5148,SANJ,6,5,7,4313,0,0,0,,0,0S5,"VINE ST","GRANT ST",120.00,S,N,A,-,N,,,,,,,,,,N,3,0,1,2,A,-,03,22350,,N,C,E,A,A,H,-,A,A,0,,,,,Y,,-,,0,1,0,0,0,0,0,0,0,"- ","- ",,,"SANTA CLARA","SAN JOSE",-121.88727569580078,37.323833465576172
9651639,2023,2024-01-19,4313,2023-11-18,1131,5058,ROBER,6,5,7,4313,0,0,0,,0,0R5,"BERRYESSA RD","FLICKERING AV",0.00,,N,A,-,N,,,,,,,,,,Y,3,0,1,2,A,-,12,21453,,N,D,C,A,A,H,-,A,A,0,,,,,Y,,A,01,0,1,0,0,0,0,0,0,0,"- ","- ",,,"SANTA CLARA","SAN JOSE",,
9651644,2023,2024-01-19,4313,2023-11-09,1754,4611,DN,4,5,7,4313,0,0,0,,0,0N3,"PAYNE AV","LIGHT POLE #14G516",20.00,W,N,A,-,N,,,,,,,,,,Y,4,0,2,2,A,-,04,21703,,N,A,C,A,A,H,-,C,D,0,,,,,Y,,A,01,0,0,2,0,0,0,0,0,0,"- ","- ",,,"SANTA CLARA","SAN JOSE",,
9651645,2023,2024-01-19,4313,2023-11-11,1514,5011,CENTR,6,5,7,4313,0,0,0,,0,0K3,"E SANTA CLARA ST","N 11TH ST",0.00,,N,A,-,N,,,,,,,,,,N,4,0,4,2,A,-,03,22350,,N,C,C,A,A,H,-,A,A,0,,,,,Y,,A,01,0,0,4,0,0,0,0,0,0,"- ","- ",,,"SANTA CLARA","SAN JOSE",,
9651646,2023,2024-01-19,4313,2023-11-22,1523,4704,LINCO,3,5,7,4313,0,0,0,,0,0L4,"CURTNER AV","MONTEREY RD",0.00,,N,A,-,N,,,,,,,,,,Y,4,0,1,2,A,-,09,21801,,N,-,C,A,A,H,-,A,D,0,,,,,Y,,A,01,0,0,1,0,0,0,0,0,0,"- ","- ",,,"SANTA CLARA","SAN JOSE",,
9651647,2023,2024-02-12,4313,2023-11-11,"520 ",4770,FRANK,6,5,7,4313,0,0,0,,0,0F5,"MENKER AV","398 MENKER",0.00,,N,A,-,N,,,,,,,,,,Y,4,0,1,2,A,-,03,22350,A,N,A,E,A,A,H,-,C,D,0,,,,,Y,,-,,0,0,1,0,0,0,0,0,0,"- ","- ",37.191791534423828,-121.55168151855469,"SANTA CLARA","SAN JOSE",,
9653895,2023,2024-03-26,4304,2023-12-11,1710,240,4304,1,5,4,4304,0,0,0,,0,003,"MONTEREY HWY","BUENA VISTA AV",30.00,E,N,A,-,N,,,,,,,,,,N,4,0,1,2,A,-,09,21804,A,N,A,C,A,A,H,-,C,D,0,,,,,Y,,A,01,0,0,1,0,0,0,0,0,0,"- ","- ",,,"SANTA CLARA",GILROY,-121.58608245849609,37.041362762451172
9653898,2023,2024-03-11,4304,2023-12-14,"800 ",230,4304,4,5,4,4304,0,0,0,,0,001,"CHESTNUT ST","8TH ST",0.00,,Y,A,-,N,,,,,,,,,,N,3,0,2,2,A,-,09,21802,A,N,D,C,A,A,H,-,A,A,0,,,,,Y,,A,01,0,1,1,0,0,0,0,0,0,"- ","- ",,,"SANTA CLARA",GILROY,,
9653900,2023,2024-03-11,4304,2023-12-03,1903,238,,7,5,4,4304,0,0,0,,0,,"CAMINO ARROYO","LINDSTEAD WY",15.00,E,N,A,-,N,,,,,,,,,,Y,4,0,1,2,A,-,12,21453,A,N,A,C,A,A,H,-,C,A,0,,,,,Y,,A,01,0,0,1,0,0,0,0,0,0,"- ","- ",,,"SANTA CLARA",GILROY,-121.55381011962891,37.007896423339844
9654657,2023,2024-03-02,4313,2023-12-18,1745,4976,,1,5,7,4313,0,0,0,,0,,"QUIMBY RD","TULLY RD",0.00,,N,C,-,N,,,,,,,,,,N,3,0,1,2,-,-,"- ",,,F,G,B,-,B,H,-,C,D,0,Y,,,,Y,,-,"- ",0,1,0,0,1,0,0,0,0,"- ","- ",,,"SANTA CLARA","SAN JOSE",,
9654661,2023,2024-03-02,4313,2023-12-17,2323,4894,CHARL,7,5,7,4313,0,0,0,,0,0C2,"TULLY RD","LANAI AV",25.00,E,N,A,-,N,,,,,,,,,,N,4,0,1,2,A,-,08,22107,,N,D,C,A,A,H,-,C,-,0,,,,,Y,,-,,0,0,1,0,0,0,0,0,0,"- ","- ",,,"SANTA CLARA","SAN JOSE",-121.82890319824219,37.320404052734375
9654677,2023,2024-03-02,4313,2023-12-26,1732,3990,WESTE,2,5,7,4313,0,0,0,,0,0F5,"SHASTA AV","PARK AV",0.00,,Y,B,-,N,,,,,,,,,,N,4,0,1,2,A,-,10,21950,,N,H,B,B,A,H,-,C,A,0,Y,,,,Y,,-,,0,0,1,0,1,0,0,0,0,"- ","- ",,,"SANTA CLARA","SAN JOSE",,
9654681,2023,2024-03-02,4313,2023-12-31,1824,4962,TOM,7,5,7,4313,0,0,0,,0,0T4,"BRANHAM LN","KIRK RD",150.00,E,N,A,-,N,,,,,,,,,,N,3,0,2,3,A,-,08,22100,,N,H,G,A,A,H,-,C,A,0,,Y,,,Y,,-,,0,2,0,0,0,0,1,0,0,"- ","- ",,,"SANTA CLARA","SAN JOSE",-121.90223693847656,37.253414154052734
9654683,2023,2024-01-22,4313,2023-11-16,1800,5146,PAUL,4,5,7,4313,0,0,0,,0,0P2,"QUIMBY RD","LIGHT POLE 12R247",6.00,E,N,A,-,N,,,,,,,,,,Y,4,0,1,2,A,-,08,22107,,N,D,C,A,A,H,-,C,A,0,,,,,Y,,A,01,0,0,1,0,0,0,0,0,0,"- ","- ",,,"SANTA CLARA","SAN JOSE",,
9654687,2023,2024-01-22,4313,2023-11-22,2230,4658,WESTE,3,5,7,4313,0,0,0,,0,DL4,"LITTLE ORCHARD ST","BARNARD AV",15.00,S,N,A,-,N,,,,,,,,,,N,4,0,1,2,A,-,17,21200,A,N,D,G,A,A,H,-,C,D,0,,Y,,,Y,,-,"- ",0,0,1,0,0,0,1,0,0,"- ","- ",,,"SANTA CLARA","SAN JOSE",-121.87401580810547,37.307502746582031
9654689,2023,2024-03-02,4313,2023-12-05,1520,4528,FOOTH,2,5,7,4313,0,0,0,,0,0P4,"NIEMAN BL","CAPITOL EXPWY",10.00,E,N,A,-,N,,,,,,,,,,N,4,0,1,2,A,-,03,22350,,N,-,C,A,A,H,-,A,A,0,,,,,Y,,-,,0,0,1,0,0,0,0,0,0,"- ","- ",,,"SANTA CLARA","SAN JOSE",-121.80781555175781,37.316139221191406
9654693,2023,2024-03-02,4313,2023-12-12,1246,5060,EDWAR,2,5,7,4313,0,0,0,,0,003,"S 2ND ST","SAN CARLOS ST",0.00,,Y,A,-,N,,,,,,,,,,N,4,0,1,2,A,-,12,21455,,N,H,G,A,A,H,-,A,A,0,,Y,,,Y,,L,04,0,0,1,0,0,0,1,0,0,"- ","- ",,,"SANTA CLARA","SAN JOSE",,
9654695,2023,2024-01-22,4313,2023-11-24,2346,4929,DISTR,5,5,7,4313,0,0,0,,0,0C3,"ORLANDO DR","OCALA AV",0.00,,Y,A,-,N,,,,,,,,,,Y,3,0,1,2,A,-,09,21800,A,N,D,C,A,A,H,-,C,D,0,,,,,Y,,A,07,0,1,0,0,0,0,0,0,0,"- ","- ",,,"SANTA CLARA","SAN JOSE",,
9654705,2023,2024-03-02,4313,2023-12-04,1807,4503,X-RAY,1,5,7,4313,0,0,0,,0,003,"SENTER RD","SAN GREGORIO WY",0.00,,Y,A,-,N,,,,,,,,,,N,3,0,1,2,A,-,00,12500,A,N,B,B,B,A,H,-,C,A,0,Y,,,,Y,,-,,0,1,0,0,1,0,0,0,0,"- ","- ",,,"SANTA CLARA","SAN JOSE",,
9654712,2023,2024-01-19,4313,2023-11-25,1934,5029,TOM,6,5,7,4313,0,0,0,,0,0T3,"ALMADEN EX","IRONWOOD DR",0.00,,Y,A,-,N,,,,,,,,,,Y,4,0,2,2,A,-,09,21801,A,N,D,C,A,A,H,-,C,A,0,,,,,Y,,-,,0,0,2,0,0,0,0,0,0,"- ","- ",,,"SANTA CLARA","SAN JOSE",,
9654713,2023,2024-01-22,4313,2023-11-06,"121 ",4917,YELLO,1,5,7,4313,0,0,0,,0,005,"BAILEY AV","MCKEAN RD",2640.00,E,N,B,-,N,,,,,,,,,,Y,3,0,3,1,A,-,03,22350,,N,H,J,A,B,H,-,D,D,0,,,,,Y,,A,01,0,1,2,0,0,0,0,0,0,"- ","- ",,,"SANTA CLARA","SAN JOSE",-121.76158905029297,37.187877655029297
9654719,2023,2024-01-19,4313,2023-11-13,1610,4752,DS,1,5,7,4313,0,0,0,,0,0S2,"BASCOM AV","STOKES AV",200.00,N,N,A,-,N,,,,,,,,,,Y,4,0,1,2,A,-,08,22107,,N,H,C,A,A,H,-,A,D,0,,,,,Y,,-,,0,0,1,0,0,0,0,0,0,"- ","- ",,,"SANTA CLARA","SAN JOSE",-121.93170928955078,37.302040100097656
9655398,2023,2024-02-01,4311,2023-12-18,1247,55788,5416,1,5,5,4311,0,0,0,,0,MV3,"MIDDLEFIELD RD","SAN ANTONIO RD",490.00,E,N,B,-,N,,,,,,,,,,Y,4,0,1,2,A,-,09,21804,A,N,D,C,A,A,H,-,A,D,0,,,,,Y,,D,22,0,0,1,0,0,0,0,0,0,"- ","- ",,,"SANTA CLARA","MOUNTAIN VIEW",-122.10227966308594,37.41571044921875
9655693,2023,2024-01-25,4313,2023-12-18,"119 ",4467,LINCO,1,5,7,4313,0,0,0,,0,0L1,"KEYES ST","KEYES ST 570",0.00,,N,B,-,N,,,,,,,,,,Y,3,0,1,1,A,-,08,22107,,N,E,I,A,B,H,-,C,A,0,,,,,Y,Y,-,,0,1,0,0,0,0,0,0,0,"- ","- ",,,"SANTA CLARA","SAN JOSE",,
9656299,2023,2024-02-16,4311,2023-12-06,1820,53845,5326,3,5,5,4311,0,0,0,,0,MV2,"EL CAMINO REAL","CLARK AV",160.00,E,N,B,-,Y,SCL,4,82,-,-,20.830,H,-,N,N,3,0,1,2,A,-,07,21658,A,N,C,C,A,B,H,-,C,D,0,,,Y,,Y,,A,07,0,1,0,0,0,0,0,0,1,"- ","- ",,,"SANTA CLARA","MOUNTAIN VIEW",-122.09748077392578,37.393890380859375
9656405,2023,2024-03-15,4304,2023-12-18,"57  ",234,4304,1,5,4,4304,0,0,0,,0,003,LEAVESLEY,"RT 101",79.00,W,N,B,-,Y,SCL,4,152,-,M,10.180,H,-,E,,3,0,1,1,A,-,03,22350,,N,E,I,A,B,C,-,C,A,0,,,,,Y,,A,01,0,1,0,0,0,0,0,0,0,"- ",SO,,,"SANTA CLARA",GILROY,-121.56805419921875,37.021804809570312
9656433,2023,2024-02-01,4313,2023-11-10,2335,5139,PAUL,5,5,7,4313,0,0,0,,0,0P1,"LUCRETIA AV","WINIFRED DR",0.00,,N,A,-,N,,,,,,,,,,N,4,0,1,2,A,-,09,21804,A,F,A,C,A,A,H,-,C,A,0,,,,,Y,,A,01,0,0,1,0,0,0,0,0,0,"- ","- ",,,"SANTA CLARA","SAN JOSE",,
9656445,2023,2024-01-26,4313,2023-11-02,1642,4987,SOUTH,4,5,7,4313,0,0,0,,0,0T3,"PINE AV","NEWPORT AV",0.00,,N,A,-,N,,,,,,,,,,N,4,0,1,2,A,-,10,21950,,N,D,B,B,A,H,-,B,D,0,Y,,,,Y,,A,07,0,0,1,0,1,0,0,0,0,"- ","- ",,,"SANTA CLARA","SAN JOSE",,
9656449,2023,2024-02-08,4313,2023-11-07,"905 ",3821,SOUTH,2,5,7,4313,0,0,0,,0,0TS,"CURTNER AV","GUNAR DR",140.00,W,N,A,-,N,,,,,,,,,,Y,4,0,1,2,A,-,09,21804,A,N,D,C,A,A,H,-,A,D,0,,,,,Y,,A,07,0,0,1,0,0,0,0,0,0,"- ","- ",,,"SANTA CLARA","SAN JOSE",-121.92488098144531,37.275180816650391
9656696,2023,2024-03-01,4304,2023-12-30,1747,251,4304,6,5,4,4304,0,0,0,,0,003,"1ST ST","WREN AV",275.00,W,N,A,-,Y,SCL,4,152,-,-,8.570,H,-,E,Y,4,0,3,2,A,-,03,22350,,N,C,C,A,B,H,-,C,D,0,,,,,Y,,A,01,0,0,3,0,0,0,0,0,0,"- ","- ",,,"SANTA CLARA",GILROY,-121.58779144287109,37.013526916503906
9657033,2023,2024-02-08,4311,2023-12-28,2004,57070,5410,4,5,5,4311,0,0,0,,0,MV2,"SHOWERS DR","CALIFORNIA ST",0.00,,Y,A,-,N,,,,,,,,,,N,3,0,1,2,A,-,09,21453,C,N,D,G,A,A,H,-,C,A,0,,Y,,,Y,,-,99,0,1,0,0,0,0,1,0,0,"- ","- ",,,"SANTA CLARA","MOUNTAIN VIEW",,
9657725,2023,2024-08-23,4313,2023-12-21,1828,4846,LINCO,4,5,7,4313,0,0,0,,0,0L4,"TULLY RD","S 10TH ST",200.00,W,N,A,-,N,,,,,,,,,,N,4,0,1,2,A,-,04,21703,,N,C,C,A,A,H,-,B,-,0,,,,,Y,,-,,0,0,1,0,0,0,0,0,0,"- ","- ",,,"SANTA CLARA","SAN JOSE",-121.85199737548828,37.305103302001953
9657731,2023,2024-02-07,4313,2023-12-07,"623 ",4917,LINCO,4,5,7,4313,0,0,0,,0,004,"MONTEREY RD","CURTNER AV",0.00,,Y,A,-,N,,,,,,,,,,Y,4,0,3,2,A,-,08,22100,B,N,H,J,A,B,H,-,A,D,0,,,,,Y,,-,,0,0,3,0,0,0,0,0,0,"- ","- ",,,"SANTA CLARA","SAN JOSE",,
9657733,2023,2024-02-07,4313,2023-12-08,1639,4661,SOUTH,5,5,7,4313,0,0,0,,0,0T2,"FOXWORTHY AV","LEIGH AV",0.00,,Y,A,-,N,,,,,,,,,,Y,3,0,1,2,A,-,09,21801,A,N,A,C,A,A,H,-,A,A,0,,,,,Y,,-,,0,1,0,0,0,0,0,0,0,"- ","- ",,,"SANTA CLARA","SAN JOSE",,
9661082,2023,2024-01-29,4311,2023-11-17,"441 ",54231,5326,5,5,5,4311,0,0,0,,0,MV2,"RENGSTORFF AV","CALIFORNIA ST",257.00,N,N,A,-,N,,,,,,,,,,Y,3,0,1,2,A,-,07,21658,A,F,B,C,A,A,H,-,C,A,0,,,,,Y,,A,01,0,1,0,0,0,0,0,0,0,"- ","- ",,,"SANTA CLARA","MOUNTAIN VIEW",-122.09957885742188,37.399646759033203
9661107,2023,2024-02-02,4313,2023-12-20,1730,4440,DK,3,5,7,4313,0,0,0,,0,0K4,"N 24TH ST","BULLDOG BL",0.00,,Y,A,-,N,,,,,,,,,,N,4,0,1,2,A,-,00,21954,,F,D,B,E,B,H,-,C,A,0,Y,,,,Y,,N,60,0,0,1,0,1,0,0,0,0,"- ","- ",37.205810546875,-121.52127838134766,"SANTA CLARA","SAN JOSE",,
9661373,2023,2024-03-30,4313,2023-11-15,1750,4906,ROBER,3,5,7,4313,0,0,0,,0,001,"E TASMAN DR","MORGRIDGE WY",0.00,,Y,C,-,N,,,,,,,,,,Y,4,0,1,2,A,-,08,22100,,N,D,F,A,B,H,-,C,A,0,,,,,Y,,-,,0,0,1,0,0,0,0,0,0,"- ","- ",,,"SANTA CLARA","SAN JOSE",,
9661374,2023,2024-02-08,4313,2023-11-13,1458,4926,NORA,1,5,7,4313,0,0,0,,0,0N6,"SARATOGA AV & GRAVES AV",SCBLX,39.00,S,N,A,-,N,,,,,,,,,,N,4,0,1,2,A,-,08,22107,,N,C,C,A,A,H,-,A,A,0,,,,,Y,,A,01,0,0,1,0,0,0,0,0,0,"- ","- ",,,"SANTA CLARA","SAN JOSE",-121.98960113525391,37.294200897216797
9661375,2023,2024-02-07,4313,2023-11-17,"955 ",5088,WESTE,5,5,7,4313,0,0,0,,0,0S2,"MERIDIAN AV","CURCI DR",0.00,,Y,A,-,N,,,,,,,,,,Y,3,0,2,3,A,-,05,21460,A,N,A,C,A,A,H,-,A,A,0,,,Y,,Y,,C,02,0,2,0,0,0,0,0,0,1,"- ","- ",,,"SANTA CLARA","SAN JOSE",,